-- phpMyAdmin SQL Dump
-- version 4.0.9
-- http://www.phpmyadmin.net
--
-- Host: localhost
-- Generation Time: Dec 02, 2013 at 01:11 PM
-- Server version: 5.5.34-0ubuntu0.13.04.1
-- PHP Version: 5.4.9-4ubuntu2.3

SET SQL_MODE = "NO_AUTO_VALUE_ON_ZERO";
SET time_zone = "+00:00";


/*!40101 SET @OLD_CHARACTER_SET_CLIENT=@@CHARACTER_SET_CLIENT */;
/*!40101 SET @OLD_CHARACTER_SET_RESULTS=@@CHARACTER_SET_RESULTS */;
/*!40101 SET @OLD_COLLATION_CONNECTION=@@COLLATION_CONNECTION */;
/*!40101 SET NAMES utf8 */;

--
-- Database: `gelvsrm_polaris`
--

-- --------------------------------------------------------

--
-- Table structure for table `ciudad`
--

CREATE TABLE IF NOT EXISTS `ciudad` (
  `id_ciudad` smallint(5) unsigned NOT NULL AUTO_INCREMENT,
  `id_provincia` smallint(5) unsigned NOT NULL,
  `nombre` varchar(100) DEFAULT NULL,
  PRIMARY KEY (`id_ciudad`),
  KEY `fk_ciudad_provincia` (`id_provincia`)
) ENGINE=InnoDB  DEFAULT CHARSET=latin1 COMMENT='Entidad encargada de registrar, ciudades del Ecuador guarda una relacion \n		con la provincia a la que corresponde, en caso de no tener una ciudad en\n		la lista de ciudades, se crea una nueva permitiendole al usuario ingresarla' AUTO_INCREMENT=230 ;

--
-- Dumping data for table `ciudad`
--

INSERT INTO `ciudad` (`id_ciudad`, `id_provincia`, `nombre`) VALUES
(1, 7, 'San Lorenzo'),
(2, 7, 'Eloy Alfaro'),
(3, 7, 'Río Verde'),
(4, 7, 'Esmeraldas'),
(5, 7, 'Atacames'),
(6, 7, 'Quinindé'),
(7, 4, 'Tulcán'),
(8, 4, 'Mira'),
(9, 4, 'Espejo'),
(10, 4, 'Montúfar'),
(11, 4, 'San Pedro de Huaca'),
(12, 4, 'Bolívar-Carchi'),
(13, 11, 'Ibarra'),
(14, 11, 'San Miguel de Urcuquí'),
(15, 11, 'Cotacachi'),
(16, 11, 'Antonio Ante'),
(17, 11, 'Otavalo'),
(18, 11, 'Pimampiro'),
(19, 22, 'Sucumbios'),
(20, 22, 'Gonzalo Pizarro'),
(21, 22, 'Cascales'),
(22, 22, 'Lago Agrio'),
(23, 22, 'Putumayo'),
(24, 22, 'Cuyabeno'),
(25, 22, 'Shushufindi'),
(26, 14, 'Pedernales'),
(27, 14, 'Chone'),
(28, 14, 'Flavio Alfaro'),
(29, 14, 'El Carmen'),
(30, 14, 'Jama'),
(31, 14, 'San Vicente'),
(32, 14, 'Sucre'),
(33, 14, 'Tosagua'),
(34, 14, 'Rocafuerte'),
(35, 14, 'Junín'),
(36, 14, 'Bolívar (Manabí)'),
(37, 14, 'Pichincha'),
(38, 14, 'Portoviejo'),
(39, 14, 'Jaramijó'),
(40, 14, 'Manta'),
(41, 14, 'Montecristi'),
(42, 14, 'Santa Ana'),
(43, 14, 'Jipijapa'),
(44, 14, 'Veinticuatro de Mayo'),
(45, 14, 'Olmedo (Manabí)'),
(46, 14, 'Puerto López'),
(47, 14, 'Paján'),
(48, 21, 'La Concordia'),
(49, 21, 'Santo Domingo'),
(50, 19, 'Puerto Quito'),
(51, 19, 'Pedro Vicente Maldonado'),
(52, 19, 'San Miguel de Los Bancos'),
(53, 19, 'Quito'),
(54, 19, 'Pedro Moncayo'),
(55, 19, 'Cayambe'),
(56, 19, 'Rumiñahui'),
(57, 19, 'Mejía'),
(58, 16, 'El Chaco'),
(59, 16, 'Archidona'),
(60, 16, 'Tena'),
(61, 17, 'Loreto'),
(62, 17, 'Francisco de Orellana'),
(63, 17, 'La Joya de los Sachas'),
(64, 17, 'Orellana'),
(65, 18, 'Mera'),
(66, 18, 'Pastaza'),
(67, 13, 'Buena Fe'),
(68, 13, 'Valencia'),
(69, 13, 'Quevedo'),
(70, 13, 'Quinsaloma'),
(71, 13, 'Palenque'),
(72, 13, 'Mocache'),
(73, 13, 'Ventanas'),
(74, 13, 'Vinces'),
(75, 13, 'Baba'),
(76, 13, 'Puebloviejo'),
(77, 13, 'Urdaneta'),
(78, 13, 'Babahoyo'),
(79, 13, 'Montalvo'),
(80, 6, 'Sigchos'),
(81, 6, 'La Maná'),
(82, 6, 'Latacunga'),
(83, 6, 'Saquisilí'),
(84, 6, 'Pujilí'),
(85, 6, 'Pangua'),
(86, 6, 'Salcedo'),
(87, 2, 'Guaranda'),
(88, 2, 'Echeandía'),
(89, 2, 'Caluma'),
(90, 2, 'Chimbo'),
(91, 2, 'Chillanes'),
(92, 23, 'Ambato'),
(93, 23, 'Píllaro'),
(94, 23, 'Patate'),
(95, 23, 'Baños'),
(96, 23, 'Pelileo'),
(97, 23, 'Cevallos'),
(98, 23, 'Tisaleo'),
(99, 23, 'Mocha'),
(100, 23, 'Quero'),
(101, 5, 'Guano'),
(102, 5, 'Riobamba'),
(103, 5, 'Penipe'),
(104, 5, 'Colta'),
(105, 5, 'Chambo'),
(106, 5, 'Pallatanga'),
(107, 5, 'Guamote'),
(108, 5, 'Alausí'),
(109, 5, 'Cumandá'),
(110, 5, 'Chunchi'),
(111, 15, 'Palora'),
(112, 15, 'Huamboya'),
(113, 15, 'Morona'),
(114, 15, 'Taisha'),
(115, 15, 'Sucúa'),
(116, 15, 'Santiago'),
(117, 15, 'Tiwintza'),
(118, 15, 'Limón Indanza'),
(119, 15, 'Gualaquiza'),
(120, 10, 'El Empalme'),
(121, 10, 'Balzar'),
(122, 10, 'Colimes'),
(123, 10, 'Palestina'),
(124, 10, 'Santa Lucía'),
(125, 10, 'Pedro Carbo'),
(126, 10, 'Isidro Ayora'),
(127, 10, 'Lomas de Sargentillo'),
(128, 10, 'Nobol'),
(129, 10, 'Daule'),
(130, 10, 'Salitre'),
(131, 10, 'Samborondón'),
(132, 10, 'Yaguachi'),
(133, 10, 'Alfredo Baquerizo Moreno'),
(134, 10, 'Milagro'),
(135, 10, 'Simón Bolívar'),
(136, 10, 'Naranjito'),
(137, 10, 'General Antonio Elizalde'),
(138, 10, 'Coronel Marcelino Maridueña'),
(139, 10, 'El Triunfo'),
(140, 10, 'Durán'),
(141, 10, 'Guayaquil'),
(142, 10, 'Playas'),
(143, 10, 'Naranjal'),
(144, 10, 'Balao'),
(145, 20, 'Santa Elena'),
(146, 20, 'La Libertad'),
(147, 20, 'Cantón Salinas'),
(148, 3, 'La Troncal'),
(149, 3, 'Cañar'),
(150, 3, 'El Tambo'),
(151, 3, 'Azogues'),
(152, 3, 'Biblián'),
(153, 3, 'Déleg'),
(154, 1, 'Paute'),
(155, 1, 'Gualaceo'),
(156, 1, 'Chordeleg'),
(157, 1, 'Sígsig'),
(158, 1, 'Cuenca'),
(159, 1, 'Santa Isabel'),
(160, 1, 'Pucará'),
(161, 1, 'Camilo Ponce Enríquez'),
(162, 1, 'Girón'),
(163, 1, 'Nabón'),
(164, 1, 'Oña'),
(165, 8, 'El Guabo'),
(166, 8, 'Machala'),
(167, 8, 'Pasaje'),
(168, 8, 'Zaruma'),
(169, 8, 'Santa Rosa'),
(170, 8, 'Arenillas'),
(171, 8, 'Huaquillas'),
(172, 8, 'Balsas'),
(173, 8, 'Piñas'),
(174, 8, 'Portovelo'),
(175, 12, 'Saraguro'),
(176, 12, 'Loja'),
(177, 12, 'Chaguarpamba'),
(178, 12, 'Catamayo'),
(179, 12, 'Paltas'),
(180, 12, 'Puyango'),
(181, 12, 'Pindal'),
(182, 12, 'Celica'),
(183, 12, 'Zapotillo'),
(184, 12, 'Macará'),
(185, 12, 'Sozoranga'),
(186, 12, 'Calvas'),
(187, 12, 'Gonzanamá'),
(188, 12, 'Espíndola'),
(189, 24, 'Yantzaza'),
(190, 24, 'El Pangui'),
(191, 24, 'Zamora'),
(192, 24, 'Palanda'),
(193, 24, 'Chinchipe'),
(194, 9, 'San Cristóbal'),
(195, 9, 'Santa Cruz'),
(196, 6, 'Guangaje'),
(197, 23, 'Quisapincha'),
(198, 6, 'El Corazon'),
(199, 6, 'La Esperanza'),
(200, 3, 'Gualletoño'),
(201, 2, 'Guaranda-Salinas'),
(202, 23, 'El Triunfo Tungurahua'),
(203, 6, 'Pujilí La Victoria'),
(204, 6, 'Canchagua'),
(205, 6, 'Cusubamba'),
(206, 6, 'Mulalillo'),
(207, 2, 'San Pablo'),
(208, 6, 'Mulliquindil'),
(209, 6, 'Tanicuchi'),
(210, 6, 'Moraspungo'),
(211, 6, 'Palo Quemado'),
(212, 6, 'Lasso'),
(213, 6, 'Las Pampas'),
(214, 6, 'José Guango Bajo'),
(215, 23, 'Pilahuín'),
(216, 23, 'Yanayacu'),
(217, 23, 'Quinchicoto'),
(218, 3, 'General Maizales'),
(219, 3, 'Parroquia Gualletoro'),
(220, 3, 'Picalpato'),
(221, 3, 'Suscal'),
(222, 2, 'Salinas'),
(223, 23, 'Montalvo Tungurahua'),
(224, 6, 'Alaquez'),
(225, 6, 'Pilalo'),
(226, 6, 'Belizario Quevedo'),
(227, 6, 'Angamarca'),
(228, 6, 'La Victoria'),
(229, 5, 'Tixan');

-- --------------------------------------------------------

--
-- Stand-in structure for view `ciudades`
--
CREATE TABLE IF NOT EXISTS `ciudades` (
`Cuidad` varchar(100)
,`Provincia` varchar(100)
);
-- --------------------------------------------------------

--
-- Table structure for table `cliente`
--

CREATE TABLE IF NOT EXISTS `cliente` (
  `id_cliente` char(13) NOT NULL,
  `id_contacto` smallint(5) unsigned DEFAULT NULL,
  `id_ciudad` smallint(5) unsigned DEFAULT NULL,
  `nombre` varchar(200) NOT NULL,
  `direccion` varchar(600) NOT NULL,
  `telefono` varchar(15) NOT NULL,
  `fax` varchar(15) DEFAULT NULL,
  `mail` varchar(100) DEFAULT NULL,
  `notas` mediumtext,
  `registro` timestamp NOT NULL DEFAULT CURRENT_TIMESTAMP ON UPDATE CURRENT_TIMESTAMP,
  PRIMARY KEY (`id_cliente`),
  KEY `fk_cliente_contacto` (`id_contacto`),
  KEY `fk_cliente_ciudad` (`id_ciudad`)
) ENGINE=InnoDB DEFAULT CHARSET=latin1 COMMENT='Entidad encargada de registrar a los cliente\n				se sugiere que el telefono sea de la persona encargada \n				de la facturacio';

--
-- Dumping data for table `cliente`
--

INSERT INTO `cliente` (`id_cliente`, `id_contacto`, `id_ciudad`, `nombre`, `direccion`, `telefono`, `fax`, `mail`, `notas`, `registro`) VALUES
('0360015690001', NULL, 149, 'Dirección Provincial Agropecuaria Del Cañar', 'Andres F, Cordoba Sn Y Humberto Rodrguez Edf Shopin Jerez 2do Piso', '07-2842139', NULL, NULL, NULL, '2013-10-19 01:42:35'),
('0560022430001', 3, 82, ' Director Tecnico Area De Cotopaxi', 'Av Atahualpa Y Zamora', '03-2812808', NULL, NULL, NULL, '2013-10-28 22:54:26'),
('0660819660001', 5, 102, 'Dirección Provincial Agropecuaria De Chimborazo', 'Av 9 De Octubre Junto A La Quinta Macaji', '03-2610035', '03-2610043', NULL, NULL, '2013-10-21 23:29:45'),
('160023480001', NULL, 151, 'Dirrecion Provincial Agropecuaria Del Azuay', 'Vega Muños 2-40 Y Tomas Ordoñes - Cuenca', '07-2843550', NULL, NULL, NULL, '2013-10-02 02:50:52'),
('1865012760001', NULL, 92, 'Dirección Provincial Agropecuaria De TunguraguaRN', 'Centro Comercial Ambato Bloque Nro 2 Av. 12 De Noviembre Y Mariano Wgues', '03-2823900 / 03', NULL, NULL, NULL, '2013-10-02 04:22:12'),
('260004750001', NULL, 87, 'Direccion Provincial Agropecuaria De Bolivar', 'Guaranda, Av. Circunvalacion S/N Y Ambato', '03-2981818', NULL, NULL, NULL, '2013-10-02 03:13:45');

-- --------------------------------------------------------

--
-- Table structure for table `compra`
--

CREATE TABLE IF NOT EXISTS `compra` (
  `id_compra` smallint(5) unsigned NOT NULL,
  `id_inventario` smallint(5) unsigned NOT NULL,
  `id_proveedor` varchar(13) NOT NULL,
  `nro_factura` varchar(12) NOT NULL,
  `fecha` datetime NOT NULL,
  `cantidad` smallint(5) unsigned NOT NULL,
  `costo` decimal(5,2) DEFAULT NULL COMMENT 'costo por unidad',
  `notas` mediumtext,
  `registro` timestamp NOT NULL DEFAULT CURRENT_TIMESTAMP ON UPDATE CURRENT_TIMESTAMP,
  PRIMARY KEY (`id_compra`),
  KEY `fk_compra_inventario` (`id_inventario`),
  KEY `fk_compra_proveedor` (`id_proveedor`)
) ENGINE=InnoDB DEFAULT CHARSET=latin1 COMMENT='Entidad encargada de manejar la entrada de stock al inventario\n				las unidades de los productos son las mimas que el detalle del inventario';

-- --------------------------------------------------------

--
-- Table structure for table `contacto`
--

CREATE TABLE IF NOT EXISTS `contacto` (
  `id_contacto` smallint(5) unsigned NOT NULL AUTO_INCREMENT,
  `id_ciudad` smallint(5) unsigned DEFAULT NULL,
  `nombre` varchar(50) NOT NULL,
  `telefono` varchar(15) DEFAULT NULL,
  `celular` varchar(15) DEFAULT NULL,
  `email` varchar(100) DEFAULT NULL,
  `notas` mediumtext,
  `registro` timestamp NOT NULL DEFAULT CURRENT_TIMESTAMP ON UPDATE CURRENT_TIMESTAMP,
  PRIMARY KEY (`id_contacto`),
  KEY `fk_contacto_ciudad` (`id_ciudad`)
) ENGINE=InnoDB  DEFAULT CHARSET=latin1 COMMENT='Entidad encargada de registrar los contactos de la base de datos\n		Estos contactos son luego referenciados a las entidades que lo requieran,\n		debe tener un registro cero' AUTO_INCREMENT=6 ;

--
-- Dumping data for table `contacto`
--

INSERT INTO `contacto` (`id_contacto`, `id_ciudad`, `nombre`, `telefono`, `celular`, `email`, `notas`, `registro`) VALUES
(1, 87, 'ING. Luis Rivera Guerra', '03-2981818', '09-7455567', NULL, NULL, '2013-10-02 02:48:32'),
(2, 82, 'ING.  Franklin Pilatasig Molina', '03-2812986', '095883022', NULL, NULL, '2013-10-02 03:03:30'),
(3, 82, 'ING. Javier Moya', '03-2812808', '0969050433', 'jmoya@magap.gob.ec', NULL, '2013-10-21 23:21:01'),
(4, 92, 'Dr. Jorge Cifuentes Carrión', '03-2827383', NULL, 'jcifuentes@magap.gob.ec', 'Ext 108', '2013-10-19 02:02:03'),
(5, 102, 'Ing. Bolivar Garrido', '03-2610035', NULL, NULL, 'Ext: ', '2013-10-21 23:29:10');

-- --------------------------------------------------------

--
-- Table structure for table `factura`
--

CREATE TABLE IF NOT EXISTS `factura` (
  `id_factura` int(11) NOT NULL,
  `id_cliente` char(13) NOT NULL,
  `id_contacto` smallint(5) unsigned DEFAULT NULL,
  `fecha` date NOT NULL,
  `fecha_envio` date NOT NULL,
  `guia_envio` varchar(50) DEFAULT NULL,
  `servicio_envio` varchar(80) NOT NULL,
  `estado` varchar(50) NOT NULL,
  `archivo` varchar(200) DEFAULT NULL,
  `notas` mediumtext,
  `registro` timestamp NOT NULL DEFAULT CURRENT_TIMESTAMP ON UPDATE CURRENT_TIMESTAMP,
  PRIMARY KEY (`id_factura`),
  KEY `fk_factura_cliente` (`id_cliente`),
  KEY `fk_factura_contacto` (`id_contacto`)
) ENGINE=InnoDB DEFAULT CHARSET=latin1 COMMENT='Entidad encargada de registrar las facturación, se implementa una ruta\n		al archivo del escaneado de la factura';

-- --------------------------------------------------------

--
-- Table structure for table `factura_detalle`
--

CREATE TABLE IF NOT EXISTS `factura_detalle` (
  `id_factura` int(11) NOT NULL,
  `id_mantenimiento` smallint(5) unsigned NOT NULL DEFAULT '0',
  `id_reparacion` smallint(5) unsigned NOT NULL DEFAULT '0',
  `registro` timestamp NOT NULL DEFAULT CURRENT_TIMESTAMP ON UPDATE CURRENT_TIMESTAMP,
  PRIMARY KEY (`id_factura`,`id_mantenimiento`,`id_reparacion`),
  KEY `fk_factura_detalle_mantenimiento` (`id_mantenimiento`),
  KEY `fk_factura_detalle_reparacion` (`id_reparacion`)
) ENGINE=InnoDB DEFAULT CHARSET=latin1 COMMENT='Entidad que registra los detalles de la facturacio se entiende por detalle\n				los vehiculos a los que se le realizaron mantenimiento, un mantenimiento no\n				se factura más de una vez, para poder controlar esto se obliga a que un campo de la clave\n				primaria sea cero los dos campos no deben tener un valor diferente de cero los dos a la\n				vez ya que la restriccion registra un mantenimiento o una reparación';

-- --------------------------------------------------------

--
-- Table structure for table `gastos_viaje`
--

CREATE TABLE IF NOT EXISTS `gastos_viaje` (
  `id_viaje` smallint(5) unsigned NOT NULL,
  `nro_factura` varchar(20) NOT NULL,
  `fecha` date NOT NULL,
  `detalle` varchar(300) NOT NULL,
  `valor` decimal(4,2) NOT NULL,
  `tipo` varchar(45) DEFAULT NULL,
  `registro` timestamp NOT NULL DEFAULT CURRENT_TIMESTAMP,
  PRIMARY KEY (`id_viaje`,`nro_factura`,`valor`)
) ENGINE=InnoDB DEFAULT CHARSET=latin1 COMMENT='Se registran los gastos de los viajes, en esta entidad se graban los \n		gastos realizados para cada viaje, se registran los datos de las facturas de acuerdo\n		al formato que se tiene en gastos de viajes en la carpeta polaris de dropbox';

--
-- Dumping data for table `gastos_viaje`
--

INSERT INTO `gastos_viaje` (`id_viaje`, `nro_factura`, `fecha`, `detalle`, `valor`, `tipo`, `registro`) VALUES
(1, 'S/N', '2013-07-22', 'Resgistro de gastos viaje se compra herramientas hexagonales y materiales', 99.99, 'Varios', '2013-10-26 02:14:17'),
(2, '1171684', '2013-08-23', 'Peaje', 1.00, 'Peaje', '2013-10-26 02:11:52'),
(2, '126', '2013-08-21', 'Recarga celular', 6.00, 'Recarga', '2013-10-26 02:11:52'),
(2, '1283281', '2013-08-21', 'Peaje', 1.00, 'Peaje', '2013-10-26 02:11:52'),
(2, '1315165', '2013-08-23', 'Peaje', 1.00, 'Peaje', '2013-10-26 02:11:52'),
(2, '135', '2013-08-22', 'Alimentacion', 11.50, 'Alimentacion', '2013-10-26 02:11:52'),
(2, '1475', '2013-08-23', 'Materiales', 9.85, 'Material', '2013-10-26 02:11:52'),
(2, '1528903', '2013-08-21', 'Peaje', 1.00, 'Peaje', '2013-10-26 02:11:52'),
(2, '1551', '2013-08-23', 'Alimentacion', 6.00, 'Alimentacion', '2013-10-26 02:11:52'),
(2, '16416', '2013-08-21', 'Alimentacion', 17.92, 'Alimentacion', '2013-10-26 02:11:52'),
(2, '16417', '2013-08-21', 'Hospedaje', 30.00, 'Hospedaje', '2013-10-26 02:11:52'),
(2, '16418', '2013-08-22', 'Alimentacion', 10.08, 'Alimentacion', '2013-10-26 02:11:52'),
(2, '16462', '2013-08-22', 'Alimentacion', 6.25, 'Alimentacion', '2013-10-26 02:11:52'),
(2, '1840701', '2013-08-20', 'Peaje', 0.39, 'Peaje', '2013-10-26 02:11:52'),
(2, '18890', '2013-08-21', 'Gasolina Super', 14.00, 'Conbustible', '2013-10-26 02:11:52'),
(2, '2069104', '2013-08-21', 'Peaje', 1.00, 'Peaje', '2013-10-26 02:11:52'),
(2, '38', '2013-08-22', 'Brochas Nro. 4', 3.60, 'Material', '2013-10-26 02:11:52'),
(2, '457877', '2013-08-20', 'Gasolina Super', 14.00, 'Conbustible', '2013-10-26 02:11:52'),
(2, '4751769', '2013-08-21', 'Peaje', 0.39, 'Peaje', '2013-10-26 02:11:52'),
(2, '4752147', '2013-08-23', 'Peaje', 0.39, 'Peaje', '2013-10-26 02:11:52'),
(2, '48728', '2013-08-23', 'Gasolina Super', 10.00, 'Conbustible', '2013-10-26 02:11:52'),
(2, '60376', '2013-08-23', 'Gasolina Super', 5.00, 'Conbustible', '2013-10-26 02:11:52'),
(2, '753', '2013-08-22', 'Hospedaje', 17.92, 'Hospedaje', '2013-10-26 02:11:52'),
(2, '9', '2013-08-21', 'Alimentacion', 5.50, 'Alimentacion', '2013-10-26 02:11:52'),
(2, '937427', '2013-08-23', 'Peaje', 1.00, 'Peaje', '2013-10-26 02:11:52'),
(2, 'S/N', '2013-08-23', 'Gaseosas', 5.35, 'Alimentacion', '2013-10-26 02:11:52'),
(2, 'S/N', '2013-08-20', 'Recarga celular', 6.00, 'Recarga', '2013-10-26 02:11:52'),
(2, 'S/N', '2013-08-23', 'Alimentacion', 8.00, 'Alimentacion', '2013-10-26 02:11:52'),
(2, 'S/N', '2013-08-23', 'Alimentacion', 11.50, 'Alimentacion', '2013-10-26 02:11:52'),
(3, '1240', '3012-08-26', 'Liquido de freno', 4.00, 'Material', '2013-10-26 02:11:52'),
(3, '1578', '2013-08-26', 'Alimentacion', 4.48, 'Alimentacion', '2013-10-26 02:11:52'),
(3, '1711237', '2013-08-26', 'Peaje', 1.00, 'Peaje', '2013-10-26 02:11:52'),
(3, '1721999', '2013-08-27', 'Peaje', 1.00, 'Peaje', '2013-10-26 02:11:52'),
(3, '18514', '2013-08-26', 'Gasolina Super', 10.00, 'Conbustible', '2013-10-26 02:11:52'),
(3, '1889688', '2013-08-27', 'Peaje', 1.00, 'Peaje', '2013-10-26 02:11:52'),
(3, '251156', '2013-08-27', 'Gasolina Super', 13.00, 'Conbustible', '2013-10-26 02:11:52'),
(3, '49', '2013-08-27', 'Alimentacion', 4.00, 'Alimentacion', '2013-10-26 02:11:52'),
(3, '967331', '2013-08-26', 'Peaje', 1.00, 'Peaje', '2013-10-26 02:11:52'),
(3, 'S/N', '2013-08-27', 'Taxi', 2.00, 'Varios', '2013-10-26 02:11:52'),
(3, 'S/N', '2013-08-27', 'Recarga Celular', 3.00, 'Alimentacion', '2013-10-26 02:11:52'),
(4, 'S/N', '2013-08-09', 'Registro de gastos primer viaje, falta detalle por no llevar control', 50.00, 'Varios', '2013-10-26 02:14:17'),
(5, '149400', '2013-09-09', 'Gasolina Super', 12.50, 'Conbustible', '2013-10-26 02:11:52'),
(5, '150008', '2013-09-11', 'Gasolina Super', 5.00, 'Conbustible', '2013-10-26 02:11:52'),
(5, '16184', '2013-09-10', 'Alimentacion', 10.40, 'Alimentacion', '2013-10-26 02:11:52'),
(5, '1935382', '2013-09-10', 'Peaje', 1.00, 'Peaje', '2013-10-26 02:11:52'),
(5, '21', '2013-09-10', 'Recarga Celular', 3.00, 'Recarga', '2013-10-26 02:11:52'),
(5, '2138953', '2013-09-10', 'Peaje', 1.00, 'Peaje', '2013-10-26 02:11:52'),
(5, '308775', '2013-09-11', 'Peaje', 0.39, 'Peaje', '2013-10-26 02:11:52'),
(5, '5626915', '2013-09-10', 'Peaje', 0.39, 'Peaje', '2013-10-26 02:11:52'),
(5, '6227317', '2013-09-10', 'Peaje', 0.39, 'Peaje', '2013-10-26 02:11:52'),
(5, '8532361', '2013-09-10', 'Peaje', 0.39, 'Peaje', '2013-10-26 02:11:52'),
(5, 'S/N ', '2013-09-10', 'Alimentacion', 4.30, 'Alimentacion', '2013-10-26 02:11:52'),
(6, '10375', '2013-09-17', 'Alimentacion', 9.50, 'Alimentacion', '2013-10-26 02:11:52'),
(6, '10794', '2013-09-20', 'Hospedaje', 24.00, 'Hospedaje', '2013-10-26 02:11:52'),
(6, '1428352', '2013-09-17', 'Peaje', 1.00, 'Peaje', '2013-10-26 02:11:52'),
(6, '1464', '2013-09-20', 'Alimentacion', 8.50, 'Alimentacion', '2013-10-26 02:11:52'),
(6, '1465', '2013-09-20', 'Alimentacion', 8.00, 'Alimentacion', '2013-10-26 02:11:52'),
(6, '1534339', '2013-09-20', 'Peaje', 1.00, 'Peaje', '2013-10-26 02:11:52'),
(6, '1646385', '2013-09-17', 'Peaje', 1.00, 'Peaje', '2013-10-26 02:11:52'),
(6, '298105', '2013-09-20', 'Gasolina Extra', 10.00, 'Conbustible', '2013-10-26 02:11:52'),
(6, '3933', '2013-09-17', 'Hospedaje', 28.00, 'Conbustible', '2013-10-26 02:11:52'),
(6, '397932', '2013-09-16', 'Gasolina Extra', 14.00, 'Conbustible', '2013-10-26 02:11:52'),
(6, '4032', '2013-09-17', 'Alimentacion', 9.00, 'Alimentacion', '2013-10-26 02:11:52'),
(6, '406094', '2013-09-17', 'Gasolina Extra', 9.00, 'Conbustible', '2013-10-26 02:11:52'),
(6, '47248', '2013-09-19', 'Gasolina Extra', 12.00, 'Conbustible', '2013-10-26 02:11:52'),
(6, '4733', '2013-09-17', 'Alimentacion', 9.00, 'Alimentacion', '2013-10-26 02:11:52'),
(6, '4899', '2013-09-18', 'Alimentacion', 9.40, 'Alimentacion', '2013-10-26 02:11:52'),
(6, '5665948', '2013-09-20', 'Peaje', 0.39, 'Peaje', '2013-10-26 02:11:52'),
(6, '6352', '2013-09-18', 'Alimentacion', 6.30, 'Alimentacion', '2013-10-26 02:11:52'),
(6, '6353', '2013-09-18', 'Alimentacion', 6.30, 'Alimentacion', '2013-10-26 02:11:52'),
(6, '663', '2013-09-19', 'Alimentacion', 8.25, 'Alimentacion', '2013-10-26 02:11:52'),
(6, '8569075', '2013-09-17', 'Peaje', 0.39, 'Peaje', '2013-10-26 02:11:52'),
(6, '90949', '2013-09-17', 'Parqueo', 0.40, 'Varios', '2013-10-26 02:11:52'),
(6, '9865', '2013-09-18', 'Hospedaje', 20.00, 'Hospedaje', '2013-10-26 02:11:52'),
(6, '9866', '2013-09-18', 'Alimentacion', 10.50, 'Alimentacion', '2013-10-26 02:11:52'),
(6, '99388', '2013-09-17', 'Parqueo', 4.60, 'Varios', '2013-10-26 02:11:52'),
(6, 'S/N', '2013-09-20', 'Gastos Varios', 7.50, 'Varios', '2013-10-26 02:11:52'),
(7, '1093', '2013-10-02', 'Recarga Telefono', 10.00, 'Recarga', '2013-10-26 02:11:52'),
(7, '111695', '2013-10-04', 'Material de Trabajo', 4.80, 'Material', '2013-10-26 02:11:52'),
(7, '111710', '2013-10-04', 'Material de Trabajo', 5.33, 'Material', '2013-10-26 02:11:52'),
(7, '117922', '2013-10-02', 'Gasolina', 14.00, 'Conbustible', '2013-10-26 02:11:52'),
(7, '12.49', '2013-10-03', 'Alimentacion', 6.40, 'Alimentacion', '2013-10-26 02:11:52'),
(7, '1242', '2013-10-03', 'Alimentacion', 6.00, 'Alimentacion', '2013-10-26 02:11:52'),
(7, '129984', '2013-10-04', 'Gasolina', 10.00, 'Conbustible', '2013-10-26 02:11:52'),
(7, '1368345', '2013-10-02', 'Peaje', 1.00, 'Peaje', '2013-10-26 02:11:52'),
(7, '1383092', '2013-10-04', 'Peaje', 1.00, 'Peaje', '2013-10-26 02:11:52'),
(7, '1611891', '2013-10-05', 'Gasolina', 5.00, 'Conbustible', '2013-10-26 02:11:52'),
(7, '1806520', '2013-10-02', 'Peaje', 1.00, 'Peaje', '2013-10-26 02:11:52'),
(7, '1830360', '2013-10-05', 'Peaje', 1.00, 'Peaje', '2013-10-26 02:11:52'),
(7, '185', '2013-10-04', 'Alimentacion', 7.00, 'Alimentacion', '2013-10-26 02:11:52'),
(7, '186', '2013-10-04', 'Alimentacion', 7.50, 'Alimentacion', '2013-10-26 02:11:52'),
(7, '1867609', '2013-10-05', 'Peaje', 1.00, 'Peaje', '2013-10-26 02:11:52'),
(7, '1976', '2013-10-02', 'Alimentacion', 6.50, 'Alimentacion', '2013-10-26 02:11:52'),
(7, '1977', '2013-10-02', 'Alimentacion', 6.00, 'Alimentacion', '2013-10-26 02:11:52'),
(7, '2017526', '2013-10-05', 'Peaje', 0.39, 'Peaje', '2013-10-26 02:11:52'),
(7, '21017', '2013-10-02', 'Material de Trabajo', 14.95, 'Material', '2013-10-26 02:11:52'),
(7, '348243', '2013-10-02', 'Peaje', 0.39, 'Peaje', '2013-10-26 02:11:52'),
(7, '4216', '2013-10-02', 'Hospedaje', 24.00, 'Hospedaje', '2013-10-26 02:11:52'),
(7, '4219', '2013-10-03', 'Hospedaje', 24.00, 'Hospedaje', '2013-10-26 02:11:52'),
(7, '4563', '2013-10-05', 'Material de Trabajo', 27.00, 'Material', '2013-10-26 02:11:52'),
(7, '6325088', '2013-10-01', 'Peaje', 0.39, 'Peaje', '2013-10-26 02:11:52'),
(7, '6815', '2013-10-02', 'Material de Trabajo', 2.00, 'Material', '2013-10-26 02:11:52'),
(7, '692708', '2013-10-05', 'Peaje', 1.00, 'Peaje', '2013-10-26 02:11:52'),
(7, '71481', '2013-10-01', 'Gasolina', 13.00, 'Conbustible', '2013-10-26 02:11:52'),
(7, '7610', '2013-10-05', 'Alimentacion', 19.45, 'Alimentacion', '2013-10-26 02:11:52'),
(7, '99', '2013-10-03', 'Alimentacion', 11.80, 'Alimentacion', '2013-10-26 02:11:52'),
(7, 'S/N', '2013-10-05', 'Material de Trabajo', 4.00, 'Material', '2013-10-26 02:11:52'),
(7, 'S/N', '2013-10-04', 'Alimentacion', 6.00, 'Alimentacion', '2013-10-26 02:11:52'),
(7, 'SN', '2013-10-02', 'Alimentacion', 10.25, 'Alimentacion', '2013-10-26 02:11:52'),
(8, '100043', '2013-10-18', 'parqueadero', 5.00, 'Varios', '2013-10-26 02:11:52'),
(8, '1058551', '2013-10-18', 'peaje', 1.00, 'Peaje', '2013-10-26 02:11:52'),
(8, '10681', '2013-10-18', 'Alimentacion', 4.02, 'Alimentacion', '2013-10-26 02:11:52'),
(8, '1113335412', '2013-10-14', 'Peaje', 0.39, 'Peaje', '2013-10-26 02:11:52'),
(8, '13457', '2013-10-18', 'Gasolina', 5.00, 'Conbustible', '2013-10-26 02:11:52'),
(8, '16486', '2013-10-14', 'Alimentacion', 9.40, 'Alimentacion', '2013-10-26 02:11:52'),
(8, '1665349', '2013-10-18', 'peaje', 1.00, 'Peaje', '2013-10-26 02:11:52'),
(8, '16683', '2013-10-15', 'guaypes', 5.00, 'Material', '2013-10-26 02:11:52'),
(8, '1676328', '2013-10-14', 'peaje', 1.00, 'Peaje', '2013-10-26 02:11:52'),
(8, '1840940', '2013-10-14', 'Peaje', 1.00, 'Peaje', '2013-10-26 02:11:52'),
(8, '199960', '2013-10-17', 'Gasolina', 10.00, 'Conbustible', '2013-10-26 02:11:52'),
(8, '20046', '2013-10-15', 'Gasolina', 9.00, 'Conbustible', '2013-10-26 02:11:52'),
(8, '222', '2013-10-17', 'alimentacion', 6.50, 'Alimentacion', '2013-10-26 02:11:52'),
(8, '223', '2013-10-17', 'alimentacion', 6.15, 'Alimentacion', '2013-10-26 02:11:52'),
(8, '2833', '2013-10-15', 'alimentacion     ', 4.50, 'Alimentacion', '2013-10-26 02:11:52'),
(8, '2837', '2013-10-15', 'alimentacion ', 7.50, 'Alimentacion', '2013-10-26 02:11:52'),
(8, '2839', '2013-10-16', 'alimentacion ', 4.50, 'Alimentacion', '2013-10-26 02:11:52'),
(8, '29458', '2013-10-14', 'Gasolina', 13.00, 'Conbustible', '2013-10-26 02:11:52'),
(8, '3007', '2013-10-15', 'alimentacion ', 6.65, 'Alimentacion', '2013-10-26 02:11:52'),
(8, '3008', '2013-10-15', 'alimentacion', 6.65, 'Alimentacion', '2013-10-26 02:11:52'),
(8, '3782', '2013-10-16', 'hospedaje', 22.40, 'Hospedaje', '2013-10-26 02:11:52'),
(8, '3961', '2013-10-17', 'hospedaje', 44.80, 'Hospedaje', '2013-10-26 02:11:52'),
(8, '42', '2013-10-17', 'alimentacion', 6.25, 'Alimentacion', '2013-10-26 02:11:52'),
(8, '427', '2013-10-16', 'alimentacion', 4.00, 'Alimentacion', '2013-10-26 02:11:52'),
(8, '550', '2013-10-14', 'alimentacion', 6.44, 'Alimentacion', '2013-10-26 02:11:52'),
(8, '6391807', '2013-10-18', 'peaje', 0.39, 'Peaje', '2013-10-26 02:11:52'),
(8, '7426', '2013-10-15', 'hospedaje', 13.44, 'Hospedaje', '2013-10-26 02:11:52'),
(8, '7427', '2013-10-15', 'hospedaje ', 13.44, 'Hospedaje', '2013-10-26 02:11:52'),
(8, '7436', '2013-10-14', 'Hospedaje', 30.24, 'Hospedaje', '2013-10-26 02:11:52'),
(8, 'S/N', '2013-10-17', 'pernos ', 2.25, 'Material', '2013-10-26 02:11:52'),
(8, 'S/N', '2013-10-16', 'alimentacion', 3.00, 'Alimentacion', '2013-10-26 02:11:52'),
(8, 'S/N', '2013-10-16', 'alimentacion', 5.00, 'Alimentacion', '2013-10-26 02:11:52'),
(8, 'S/N', '2013-10-16', 'alimentacion', 5.10, 'Alimentacion', '2013-10-26 02:11:52'),
(8, 'S/N', '2013-10-18', ' gatos varios', 6.50, 'Varios', '2013-10-26 02:11:52'),
(8, 'S/N', '2013-10-16', 'Alimentacion', 9.00, 'Alimentacion', '2013-10-26 02:11:52'),
(8, 'S/N', '2013-10-14', 'recarga', 10.00, 'Recarga', '2013-10-26 02:11:52'),
(9, '1356', '2013-10-16', 'Hospedaje', 30.00, 'Hospedaje', '2013-10-26 02:11:52'),
(9, '1361123', '2013-10-17', 'Peaje', 1.00, 'Peaje', '2013-10-26 02:11:52'),
(9, '1844403', '2013-10-16', 'Peaje', 1.00, 'Peaje', '2013-10-26 02:11:52'),
(9, '203789', '2013-10-16', 'Peaje', 1.00, 'Peaje', '2013-10-26 02:11:52'),
(9, '2204997', '2013-10-17', 'Peaje', 1.00, 'Peaje', '2013-10-26 02:11:52'),
(9, '242', '2013-10-16', 'Herramientas', 9.50, 'Material', '2013-10-26 02:11:52'),
(9, '29097', '2013-10-16', 'Gasolina', 12.00, 'Conbustible', '2013-10-26 02:11:52'),
(9, '3424', '2013-10-16', 'Alimentacion', 6.00, 'Alimentacion', '2013-10-26 02:11:52'),
(9, '3433', '2013-10-16', 'Alimentacion', 4.90, 'Alimentacion', '2013-10-26 02:11:52'),
(9, '4022791', '2013-10-17', 'Peaje', 0.40, 'Peaje', '2013-10-26 02:11:52'),
(9, 'S/N', '2013-10-17', 'Alimentacion', 8.50, 'Alimentacion', '2013-10-26 02:11:52'),
(9, 'S/N', '2013-10-16', 'Alimentacion', 9.60, 'Alimentacion', '2013-10-26 02:11:52'),
(9, 'S/N', '2013-10-17', 'Varios', 10.00, 'Varios', '2013-10-26 02:11:52'),
(9, 'S/N', '2013-10-17', 'Gasolina', 15.00, 'Conbustible', '2013-10-26 02:11:52'),
(10, '1408297', '2013-10-22', 'Peaje', 1.00, 'Peaje', '2013-10-26 02:11:52'),
(10, '169476', '2013-10-22', 'Gasolina Super', 10.00, 'Conbustible', '2013-10-26 02:11:52'),
(10, '1729395', '2013-10-22', 'Peaje', 1.00, 'Peaje', '2013-10-26 02:11:52'),
(10, '174', '2013-10-22', 'Alimentacion', 5.50, 'Alimentacion', '2013-10-26 02:11:52'),
(10, '175', '2013-10-22', 'Alimentacion', 5.50, 'Alimentacion', '2013-10-26 02:11:52'),
(10, '1877337', '2013-10-22', 'Peaje', 1.00, 'Peaje', '2013-10-26 02:11:52'),
(10, '1916865', '2013-10-22', 'Peaje', 1.00, 'Peaje', '2013-10-26 02:11:52'),
(10, '2056878', '2013-10-22', 'Peaje', 1.00, 'Peaje', '2013-10-26 02:11:52'),
(10, '2104918', '2013-10-22', 'Peaje', 0.39, 'Peaje', '2013-10-26 02:11:52'),
(10, '2714', '2013-10-22', 'Lavanderia', 2.50, 'Varios', '2013-10-26 02:11:52'),
(10, '3317', '2013-10-22', 'Herramientas', 7.00, 'Material', '2013-10-26 02:11:52'),
(10, '428', '2013-10-22', 'Alimentacion', 4.20, 'Alimentacion', '2013-10-26 02:11:52'),
(10, '6275214', '2013-10-22', 'Peaje', 0.39, 'Peaje', '2013-10-26 02:11:52'),
(10, '6407796', '2013-10-22', 'Peaje', 0.39, 'Peaje', '2013-10-26 02:11:52'),
(10, '691715', '2013-10-22', 'Peaje', 1.00, 'Peaje', '2013-10-26 02:11:52'),
(10, 'S/N', '2013-10-22', 'Gasolina Super', 18.00, 'Conbustible', '2013-10-26 02:11:52');

-- --------------------------------------------------------

--
-- Table structure for table `inspeccion`
--

CREATE TABLE IF NOT EXISTS `inspeccion` (
  `id_inspeccion` smallint(5) unsigned NOT NULL AUTO_INCREMENT,
  `id_vehiculo` varchar(17) NOT NULL,
  `id_tecnico` varchar(10) NOT NULL,
  `id_contacto` smallint(5) unsigned NOT NULL,
  `id_ciudad` smallint(5) unsigned DEFAULT NULL,
  `periodo` smallint(5) unsigned NOT NULL,
  `fecha` date NOT NULL,
  `notas` text,
  `registro` timestamp NOT NULL DEFAULT CURRENT_TIMESTAMP ON UPDATE CURRENT_TIMESTAMP,
  PRIMARY KEY (`id_inspeccion`),
  KEY `fk_inspeccion_vehiculo` (`id_vehiculo`),
  KEY `fk_inspeccion_tecnico` (`id_tecnico`),
  KEY `fk_inspeccion_contacto` (`id_contacto`),
  KEY `fk_inspeccion_ciudad` (`id_ciudad`)
) ENGINE=InnoDB  DEFAULT CHARSET=latin1 COMMENT='De momento es solo un formulario de inspeccion' AUTO_INCREMENT=5 ;

--
-- Dumping data for table `inspeccion`
--

INSERT INTO `inspeccion` (`id_inspeccion`, `id_vehiculo`, `id_tecnico`, `id_contacto`, `id_ciudad`, `periodo`, `fecha`, `notas`, `registro`) VALUES
(1, '4XATH76A0D2293222', '1711938025', 3, 82, 0, '2013-08-27', 'Informe Inspección Vehículo\r\n\r\n\r\nLatacunga, 27 de Agosto del 2013\r\n\r\n\r\nSe procede a la inspección del vehículo con VIN 4XATH76A0D2293222 mismo que presenta lo siguiente:\r\n\r\n•  Muestra un golpe en la parte delantera derecha producido por un impacto, mismo que rompe el guarda fangos derecho, y una pequeña parte del guarda choques, el golpe afectó la posición del faro.\r\n  \r\n• Tiene el parabrisas roto.\r\n \r\n• Se revisa el sistema de aceleración, niveles de fluidos y el sistema eléctrico mismos que no presentan ninguna novedad.\r\n•  Motor funcionando correctamente.\r\n\r\n\r\n\r\nAtentamente:\r\n\r\n\r\n\r\nGalo Sinchiguano\r\n\r\n\r\n\r\n\r\n\r\n', '2013-10-02 06:06:54'),
(2, '4XATH76A4D2290761', '0803550466', 3, 81, 0, '2013-09-19', '\r\nInforme Inspección Vehículo\r\n\r\nCotopaxi, La Mana, 19 de Septiembre de 2013\r\n\r\nSe procede con la inspección del vehículo con número de VIN  4XATH76A4D2290761,  a cargo del Ing. Henry Peñaherrera, mismo que presenta un golpe en la parte frontal derecha producto del golpe presenta el guarda choque doblado hacia dentro, se realiza una inspección completa de acuerdo al siguiente detalle:\r\n\r\nInspección Observaciones\r\nCarrocería Tiene roto el guarda fango derecho\r\nPuertas Funcionando correctamente.\r\nCajón abatible  Funcionando correctamente\r\nEstructura Cabina  No presenta golpes\r\nTerminales Suspensión Funcionando correctamente.\r\nAmortiguadores  Funcionando correctamente.\r\nTerminales de dirección Funcionando correctamente.\r\nBrazos de Suspensión  Funcionando correctamente.\r\nGuardachoque  Presenta doblamiento en la parte izquierda.\r\nBatería  Funcionando correctamente\r\nCableado eléctrico Funcionando correctamente..\r\nLimpia-brizas  Funcionando correctamente.\r\nCaja engranaje delantera  Funcionando correctamente.\r\nCajas engranaje posterior Funcionando correctamente.\r\nAceite Motor  Cambiado\r\nAceite Caja Posterior Cambiado\r\nAceite Caja Delantera Cambiado\r\nLiquido de Frenos Llenado completo\r\nRefrigerante  Cambiado\r\nÁcido batería Funcionando perfectamente\r\nFiltro aire  Funcionando correctamente\r\nFiltro Aceite  Cambiado\r\nImágenes vehículo:\r\n\r\n\r\n\r\n\r\n\r\nObservaciones:\r\n• Presenta doblamiento en la parte izquierda del guarda choque.\r\n•  Presentar rotura en la parte superior izquierda de la mascarilla.\r\n•  Se derramo el líquido de freno en un 70% a 80% estimado quedándose con el porcentaje mínimo de liquido para ser frenado.\r\n\r\n\r\nNota: Se realiza el mantenimiento completo del vehículo.\r\n\r\n\r\nResponsabe zonal: Ing. Xavier Moya (03-2812 986), Dirección Provincial Agropecuaria de Cotopaxi Latacunga Av Atahualpa y zamora\r\n\r\n\r\n\r\n\r\n\r\nAtentamente:\r\n\r\n\r\n\r\nTec. Eduardo Villota\r\nCI: 172291972-5\r\n\r\n\r\n', '2013-10-02 06:06:54'),
(3, '4XATH76AXD2290828', '1711938025', 4, 217, 0, '2013-09-18', 'Informe Inspección Vehículo\r\nTungurahua, Quinchicoto 18 de septiembre del 2013\r\nEn la zona de Quinchicoto provincia de Tungurahua se procede con la inspección del vehículo con VIN  4XATH76AXD220828 a cargo del Ing. Luis Soliz, este vehículo presenta un sonido en la caja de cambios posterior, el sonido se produce, en el momento que se cambia de marcha, cuando inicia el recorrido,se realiza una inspección completa de acuerdo al siguiente detalle:\r\nInspección Observaciones\r\nCarrocería Funcionando correctamente.\r\nPuertas Funcionando correctamente.\r\nCajón abatible  Funcionando correctamente\r\nEstructura Cabina  Funcionando correctamente.\r\nTerminales Suspensión Funcionando correctamente.\r\nAmortiguadores  Funcionando correctamente.\r\nTerminales de dirección Funcionando correctamente.\r\nBrazos de Suspensión  Funcionando correctamente.\r\nGuardachoque  Funcionando correctamente.\r\nBatería Funcionando correctamente\r\nCableado eléctrico Funcionando correctamente..\r\nLimpia-brizas  Funcionando correctamente.\r\nCaja engranaje delantera  Funcionando correctamente.\r\nCajas engranaje posterior Funcionando correctamente.\r\nAceite Motor  Completo\r\nAceite Caja Posterior Completo\r\nAceite Caja Delantera Completo\r\nLiquido de Frenos Completo\r\nRefrigerante  Completo\r\nÁcido batería Funcionando perfectamente\r\nFiltro aire  Funcionando correctamente\r\nFiltro Aceite  Completo\r\nNotas: Se realizó el chequeo respectivo  del vehículo , analizando las siguiente , piezas  que verificó , las cruceta , los ejes trasero , o algún tornillo flojos , estas piezas estaban bien, y el sonido seguía  presente en el vehículo\r\nEl vehículo apenas cumple 6 horas de trabajo motivo por el cual no se puede hacer el cambio de aceites respectivos.\r\nEl encargado zonal solicita de manera cordial se realice el traslado a Quito inmediatamente para el arreglo del vehículo.\r\nConclusión:  Desarmar la caja de cambio para revisar los engranajes.\r\nResponsable Zonal: Dr. Jorge Cifuentes Carrión  (03-2827383) Dirección Provincial Agropecuaria del Tungurahua Av. 12 de noviembre cc. Ambato Bloque No.2 Segundo Piso.\r\nAtentamente:\r\n\r\nEduardo Villota\r\n172291972-5\r\n', '2013-10-02 06:10:03'),
(4, '4XATH76A6D2291121', '0803550466', 4, 92, 0, '2013-08-01', '\r\nInforme Vehículo Polaris Volcado\r\n\r\n\r\nAmbato, 01 de Agosto del 2013\r\n\r\n\r\nEl vehículo Polaris con numero de VIN 4XATH76A6D2291121 sufrió un volcamiento por la parte delantera izquierda, resultado de una posible perdida de pista, presenta un golpe en la parte superior izquierda del parabrisas provocando la ruptura del vidrio, la cabina se encuentra desviada hacia atrás en la dirección del golpe aproximadamente 3cm.\r\n\r\nGráfico del golpe visto desde la parte frontal de la cabina\r\n\r\n\r\nSe realizó un chequeo completo de los sistemas, encontrando las siguientes novedades:\r\n\r\nInspección  Observaciones\r\nCarrocería Presenta golpes en el lugar del impacto, pero no presenta ningún daño\r\nPuertas  Funcionando correctamente.\r\nCajón abatible  Funcionando, presenta una torcedura en el mango derecho\r\nEstructura Cabina  Presenta una desviación en dirección al golpe de unos 3cm\r\nTerminales Suspensión  Funcionando correctamente.\r\nAmortiguadores  Funcionando correctamente.\r\nTerminales de dirección Funcionando correctamente.\r\nBrazos de Suspensión  Funcionando correctamente.\r\nWincha  Funcionando correctamente.\r\nBatería Funcionando correctamente, presenta un baja en la carga por perdida de ácido.\r\nCableado eléctrico Funcionando correctamente.\r\nLimpia-brizas Funcionando correctamente.\r\nCaja engranaje delantera  Funcionando correctamente.\r\nCajas engranaje posterior Funcionando correctamente.\r\nAceite Motor  Cambiar\r\nAceite Caja Posterior  Correcto\r\nAceite Caja Delantera Correcto\r\nLiquido de Frenos Vacío\r\nRefrigerante Vacío\r\nÁcido batería  Por completar\r\nFiltro aire  Cambiar, se encuentra cubierto de aceite\r\nFiltro Aceite Cambiar\r\n\r\n\r\nObservaciones Adicionales:\r\n\r\n1. El aceite del motor se derramó en un 30% a 40 % encontrándose principalmente en los ductos de entrada de aire al motor.\r\n2. Se chequea la alineación de las llantas sin encontrar ninguna novedad.\r\n\r\n\r\nResponsable Zonal: Dr. Jorge Cifuentes Carrión  (03-2827383) Dirección Provincial Agropecuaria del Tungurahua Av. 12 de noviembre cc. Ambato Bloque No.2 Segundo Piso.\r\n\r\nAtentamente:\r\n\r\n\r\n\r\n\r\nTec. Eduardo Villota\r\nCI: 172291972-5\r\n', '2013-10-02 06:15:09');

-- --------------------------------------------------------

--
-- Table structure for table `inventario`
--

CREATE TABLE IF NOT EXISTS `inventario` (
  `id_inventario` smallint(5) unsigned NOT NULL AUTO_INCREMENT,
  `fecha` datetime NOT NULL,
  `nombre` varchar(100) NOT NULL,
  `descripcion` varchar(200) DEFAULT NULL,
  `unidad` varchar(25) DEFAULT NULL,
  `stok_min` smallint(5) unsigned NOT NULL COMMENT '12 filtros,12 aceite, 4 refirgerante 1 liquido de frenos',
  `marca` varchar(45) DEFAULT NULL,
  `ubicacion` varchar(100) NOT NULL,
  `notas` mediumtext,
  `registro` timestamp NOT NULL DEFAULT CURRENT_TIMESTAMP ON UPDATE CURRENT_TIMESTAMP,
  PRIMARY KEY (`id_inventario`)
) ENGINE=InnoDB  DEFAULT CHARSET=latin1 COMMENT='Entidad que lleva un detalle de los productos en bodega\n		Todos los materiales están en litros y unidades, se setablece un standar para los \n		condigos del inventario, cada producto ingresado al inventario empieza con el mail\n		1000,1001,1002. la columna unidad debe contener, litros, unidades, galones, etc' AUTO_INCREMENT=1031 ;

--
-- Dumping data for table `inventario`
--

INSERT INTO `inventario` (`id_inventario`, `fecha`, `nombre`, `descripcion`, `unidad`, `stok_min`, `marca`, `ubicacion`, `notas`, `registro`) VALUES
(1000, '2013-10-01 00:00:00', 'PS4', 'Aceite Sintético Para Motor Polaris', 'Litros', 12, 'Polaris Ps4', 'Bodega Oficina ', NULL, '2013-10-02 04:54:38'),
(1001, '0000-00-00 00:00:00', 'AGL Plus', 'Aceite De Transmisión Trasera', 'Litros', 12, 'Polaris Agl Plus', 'Bodega Oficina', NULL, '2013-10-02 04:56:03'),
(1002, '2013-10-01 00:00:00', 'Demand Fluid', 'Aceite Para La Caja Delantera', 'Litros ', 5, 'Polaris Demend Fluid', 'Bodega Oficina', NULL, '2013-10-02 05:13:27'),
(1003, '2013-10-01 00:00:00', 'Filtro Aceite', 'Filtro De Aceite', 'Unidades', 12, 'Champion Ph2867', 'Bodega Oficina ', NULL, '2013-10-02 05:13:27'),
(1004, '2013-10-01 00:00:00', 'Refrigerante', 'Liquito De Refrigerante', 'Litros', 12, 'Lubristom', 'Bodega Oficina', NULL, '2013-10-02 05:13:27'),
(1005, '2013-10-01 00:00:00', 'Líquido De Frenos', 'Liquito De Frenos', 'Litros', 12, 'Wagner ', 'Bodega Oficina', '23.00 el litro', '2013-11-02 01:06:35'),
(1006, '2013-10-01 00:00:00', 'Grasa', 'Grasa Para Engramajes', 'Unidades', 12, 'Abro', 'Bodega Oficina', NULL, '2013-10-02 05:16:03'),
(1007, '2013-10-01 00:00:00', 'Volante', 'Revisión', 'Unidad', 0, 'Polaris', 'Servicio', NULL, '2013-10-18 23:40:28'),
(1008, '2013-10-01 00:00:00', 'Suspensión Delantera', 'Revisión', 'Unidad', 0, 'Polaris', 'Servicio', NULL, '2013-10-18 23:40:28'),
(1009, '2013-10-01 00:00:00', 'Suspensión  Trasera', 'Revisión', 'Unidad', 0, 'Polaris', 'Servicio', NULL, '2013-10-18 23:40:28'),
(1010, '2013-10-01 00:00:00', 'Llantas', 'Revisión', 'Unidad', 0, 'Polaris', 'Servicio', NULL, '2013-10-18 23:40:28'),
(1011, '2013-10-01 00:00:00', 'Nivel De Fluido De Frenos', 'Revisión', 'Unidad', 0, 'Polaris', 'Servicio', NULL, '2013-10-18 23:40:28'),
(1012, '2013-10-01 00:00:00', 'Cable De Pedal De Freno', 'Revisión', 'Unidad', 0, 'Polaris', 'Servicio', NULL, '2013-10-18 23:40:28'),
(1013, '2013-10-01 00:00:00', 'Sistema De Frenos', 'Revisión', 'Unidad', 0, 'Polaris', 'Servicio', NULL, '2013-10-18 23:40:28'),
(1014, '2013-10-01 00:00:00', 'Tuercas De Rueda 35 Lb', 'Revisión', 'Unidad', 0, 'Polaris', 'Servicio', NULL, '2013-10-18 23:40:28'),
(1015, '2013-10-01 00:00:00', 'Turca De Marco', 'Revisión', 'Unidad', 0, 'Polaris', 'Servicio', NULL, '2013-10-18 23:40:28'),
(1016, '2013-10-01 00:00:00', 'Filtro De Aire De Filtro', 'Revisión', 'Unidad', 0, 'Polaris', 'Servicio', NULL, '2013-10-18 23:40:28'),
(1017, '2013-10-01 00:00:00', 'Filtro Aceite', 'Revisión', 'Unidad', 0, 'Polaris', 'Servicio', NULL, '2013-10-18 23:40:28'),
(1018, '2013-10-01 00:00:00', 'Caja Del Tubo Sedimentos Aire', 'Revisión', 'Unidad', 0, 'Polaris', 'Servicio', NULL, '2013-10-18 23:40:28'),
(1019, '2013-10-01 00:00:00', 'Filtro De Aire Elemento Principal', 'Revisión', 'Unidad', 0, 'Polaris', 'Servicio', NULL, '2013-10-18 23:40:28'),
(1020, '2013-10-01 00:00:00', 'Refrigerante (si Procede )', 'Revisión', 'Unidad', 0, 'Polaris', 'Servicio', NULL, '2013-10-18 23:40:28'),
(1021, '2013-10-01 00:00:00', 'Líquido Refrigerante', 'Revisión', 'Unidad', 0, 'Polaris', 'Servicio', NULL, '2013-10-18 23:40:28'),
(1022, '2013-10-01 00:00:00', 'Lámpara De Faro/De La Cola', 'Revisión', 'Unidad', 0, 'Polaris', 'Servicio', NULL, '2013-10-18 23:40:28'),
(1023, '2013-10-01 00:00:00', 'Desgastes De Los Frenos', 'Revisión', 'Unidad', 0, 'Polaris', 'Servicio', NULL, '2013-10-18 23:40:28'),
(1024, '2013-10-01 00:00:00', 'Batería', 'Revisión', 'Unidad', 0, 'Polaris', 'Servicio', NULL, '2013-10-18 23:40:28'),
(1025, '2013-10-01 00:00:00', 'Liquido De Batería', 'Revisión', 'Unidad', 0, 'Polaris', 'Servicio', NULL, '2013-10-18 23:40:28'),
(1026, '2013-10-01 00:00:00', 'Cambio De Aceite Del Motor', 'Revisión', 'Unidad', 0, 'Polaris', 'Servicio', NULL, '2013-10-18 23:40:28'),
(1027, '2013-10-01 00:00:00', 'Aceite De La Caja Delantera', 'Revisión', 'Unidad', 0, 'Polaris', 'Servicio', NULL, '2013-10-18 23:40:28'),
(1028, '2013-10-01 00:00:00', 'Aceite De La Transmisión', 'Revisión', 'Unidad', 0, 'Polaris', 'Servicio', NULL, '2013-10-18 23:40:28'),
(1029, '2013-10-01 00:00:00', 'Tensión Del Cable De Freno De Parqueo', 'Revisión', 'Unidad', 0, 'Polaris', 'Servicio', NULL, '2013-10-18 23:40:28'),
(1030, '2013-10-01 00:00:00', 'Juntas', 'Revisión', 'Unidad', 0, 'Polaris', 'Servicio', NULL, '2013-10-18 23:40:28');

-- --------------------------------------------------------

--
-- Table structure for table `mantenimiento`
--

CREATE TABLE IF NOT EXISTS `mantenimiento` (
  `id_mantenimiento` smallint(5) unsigned NOT NULL AUTO_INCREMENT,
  `id_viaje` smallint(5) unsigned NOT NULL,
  `id_vehiculo` char(17) NOT NULL,
  `id_ciudad` smallint(5) unsigned DEFAULT NULL,
  `periodo` smallint(5) unsigned NOT NULL,
  `fecha` date NOT NULL,
  `kilometros` varchar(10) NOT NULL,
  `notas` mediumtext,
  `registro` timestamp NOT NULL DEFAULT CURRENT_TIMESTAMP ON UPDATE CURRENT_TIMESTAMP,
  PRIMARY KEY (`id_mantenimiento`),
  KEY `fk_mantenimiento_vehiculo` (`id_vehiculo`),
  KEY `fk_mantenimiento_viaje` (`id_viaje`),
  KEY `fk_mantenimiento_ciudad` (`id_ciudad`)
) ENGINE=InnoDB  DEFAULT CHARSET=latin1 COMMENT='Registra los mantenimientos realizados aun vehiculo, los insumos usados para el mantenimiento\n				se registran en mantenimiento_detalle' AUTO_INCREMENT=118 ;

--
-- Dumping data for table `mantenimiento`
--

INSERT INTO `mantenimiento` (`id_mantenimiento`, `id_viaje`, `id_vehiculo`, `id_ciudad`, `periodo`, `fecha`, `kilometros`, `notas`, `registro`) VALUES
(2, 1, '4XATH76A2D4315550', 149, 50, '2013-07-22', '0', NULL, '2013-11-02 03:00:46'),
(3, 1, '4XATH76A9D4315562', 149, 50, '2013-07-22', '0', NULL, '2013-11-02 03:00:46'),
(4, 1, '4XATH76A7D4315592', 149, 50, '2013-07-22', '0', NULL, '2013-11-02 03:00:46'),
(5, 1, '4XATH76A2D4315598', 149, 50, '2013-07-22', '0', NULL, '2013-11-02 03:00:46'),
(6, 1, '4XATH76A5D4315591', 148, 50, '2013-07-23', '0', NULL, '2013-11-06 05:32:35'),
(7, 1, '4XATH76A7D4315575', 148, 50, '2013-07-23', '0', NULL, '2013-11-02 03:00:46'),
(8, 4, '4XATH76A4D2290713', 203, 62, '2013-08-09', '0', NULL, '2013-11-02 03:00:46'),
(9, 4, '4XATH762AD4317220', 196, 50, '2013-08-09', '0', NULL, '2013-11-02 03:00:46'),
(10, 2, '4XATH76A5D2293216', 102, 30, '2013-08-21', '0', 'Se Ajustado Los Dos Tornillo De Parte Arriba Del Desfogue  Del MotorRN', '2013-11-02 03:00:46'),
(11, 2, '4XATH76A5D4317678', 102, 50, '2013-10-21', '0', 'Se Ajustado Los Dos Tornillo De Parte Arriba Del Desfogue  Del MotorRN', '2013-11-02 03:00:46'),
(12, 2, '4XATH76A1D2290779', 101, 50, '2013-08-21', '0', 'A Este  Vehículo Le  Adatado Los Siguientes   Objetos. Pitos  Retrovisores (delanteros Y Traseros) Guías Traseras  Neblineros Delanteros.\r\n', '2013-11-02 03:00:46'),
(13, 2, '4XATH76A9D2293199', 101, 50, '2013-08-21', '0', NULL, '2013-11-02 03:00:46'),
(14, 2, '4XATH76A0D2293253', 101, 50, '2013-08-21', '0', NULL, '2013-11-02 03:00:46'),
(15, 2, '4XATH76A4D2291120', 101, 50, '2013-08-21', '0', 'A Este  Vehículo Le  Adatado Los Siguientes   Objetos. Pitos  Retrovisores (delanteros Y Traseros) Guías Traseras  Neblineros DelanterosRN', '2013-11-02 03:00:46'),
(16, 2, '4XATH76A3D2290749', 101, 50, '2013-08-21', '0', 'A Este  Vehículo Le  Adatado Los Siguientes   Objetos. Pitos  Retrovisores (delanteros Y Traseros) Guías Traseras  Neblineros DelanterosRN', '2013-11-02 03:00:46'),
(17, 2, '4XATH76A2D4317668', 104, 50, '2013-08-22', '0', NULL, '2013-11-02 03:00:46'),
(18, 2, '4XATH76A6D2290745', 104, 50, '2013-08-22', '0', NULL, '2013-11-02 03:00:46'),
(19, 2, '4XATH76A4D2290808', 104, 50, '2013-08-22', '0', NULL, '2013-11-02 03:00:46'),
(20, 2, '4XATH76A1D2290751', 104, 50, '2013-08-22', '0', NULL, '2013-11-02 03:00:46'),
(21, 2, '4XATH76A2D4317640', 104, 50, '2013-08-22', '0', NULL, '2013-11-02 03:00:46'),
(23, 2, '4XATH76A4D2290825', 108, 50, '2013-08-22', '0', 'A Este  Vehículo Le  Adatado Los Siguientes   Objetos. Pitos  Retrovisores (delanteros Y Traseros) Guías Traseras  Neblineros Delanteros .RN', '2013-11-02 03:00:46'),
(24, 2, '4XATH76A6D2290759', 108, 50, '2013-08-22', '0', 'A Este  Vehículo Le  Adatado Los Siguientes   Objetos. Pitos  Retrovisores (delanteros Y Traseros) Guías Traseras  Neblineros Delanteros .RN', '2013-11-02 03:00:46'),
(25, 2, '4XATH76A9D2291114', 108, 50, '2013-08-22', '0', 'A Este  Vehículo Le  Adatado Los Siguientes   Objetos. Pitos  Retrovisores (delanteros Y Traseros) Guías Traseras  Neblineros Delanteros .RN', '2013-11-02 03:00:46'),
(26, 2, '4XATH76A0D4317667', 110, 50, '2013-08-23', '0', NULL, '2013-11-02 03:00:46'),
(28, 2, '4XATH76A7D2291063', 212, 57, '2013-08-23', '0', NULL, '2013-11-02 03:00:46'),
(29, 3, '4XATH76A0D2293205', 80, 51, '2013-08-26', '0', 'Se Le Completo El Líquido De Freno , Líquido  Refrigerante  , Tuerca  Trasera Dañada.\r\n', '2013-11-02 03:05:53'),
(30, 3, '4XATH76AXD2291073', 82, 52, '2013-08-27', '0', 'El Vehículo  Tiene  Cambiado   Dos  Tuercas, De  La Rueda Trasera, Y La Válvula  De La Rueda.\r\n', '2013-11-02 03:05:53'),
(32, 5, '4XATH76A6D4317687', 209, 60, '2013-09-10', '900.6', 'Mantenimiento Completo, El Aro De La Rueda Derecha Se Encuentra Doblada Un Poco En Parte De Abajo. Y Se Ajustó El Tornillo Del Desfogue Del Motor.\r\n', '2013-11-02 03:05:53'),
(33, 5, '4XATH76A5D2292065', 204, 61, '2013-09-10', '1232', 'Mantenimiento Completo, El Filtro Tenía Mucho PolvoRN', '2013-11-02 03:05:53'),
(34, 5, '4XATH76A0D4317684', 199, 52, '2013-09-10', '998.8', 'Mantenimiento Completo, Tenía Cortados Los Cables Que Conectan Con Los Sensores, Del Aceite, Temperatura. \r\n', '2013-11-02 03:05:53'),
(35, 6, '4XATH76A9D2291033', 93, 40, '2013-09-17', '786.4', NULL, '2013-11-02 03:05:53'),
(36, 6, '4XATH76A8D2290777', 93, 51, '2013-09-17', '988', NULL, '2013-11-02 03:05:53'),
(37, 6, '4XATH76A0D2290773', 93, 47, '2013-09-17', '794.2', NULL, '2013-11-02 03:05:53'),
(38, 6, '4XATH76A8D2290830', 96, 50, '2013-09-18', '670', 'Tiene Retro Visores Delanteros, Y Se Recalendo El Motor , Sin Liquido De Refrigerante.\r\n', '2013-11-02 03:05:53'),
(39, 6, '4XATH76A5D2291045', 96, 40, '2013-09-18', '440', NULL, '2013-11-02 03:05:53'),
(40, 6, '4XATH76A3D2290816', 96, 50, '2013-09-18', '1055', 'En La Parte Izquierda Le Falta El Plastico De La Puerta .RN', '2013-11-02 03:05:53'),
(41, 6, '4XATH76A9D2290755', 215, 52, '2013-09-18', '1018.1', NULL, '2013-11-02 03:05:53'),
(43, 6, '4XATH76A9D2293204', 216, 50, '2013-09-18', '936.6', NULL, '2013-11-02 03:05:53'),
(44, 6, '4XATH76A0D2290790', 197, 52, '2013-09-18', '662.8', NULL, '2013-11-02 03:05:53'),
(45, 6, '4XATH76A4D2290775', 97, 50, '2013-09-18', '657.6', NULL, '2013-11-02 03:05:53'),
(47, 6, '4XATH76A4D2290761', 81, 54, '2013-09-19', '2151', 'Tiene Doblado El Guarda Choque Delantero Y  Dañado La Caroseria Del Vehiculo.\r\n', '2013-11-02 03:05:53'),
(48, 6, '4XATH76A7D2290818', 81, 59, '2013-09-19', '1530', 'Se Arreglo La Puerta Izquierda Porque Estaba Dura Para Abrir.\r\n', '2013-11-02 03:05:53'),
(49, 6, '4XATH76A7D2290771', 210, 67, '2013-09-20', '1912', NULL, '2013-11-02 03:05:53'),
(50, 6, '4XATH76A0D2291101', 198, 40, '2013-09-20', '655', 'Cuando Se Enciende El Vehiculo Las Luces Trasera Se Quedan Encenditas Y No Se Apagan \r\n', '2013-11-02 03:05:53'),
(51, 6, '4XATH76A8D2290794', 198, 47, '2013-09-20', '715', 'Se Le Coloco El Aceite Que Se Envio Al La Ing.  Para Complentar  Los 2 Lts Del Motor .RN', '2013-11-02 03:05:53'),
(52, 6, '4XATH76A8D2290763', 198, 58, '2013-09-20', '977', 'Se Le Ajusto El Tormillo Del Desfloque Del Motor.\r\n', '2013-11-02 03:05:53'),
(53, 2, '4XATH76A6D2293208', 102, 45, '2013-08-21', '0', NULL, '2013-11-02 03:05:53'),
(54, 9, '4XATH76A7D2290804', 211, 76, '2013-10-17', '1245', NULL, '2013-11-02 03:05:53'),
(55, 9, '4XATH76A6D2291037', 208, 23, '2013-10-16', '812,72', 'Se completo unicamente 1/4 de aceite de moteor y se completo el refrigerante por que lo demas devido a sus horas estaba completo.', '2013-11-02 03:05:53'),
(56, 9, '4XATH76A5D4317681', 206, 49, '2013-10-16', '769.27', NULL, '2013-11-02 03:05:53'),
(57, 9, '4XATH76A4D4317641', 83, 54, '2013-10-16', '1026', NULL, '2013-11-02 03:05:53'),
(58, 9, '4XATH76A7D4317682', 214, 72, '2013-10-16', '1304', 'El vehiculo tenia colocado un altavoz en la parte trasera del coco del vehiculo. No tenia palanca en la puerta', '2013-11-02 03:05:53'),
(59, 9, '4XATH76A8D2290729', 213, 71, '2013-10-17', '1077', 'El vehiculo estaba sin las dos tapas transparentes de las puertas', '2013-11-02 03:05:53'),
(60, 9, '4XATH76A5D4317664', 205, 53, '2013-10-16', '1140.7', 'Se ajusta tuerca del volante por que estaba floja', '2013-11-02 03:05:53'),
(61, 7, '4XATH76A9D4315562', 219, 167, '2013-10-04', '3011', 'Tiene doblado el caucho que protege el motor, Desgaste de ruedas en un 70%', '2013-11-02 03:05:53'),
(62, 7, '4XATH76A1D2291043', 219, 52, '2013-10-04', '1017', 'No tiene cinturones de seguridad', '2013-11-02 03:05:53'),
(63, 7, '4XATH76A2D4315598', 220, 180, '2013-10-02', '4437', 'Ruedas traseras en un desgaste del 70%, Segundo cambio', '2013-11-02 03:05:53'),
(64, 7, '4XATH76A7D4315592', 221, 83, '2013-10-02', '15544', 'Llantas desgastadas en un 70%', '2013-11-02 03:05:53'),
(65, 7, '4XATH76AXD4315568', 221, 135, '2013-10-02', '2569', 'Se pone liquido de frenos, Segundo Cambio (Por traspapelamiento no se facturo este cambio se lo reemplazo por otro realizado en el segundo viaje viaje 7)', '2013-11-05 02:08:28'),
(66, 7, '4XATH76A2D4315550', 149, 150, '2013-10-03', '2043', 'Ruedas traseras desgaste de un 70%', '2013-11-02 03:05:53'),
(67, 7, '4XATH76A4D2291055', 149, 11, '2013-10-03', '237', 'No se iso cambio de aceites solo se puso refrigerante', '2013-11-02 03:05:53'),
(68, 7, '4XATH76A2D2293206', 152, 54, '2013-10-03', '1013', 'Se puso refrigerante', '2013-11-02 03:05:53'),
(69, 7, '4AXTH76A0D2293219', 152, 50, '2013-10-03', '1094', 'Se puso refrigerante', '2013-11-02 03:05:53'),
(70, 7, '4XATH76A1D2293262', 151, 50, '2013-10-03', '725', 'No tenia llaves se enciende el carro aciendo puentes', '2013-11-02 03:05:53'),
(71, 7, '4XATH76A5D4315591', 148, 100, '2013-10-04', '1013', '', '2013-11-02 03:05:53'),
(72, 7, '4XATH76A6D2293287', 148, 52, '2013-10-04', '1461', 'Tiene direccionales y luces', '2013-11-02 03:05:53'),
(73, 7, '4XATH76A4D2293255', 148, 50, '2013-10-04', '965', 'Se puso refrigerante', '2013-11-02 03:05:53'),
(74, 7, '4XATH76A7D4315575', 148, 216, '2013-10-04', '5467', 'Tenia desgastado el cable del inyector, Tenia filtro de otra marca y aceite diferente.\nTenia Dañado el tapon del aceite del motor y el tapon de la caja delantera se cocio el caucho del eje trasero\n', '2013-11-02 03:05:53'),
(75, 7, '4XATH76A0D2290806', 148, 50, '2013-10-04', '1469', NULL, '2013-11-02 03:05:53'),
(76, 8, '4XATH76A4D4315579', 87, 56, '2013-10-15', '746', 'Se puso refrigerante', '2013-11-02 03:07:42'),
(77, 8, '4XATH76AXD2292062', 87, 44, '2013-10-15', '758', 'Se ajusto los tornillos del motor del desague.', '2013-11-02 03:07:42'),
(78, 8, '4XATH76A4D4315601', 87, 40, '2013-10-15', '471', 'Tiene integrado un pito', '2013-11-02 03:07:42'),
(79, 8, '4XATH76A2D4315600', 222, 58, '2013-10-15', '727', 'Se puso refrigerante', '2013-11-02 03:07:42'),
(80, 8, '4XATH76A2D2291049', 87, 25, '2013-10-15', '428', 'Se puso refrigerante', '2013-11-02 03:07:42'),
(81, 8, '4XATH76A4D4315565', 87, 53, '2013-10-15', '843', NULL, '2013-11-02 03:07:42'),
(82, 8, '4XATH76A6D2291071', 207, 75, '2013-10-16', '1077', NULL, '2013-11-02 03:07:42'),
(83, 8, '4XATH76A8D2291069', 207, 68, '2013-10-16', '1536', NULL, '2013-11-02 03:07:42'),
(84, 8, '4XATH76A7D2290821', 207, 50, '2013-10-16', '692', NULL, '2013-11-02 03:07:42'),
(85, 8, '4XATH76AXD2293213', 207, 48, '2013-10-16', '776', 'Se puso refrigerante', '2013-11-02 03:07:42'),
(86, 8, '4XATH76A6D2290812', 207, 64, '2013-10-16', '1190', NULL, '2013-11-02 03:07:42'),
(87, 8, '4XATH76A0D4315563', 90, 40, '2013-10-16', '505', 'Tiene un sonido en la parte trsera del motor, Suena cuando el vehiculo esta caminado', '2013-11-02 03:07:42'),
(88, 8, '4XATH76A3D2293201', 90, 36, '2013-10-16', '440', NULL, '2013-11-02 03:07:42'),
(89, 8, '4XATH76A3D2291075', 90, 53, '2013-10-16', '928', 'Se puso refrigerante', '2013-11-02 03:07:42'),
(90, 8, '4XATH76A5D2291112', 90, 60, '2013-10-16', '1146', NULL, '2013-11-02 03:07:42'),
(91, 8, '4XATH76A2D4315564', 89, 100, '2013-10-17', '1404', 'Le faltaba un tornillo de la rueda izquierda de la parte trasera, se le puso otro tornillo similar', '2013-11-02 03:07:42'),
(92, 8, '4XATH76A0D2290787', 89, 55, '2013-10-17', '816', 'Se puso refrigerante', '2013-11-02 03:07:42'),
(93, 8, '4XATH76A6D2291118', 89, 63, '2013-10-17', '1226', NULL, '2013-11-02 03:07:42'),
(94, 8, '4XATH76A2D4315595', 89, 58, '2013-10-17', '1400', NULL, '2013-11-02 03:07:42'),
(95, 8, '4XATH76A0D4315504', 89, 70, '2013-10-17', '1078', NULL, '2013-11-02 03:07:42'),
(96, 8, '4XATH76A4D2290050', 87, 56, '2013-10-17', '869', 'No enciende el vehiculo, tiene bateria cargada se recomienda traerlo a quito para mejor verificacion', '2013-11-02 03:07:42'),
(97, 8, '4XATH76A0D2291065', 92, 50, '2013-10-18', '677', 'Mantenimiento Completo', '2013-11-05 21:41:19'),
(98, 8, '4XATH76A8D2290777', 92, 77, '2013-10-18', '1602', 'Solo chequeo de vehiculo no encendio no se cambio aceites', '2013-11-02 03:07:42'),
(99, 10, '4XATH76A7D4317665', 102, 48, '2013-10-22', '640', 'Se puso refrigerante el vehiculo, se repara el caucho de la base de la punta estaba un poco caliente.', '2013-11-02 03:08:41'),
(100, 10, '4XATH76A0D2291079', 92, 49, '2013-10-22', '885', 'Se puso refrigerante al vehiculo', '2013-11-02 03:08:41'),
(101, 10, '4XATH76A7D2291077', 102, 52, '2013-10-22', '1052', 'Se puso refrigerante, \r\nel vehiculo tiene un desgaste del vosin del derecho la rueda esta a un lado del vehiculo.', '2013-11-02 03:08:41'),
(102, 11, '4XATH76A3D2290802', 202, 50, '2013-10-30', '606', 'Mantenimiento completo', '2013-11-02 03:08:41'),
(103, 1, '4XATH76AXD4315568', 218, 135, '2013-10-02', '2569', 'Mantenimiento facturado en la primera factura por confucion en la facturacion de la primera ronda correspondiente al porimer viaje', '2013-11-05 02:07:38'),
(104, 12, '4XATH76AXD2291039', 224, 50, '2013-11-04', '1177', 'Se puso refrigerante', '2013-11-26 20:17:41'),
(105, 12, '4XATH76A1D2290765', 225, 50, '2013-11-05', '1221', 'Se puso refrigerante', '2013-11-26 20:23:44'),
(106, 12, '4XATH76A0D2293222', 227, 49, '2013-11-05', '741', 'El vehiculo anteriormente tenia roto el parabrisas y la mascarilla superior del faro izquierdo.\r\nEn el momento que nos dirigimos a realizar los cambios de aceite no dimos cuenta que ya estaban completamente arreglado por cuenta de ellos.\r\nTambien presentaba el filtro del aire lleno de aceite por lo que recomienda cambiar el filtro.', '2013-11-26 20:28:19'),
(107, 12, '4XATH76A4D2290713', 228, 164, '2013-11-05', '3471', 'Segundo cambio de aceite.\r\nEl tapon de llenado del aceite de la caja frontal se encontraba da;ado por lo cual se recomienda cambiarlo.\r\nTambien se recomienda cambiar el filtro de aceite.', '2013-11-26 20:32:34'),
(108, 12, '4XATH76A2D2290757', 226, 106, '2013-11-05', '1358', 'Segundo cambio de aceite.\r\nSe puso refrigerante al vehiculo.', '2013-11-26 20:35:08'),
(109, 12, '4XATH76A7D2291063', 212, 160, '2013-11-05', '4260', 'Se puso refrigerante.\r\nSegundo cambio de aceite.\r\nCambiar filtro de aire.', '2013-11-26 20:40:06'),
(110, 13, '4XATH76A4D2290792', 110, 47, '2013-11-22', '1176', 'Reparación Caucho del Eje trasero', '2013-12-02 16:44:04'),
(111, 13, '4XATH76A8D2290813', 102, 70, '2013-11-21', '1265', NULL, '2013-12-02 16:58:41'),
(112, 13, '4XATH76A4D4317638', 102, 51, '2013-11-21', '1190', NULL, '2013-12-02 17:00:30'),
(113, 13, '4XATH76A2D4317668', 102, 161, '2013-11-21', '1281', NULL, '2013-12-02 17:04:55'),
(114, 13, '4XATH76A4D2290825', 108, 148, '2013-11-21', '3257', 'El Vehículo tiene instalado retrovisores, y guías delanteras', '2013-12-02 17:07:38'),
(115, 13, '4XATH76A9D2291114', 108, 154, '2013-11-21', '3330', NULL, '2013-12-02 17:09:44'),
(116, 13, '4XATH76A6D2290759', 108, 154, '2013-11-21', '4852', 'Las llantas se encuentran desgastadas en un 80%, ademas presenta el filtro principal lleno de aceite.', '2013-12-02 17:12:18'),
(117, 12, '4XATH76A6D4317687', 209, 118, '2013-11-05', '1046', 'Tiene encendida la alerta del check engine , se completa el aceite de motor colocandolde un octavo', '2013-12-02 18:09:09');

-- --------------------------------------------------------

--
-- Table structure for table `mantenimiento_detalle`
--

CREATE TABLE IF NOT EXISTS `mantenimiento_detalle` (
  `id_mantenimiento_detalle` int(10) unsigned NOT NULL AUTO_INCREMENT,
  `id_mantenimiento` smallint(5) unsigned NOT NULL,
  `id_inventario` smallint(5) unsigned NOT NULL,
  `fecha` time NOT NULL,
  `estado` varchar(25) DEFAULT NULL COMMENT 'cambio,reparacio,correccion',
  `cantidad` float unsigned NOT NULL,
  `notas` varchar(600) DEFAULT NULL,
  `registro` timestamp NOT NULL DEFAULT CURRENT_TIMESTAMP ON UPDATE CURRENT_TIMESTAMP,
  PRIMARY KEY (`id_mantenimiento`,`id_inventario`),
  UNIQUE KEY `id_mantenimiento_detalle` (`id_mantenimiento_detalle`),
  KEY `fk_mantenimiento_detalle_inventario` (`id_inventario`)
) ENGINE=InnoDB  DEFAULT CHARSET=latin1 COMMENT='Registra los detalles del mantenimiento y los costos de los insumos' AUTO_INCREMENT=3597 ;

--
-- Dumping data for table `mantenimiento_detalle`
--

INSERT INTO `mantenimiento_detalle` (`id_mantenimiento_detalle`, `id_mantenimiento`, `id_inventario`, `fecha`, `estado`, `cantidad`, `notas`, `registro`) VALUES
(1, 2, 1000, '00:00:00', 'Sucio', 2, NULL, '2013-10-30 01:44:43'),
(2, 2, 1001, '00:00:00', 'Sucio', 1, NULL, '2013-10-30 01:44:43'),
(3, 2, 1002, '00:00:00', 'Sucio', 0.275, NULL, '2013-10-30 01:44:43'),
(4, 2, 1003, '00:00:00', 'Sucio', 1, NULL, '2013-10-30 01:44:43'),
(5, 2, 1004, '00:00:00', NULL, 0, NULL, '2013-11-02 01:25:32'),
(6, 2, 1005, '00:00:00', NULL, 0, NULL, '2013-10-30 01:44:04'),
(7, 2, 1006, '00:00:00', NULL, 0, NULL, '2013-10-30 01:44:04'),
(8, 2, 1007, '00:00:00', NULL, 0, NULL, '2013-10-30 01:44:04'),
(9, 2, 1008, '00:00:00', NULL, 0, NULL, '2013-10-30 01:44:04'),
(10, 2, 1009, '00:00:00', NULL, 0, NULL, '2013-10-30 01:44:04'),
(11, 2, 1010, '00:00:00', NULL, 0, NULL, '2013-10-30 01:44:04'),
(12, 2, 1011, '00:00:00', NULL, 0, NULL, '2013-10-30 01:44:04'),
(13, 2, 1012, '00:00:00', NULL, 0, NULL, '2013-10-30 01:44:04'),
(14, 2, 1013, '00:00:00', NULL, 0, NULL, '2013-10-30 01:44:04'),
(15, 2, 1014, '00:00:00', NULL, 0, NULL, '2013-10-30 01:44:04'),
(16, 2, 1015, '00:00:00', NULL, 0, NULL, '2013-10-30 01:44:04'),
(17, 2, 1016, '00:00:00', NULL, 0, NULL, '2013-10-30 01:44:04'),
(18, 2, 1017, '00:00:00', NULL, 0, NULL, '2013-10-30 01:44:04'),
(19, 2, 1018, '00:00:00', NULL, 0, NULL, '2013-10-30 01:44:04'),
(20, 2, 1019, '00:00:00', NULL, 0, NULL, '2013-10-30 01:44:04'),
(21, 2, 1020, '00:00:00', NULL, 0, NULL, '2013-10-30 01:44:04'),
(22, 2, 1021, '00:00:00', NULL, 0, NULL, '2013-10-30 01:44:04'),
(23, 2, 1022, '00:00:00', NULL, 0, NULL, '2013-10-30 01:44:04'),
(24, 2, 1023, '00:00:00', NULL, 0, NULL, '2013-10-30 01:44:04'),
(25, 2, 1024, '00:00:00', NULL, 0, NULL, '2013-10-30 01:44:04'),
(26, 2, 1025, '00:00:00', NULL, 0, NULL, '2013-10-30 01:44:04'),
(27, 2, 1026, '00:00:00', NULL, 0, NULL, '2013-10-30 01:44:04'),
(28, 2, 1027, '00:00:00', NULL, 0, NULL, '2013-10-30 01:44:04'),
(29, 2, 1028, '00:00:00', NULL, 0, NULL, '2013-10-30 01:44:04'),
(30, 2, 1029, '00:00:00', NULL, 0, NULL, '2013-10-30 01:44:04'),
(31, 2, 1030, '00:00:00', NULL, 0, NULL, '2013-10-30 01:44:04'),
(32, 3, 1000, '00:00:00', 'Sucio', 2, NULL, '2013-10-30 01:44:43'),
(33, 3, 1001, '00:00:00', 'Sucio', 1, NULL, '2013-10-30 01:44:43'),
(34, 3, 1002, '00:00:00', 'Sucio', 0.275, NULL, '2013-10-30 01:44:43'),
(35, 3, 1003, '00:00:00', 'Sucio', 1, NULL, '2013-10-30 01:44:43'),
(36, 3, 1004, '00:00:00', NULL, 0, NULL, '2013-11-02 01:25:32'),
(37, 3, 1005, '00:00:00', NULL, 0, NULL, '2013-10-30 01:44:04'),
(38, 3, 1006, '00:00:00', NULL, 0, NULL, '2013-10-30 01:44:04'),
(39, 3, 1007, '00:00:00', NULL, 0, NULL, '2013-10-30 01:44:04'),
(40, 3, 1008, '00:00:00', NULL, 0, NULL, '2013-10-30 01:44:04'),
(41, 3, 1009, '00:00:00', NULL, 0, NULL, '2013-10-30 01:44:04'),
(42, 3, 1010, '00:00:00', NULL, 0, NULL, '2013-10-30 01:44:04'),
(43, 3, 1011, '00:00:00', NULL, 0, NULL, '2013-10-30 01:44:04'),
(44, 3, 1012, '00:00:00', NULL, 0, NULL, '2013-10-30 01:44:04'),
(45, 3, 1013, '00:00:00', NULL, 0, NULL, '2013-10-30 01:44:04'),
(46, 3, 1014, '00:00:00', NULL, 0, NULL, '2013-10-30 01:44:04'),
(47, 3, 1015, '00:00:00', NULL, 0, NULL, '2013-10-30 01:44:04'),
(48, 3, 1016, '00:00:00', NULL, 0, NULL, '2013-10-30 01:44:04'),
(49, 3, 1017, '00:00:00', NULL, 0, NULL, '2013-10-30 01:44:04'),
(50, 3, 1018, '00:00:00', NULL, 0, NULL, '2013-10-30 01:44:04'),
(51, 3, 1019, '00:00:00', NULL, 0, NULL, '2013-10-30 01:44:04'),
(52, 3, 1020, '00:00:00', NULL, 0, NULL, '2013-10-30 01:44:04'),
(53, 3, 1021, '00:00:00', NULL, 0, NULL, '2013-10-30 01:44:04'),
(54, 3, 1022, '00:00:00', NULL, 0, NULL, '2013-10-30 01:44:04'),
(55, 3, 1023, '00:00:00', NULL, 0, NULL, '2013-10-30 01:44:04'),
(56, 3, 1024, '00:00:00', NULL, 0, NULL, '2013-10-30 01:44:04'),
(57, 3, 1025, '00:00:00', NULL, 0, NULL, '2013-10-30 01:44:04'),
(58, 3, 1026, '00:00:00', NULL, 0, NULL, '2013-10-30 01:44:04'),
(59, 3, 1027, '00:00:00', NULL, 0, NULL, '2013-10-30 01:44:04'),
(60, 3, 1028, '00:00:00', NULL, 0, NULL, '2013-10-30 01:44:04'),
(61, 3, 1029, '00:00:00', NULL, 0, NULL, '2013-10-30 01:44:04'),
(62, 3, 1030, '00:00:00', NULL, 0, NULL, '2013-10-30 01:44:04'),
(63, 4, 1000, '00:00:00', 'Sucio', 2, NULL, '2013-10-30 01:44:43'),
(64, 4, 1001, '00:00:00', 'Sucio', 1, NULL, '2013-10-30 01:44:43'),
(65, 4, 1002, '00:00:00', 'Sucio', 0.275, NULL, '2013-10-30 01:44:43'),
(66, 4, 1003, '00:00:00', 'Sucio', 1, NULL, '2013-10-30 01:44:43'),
(67, 4, 1004, '00:00:00', NULL, 0, NULL, '2013-11-02 01:25:32'),
(68, 4, 1005, '00:00:00', NULL, 0, NULL, '2013-10-30 01:44:04'),
(69, 4, 1006, '00:00:00', NULL, 0, NULL, '2013-10-30 01:44:04'),
(70, 4, 1007, '00:00:00', NULL, 0, NULL, '2013-10-30 01:44:04'),
(71, 4, 1008, '00:00:00', NULL, 0, NULL, '2013-10-30 01:44:04'),
(72, 4, 1009, '00:00:00', NULL, 0, NULL, '2013-10-30 01:44:04'),
(73, 4, 1010, '00:00:00', NULL, 0, NULL, '2013-10-30 01:44:04'),
(74, 4, 1011, '00:00:00', NULL, 0, NULL, '2013-10-30 01:44:04'),
(75, 4, 1012, '00:00:00', NULL, 0, NULL, '2013-10-30 01:44:04'),
(76, 4, 1013, '00:00:00', NULL, 0, NULL, '2013-10-30 01:44:04'),
(77, 4, 1014, '00:00:00', NULL, 0, NULL, '2013-10-30 01:44:04'),
(78, 4, 1015, '00:00:00', NULL, 0, NULL, '2013-10-30 01:44:04'),
(79, 4, 1016, '00:00:00', NULL, 0, NULL, '2013-10-30 01:44:04'),
(80, 4, 1017, '00:00:00', NULL, 0, NULL, '2013-10-30 01:44:04'),
(81, 4, 1018, '00:00:00', NULL, 0, NULL, '2013-10-30 01:44:04'),
(82, 4, 1019, '00:00:00', NULL, 0, NULL, '2013-10-30 01:44:04'),
(83, 4, 1020, '00:00:00', NULL, 0, NULL, '2013-10-30 01:44:04'),
(84, 4, 1021, '00:00:00', NULL, 0, NULL, '2013-10-30 01:44:04'),
(85, 4, 1022, '00:00:00', NULL, 0, NULL, '2013-10-30 01:44:04'),
(86, 4, 1023, '00:00:00', NULL, 0, NULL, '2013-10-30 01:44:04'),
(87, 4, 1024, '00:00:00', NULL, 0, NULL, '2013-10-30 01:44:04'),
(88, 4, 1025, '00:00:00', NULL, 0, NULL, '2013-10-30 01:44:04'),
(89, 4, 1026, '00:00:00', NULL, 0, NULL, '2013-10-30 01:44:04'),
(90, 4, 1027, '00:00:00', NULL, 0, NULL, '2013-10-30 01:44:04'),
(91, 4, 1028, '00:00:00', NULL, 0, NULL, '2013-10-30 01:44:04'),
(92, 4, 1029, '00:00:00', NULL, 0, NULL, '2013-10-30 01:44:04'),
(93, 4, 1030, '00:00:00', NULL, 0, NULL, '2013-10-30 01:44:04'),
(94, 5, 1000, '00:00:00', 'Sucio', 2, NULL, '2013-10-30 01:44:43'),
(95, 5, 1001, '00:00:00', 'Sucio', 1, NULL, '2013-10-30 01:44:43'),
(96, 5, 1002, '00:00:00', 'Sucio', 0.275, NULL, '2013-10-30 01:44:43'),
(97, 5, 1003, '00:00:00', 'Sucio', 1, NULL, '2013-10-30 01:44:43'),
(98, 5, 1004, '00:00:00', NULL, 0, NULL, '2013-11-02 01:25:32'),
(99, 5, 1005, '00:00:00', NULL, 0, NULL, '2013-10-30 01:44:04'),
(100, 5, 1006, '00:00:00', NULL, 0, NULL, '2013-10-30 01:44:04'),
(101, 5, 1007, '00:00:00', NULL, 0, NULL, '2013-10-30 01:44:04'),
(102, 5, 1008, '00:00:00', NULL, 0, NULL, '2013-10-30 01:44:04'),
(103, 5, 1009, '00:00:00', NULL, 0, NULL, '2013-10-30 01:44:04'),
(104, 5, 1010, '00:00:00', NULL, 0, NULL, '2013-10-30 01:44:04'),
(105, 5, 1011, '00:00:00', NULL, 0, NULL, '2013-10-30 01:44:04'),
(106, 5, 1012, '00:00:00', NULL, 0, NULL, '2013-10-30 01:44:04'),
(107, 5, 1013, '00:00:00', NULL, 0, NULL, '2013-10-30 01:44:04'),
(108, 5, 1014, '00:00:00', NULL, 0, NULL, '2013-10-30 01:44:04'),
(109, 5, 1015, '00:00:00', NULL, 0, NULL, '2013-10-30 01:44:04'),
(110, 5, 1016, '00:00:00', NULL, 0, NULL, '2013-10-30 01:44:04'),
(111, 5, 1017, '00:00:00', NULL, 0, NULL, '2013-10-30 01:44:04'),
(112, 5, 1018, '00:00:00', NULL, 0, NULL, '2013-10-30 01:44:04'),
(113, 5, 1019, '00:00:00', NULL, 0, NULL, '2013-10-30 01:44:04'),
(114, 5, 1020, '00:00:00', NULL, 0, NULL, '2013-10-30 01:44:04'),
(115, 5, 1021, '00:00:00', NULL, 0, NULL, '2013-10-30 01:44:04'),
(116, 5, 1022, '00:00:00', NULL, 0, NULL, '2013-10-30 01:44:04'),
(117, 5, 1023, '00:00:00', NULL, 0, NULL, '2013-10-30 01:44:04'),
(118, 5, 1024, '00:00:00', NULL, 0, NULL, '2013-10-30 01:44:04'),
(119, 5, 1025, '00:00:00', NULL, 0, NULL, '2013-10-30 01:44:04'),
(120, 5, 1026, '00:00:00', NULL, 0, NULL, '2013-10-30 01:44:04'),
(121, 5, 1027, '00:00:00', NULL, 0, NULL, '2013-10-30 01:44:04'),
(122, 5, 1028, '00:00:00', NULL, 0, NULL, '2013-10-30 01:44:04'),
(123, 5, 1029, '00:00:00', NULL, 0, NULL, '2013-10-30 01:44:04'),
(124, 5, 1030, '00:00:00', NULL, 0, NULL, '2013-10-30 01:44:04'),
(125, 6, 1000, '00:00:00', 'Sucio', 2, NULL, '2013-10-30 01:44:43'),
(126, 6, 1001, '00:00:00', 'Sucio', 1, NULL, '2013-10-30 01:44:43'),
(127, 6, 1002, '00:00:00', 'Sucio', 0.275, NULL, '2013-10-30 01:44:43'),
(128, 6, 1003, '00:00:00', 'Sucio', 1, NULL, '2013-10-30 01:44:43'),
(129, 6, 1004, '00:00:00', NULL, 0, NULL, '2013-11-02 01:25:32'),
(130, 6, 1005, '00:00:00', NULL, 0, NULL, '2013-10-30 01:44:04'),
(131, 6, 1006, '00:00:00', NULL, 0, NULL, '2013-10-30 01:44:04'),
(132, 6, 1007, '00:00:00', NULL, 0, NULL, '2013-10-30 01:44:04'),
(133, 6, 1008, '00:00:00', NULL, 0, NULL, '2013-10-30 01:44:04'),
(134, 6, 1009, '00:00:00', NULL, 0, NULL, '2013-10-30 01:44:04'),
(135, 6, 1010, '00:00:00', NULL, 0, NULL, '2013-10-30 01:44:04'),
(136, 6, 1011, '00:00:00', NULL, 0, NULL, '2013-10-30 01:44:04'),
(137, 6, 1012, '00:00:00', NULL, 0, NULL, '2013-10-30 01:44:04'),
(138, 6, 1013, '00:00:00', NULL, 0, NULL, '2013-10-30 01:44:04'),
(139, 6, 1014, '00:00:00', NULL, 0, NULL, '2013-10-30 01:44:04'),
(140, 6, 1015, '00:00:00', NULL, 0, NULL, '2013-10-30 01:44:04'),
(141, 6, 1016, '00:00:00', NULL, 0, NULL, '2013-10-30 01:44:04'),
(142, 6, 1017, '00:00:00', NULL, 0, NULL, '2013-10-30 01:44:04'),
(143, 6, 1018, '00:00:00', NULL, 0, NULL, '2013-10-30 01:44:04'),
(144, 6, 1019, '00:00:00', NULL, 0, NULL, '2013-10-30 01:44:04'),
(145, 6, 1020, '00:00:00', NULL, 0, NULL, '2013-10-30 01:44:04'),
(146, 6, 1021, '00:00:00', NULL, 0, NULL, '2013-10-30 01:44:04'),
(147, 6, 1022, '00:00:00', NULL, 0, NULL, '2013-10-30 01:44:04'),
(148, 6, 1023, '00:00:00', NULL, 0, NULL, '2013-10-30 01:44:04'),
(149, 6, 1024, '00:00:00', NULL, 0, NULL, '2013-10-30 01:44:04'),
(150, 6, 1025, '00:00:00', NULL, 0, NULL, '2013-10-30 01:44:04'),
(151, 6, 1026, '00:00:00', NULL, 0, NULL, '2013-10-30 01:44:04'),
(152, 6, 1027, '00:00:00', NULL, 0, NULL, '2013-10-30 01:44:04'),
(153, 6, 1028, '00:00:00', NULL, 0, NULL, '2013-10-30 01:44:04'),
(154, 6, 1029, '00:00:00', NULL, 0, NULL, '2013-10-30 01:44:04'),
(155, 6, 1030, '00:00:00', NULL, 0, NULL, '2013-10-30 01:44:04'),
(156, 7, 1000, '00:00:00', 'Sucio', 2, NULL, '2013-10-30 01:44:43'),
(157, 7, 1001, '00:00:00', 'Sucio', 1, NULL, '2013-10-30 01:44:43'),
(158, 7, 1002, '00:00:00', 'Sucio', 0.275, NULL, '2013-10-30 01:44:43'),
(159, 7, 1003, '00:00:00', 'Sucio', 1, NULL, '2013-10-30 01:44:43'),
(160, 7, 1004, '00:00:00', NULL, 0, NULL, '2013-11-02 01:25:32'),
(161, 7, 1005, '00:00:00', NULL, 0, NULL, '2013-10-30 01:44:04'),
(162, 7, 1006, '00:00:00', NULL, 0, NULL, '2013-10-30 01:44:04'),
(163, 7, 1007, '00:00:00', NULL, 0, NULL, '2013-10-30 01:44:04'),
(164, 7, 1008, '00:00:00', NULL, 0, NULL, '2013-10-30 01:44:04'),
(165, 7, 1009, '00:00:00', NULL, 0, NULL, '2013-10-30 01:44:04'),
(166, 7, 1010, '00:00:00', NULL, 0, NULL, '2013-10-30 01:44:04'),
(167, 7, 1011, '00:00:00', NULL, 0, NULL, '2013-10-30 01:44:04'),
(168, 7, 1012, '00:00:00', NULL, 0, NULL, '2013-10-30 01:44:04'),
(169, 7, 1013, '00:00:00', NULL, 0, NULL, '2013-10-30 01:44:04'),
(170, 7, 1014, '00:00:00', NULL, 0, NULL, '2013-10-30 01:44:04'),
(171, 7, 1015, '00:00:00', NULL, 0, NULL, '2013-10-30 01:44:04'),
(172, 7, 1016, '00:00:00', NULL, 0, NULL, '2013-10-30 01:44:04'),
(173, 7, 1017, '00:00:00', NULL, 0, NULL, '2013-10-30 01:44:04'),
(174, 7, 1018, '00:00:00', NULL, 0, NULL, '2013-10-30 01:44:04'),
(175, 7, 1019, '00:00:00', NULL, 0, NULL, '2013-10-30 01:44:04'),
(176, 7, 1020, '00:00:00', NULL, 0, NULL, '2013-10-30 01:44:04'),
(177, 7, 1021, '00:00:00', NULL, 0, NULL, '2013-10-30 01:44:04'),
(178, 7, 1022, '00:00:00', NULL, 0, NULL, '2013-10-30 01:44:04'),
(179, 7, 1023, '00:00:00', NULL, 0, NULL, '2013-10-30 01:44:04'),
(180, 7, 1024, '00:00:00', NULL, 0, NULL, '2013-10-30 01:44:04'),
(181, 7, 1025, '00:00:00', NULL, 0, NULL, '2013-10-30 01:44:04'),
(182, 7, 1026, '00:00:00', NULL, 0, NULL, '2013-10-30 01:44:04'),
(183, 7, 1027, '00:00:00', NULL, 0, NULL, '2013-10-30 01:44:04'),
(184, 7, 1028, '00:00:00', NULL, 0, NULL, '2013-10-30 01:44:04'),
(185, 7, 1029, '00:00:00', NULL, 0, NULL, '2013-10-30 01:44:04'),
(186, 7, 1030, '00:00:00', NULL, 0, NULL, '2013-10-30 01:44:04'),
(187, 8, 1000, '00:00:00', 'Sucio', 2, NULL, '2013-10-30 01:44:43'),
(188, 8, 1001, '00:00:00', 'Sucio', 1, NULL, '2013-10-30 01:44:43'),
(189, 8, 1002, '00:00:00', 'Sucio', 0.275, NULL, '2013-10-30 01:44:43'),
(190, 8, 1003, '00:00:00', 'Sucio', 1, NULL, '2013-10-30 01:44:43'),
(191, 8, 1004, '00:00:00', NULL, 0, NULL, '2013-11-02 01:25:32'),
(192, 8, 1005, '00:00:00', NULL, 0, NULL, '2013-10-30 01:44:04'),
(193, 8, 1006, '00:00:00', NULL, 0, NULL, '2013-10-30 01:44:04'),
(194, 8, 1007, '00:00:00', NULL, 0, NULL, '2013-10-30 01:44:04'),
(195, 8, 1008, '00:00:00', NULL, 0, NULL, '2013-10-30 01:44:04'),
(196, 8, 1009, '00:00:00', NULL, 0, NULL, '2013-10-30 01:44:04'),
(197, 8, 1010, '00:00:00', NULL, 0, NULL, '2013-10-30 01:44:04'),
(198, 8, 1011, '00:00:00', NULL, 0, NULL, '2013-10-30 01:44:04'),
(199, 8, 1012, '00:00:00', NULL, 0, NULL, '2013-10-30 01:44:04'),
(200, 8, 1013, '00:00:00', NULL, 0, NULL, '2013-10-30 01:44:04'),
(201, 8, 1014, '00:00:00', NULL, 0, NULL, '2013-10-30 01:44:04'),
(202, 8, 1015, '00:00:00', NULL, 0, NULL, '2013-10-30 01:44:04'),
(203, 8, 1016, '00:00:00', NULL, 0, NULL, '2013-10-30 01:44:04'),
(204, 8, 1017, '00:00:00', NULL, 0, NULL, '2013-10-30 01:44:04'),
(205, 8, 1018, '00:00:00', NULL, 0, NULL, '2013-10-30 01:44:04'),
(206, 8, 1019, '00:00:00', NULL, 0, NULL, '2013-10-30 01:44:04'),
(207, 8, 1020, '00:00:00', NULL, 0, NULL, '2013-10-30 01:44:04'),
(208, 8, 1021, '00:00:00', NULL, 0, NULL, '2013-10-30 01:44:04'),
(209, 8, 1022, '00:00:00', NULL, 0, NULL, '2013-10-30 01:44:04'),
(210, 8, 1023, '00:00:00', NULL, 0, NULL, '2013-10-30 01:44:04'),
(211, 8, 1024, '00:00:00', NULL, 0, NULL, '2013-10-30 01:44:04'),
(212, 8, 1025, '00:00:00', NULL, 0, NULL, '2013-10-30 01:44:04'),
(213, 8, 1026, '00:00:00', NULL, 0, NULL, '2013-10-30 01:44:04'),
(214, 8, 1027, '00:00:00', NULL, 0, NULL, '2013-10-30 01:44:04'),
(215, 8, 1028, '00:00:00', NULL, 0, NULL, '2013-10-30 01:44:04'),
(216, 8, 1029, '00:00:00', NULL, 0, NULL, '2013-10-30 01:44:04'),
(217, 8, 1030, '00:00:00', NULL, 0, NULL, '2013-10-30 01:44:04'),
(218, 9, 1000, '00:00:00', 'Sucio', 2, NULL, '2013-10-30 01:44:43'),
(219, 9, 1001, '00:00:00', 'Sucio', 1, NULL, '2013-10-30 01:44:43'),
(220, 9, 1002, '00:00:00', 'Sucio', 0.275, NULL, '2013-10-30 01:44:43'),
(221, 9, 1003, '00:00:00', 'Sucio', 1, NULL, '2013-10-30 01:44:43'),
(222, 9, 1004, '00:00:00', NULL, 0.8, NULL, '2013-11-02 01:29:05'),
(223, 9, 1005, '00:00:00', NULL, 0.17, NULL, '2013-11-02 01:07:15'),
(224, 9, 1006, '00:00:00', NULL, 0, NULL, '2013-10-30 01:44:04'),
(225, 9, 1007, '00:00:00', NULL, 0, NULL, '2013-10-30 01:44:04'),
(226, 9, 1008, '00:00:00', NULL, 0, NULL, '2013-10-30 01:44:04'),
(227, 9, 1009, '00:00:00', NULL, 0, NULL, '2013-10-30 01:44:04'),
(228, 9, 1010, '00:00:00', NULL, 0, NULL, '2013-10-30 01:44:04'),
(229, 9, 1011, '00:00:00', NULL, 0, NULL, '2013-10-30 01:44:04'),
(230, 9, 1012, '00:00:00', NULL, 0, NULL, '2013-10-30 01:44:04'),
(231, 9, 1013, '00:00:00', NULL, 0, NULL, '2013-10-30 01:44:04'),
(232, 9, 1014, '00:00:00', NULL, 0, NULL, '2013-10-30 01:44:04'),
(233, 9, 1015, '00:00:00', NULL, 0, NULL, '2013-10-30 01:44:04'),
(234, 9, 1016, '00:00:00', NULL, 0, NULL, '2013-10-30 01:44:04'),
(235, 9, 1017, '00:00:00', NULL, 0, NULL, '2013-10-30 01:44:04'),
(236, 9, 1018, '00:00:00', NULL, 0, NULL, '2013-10-30 01:44:04'),
(237, 9, 1019, '00:00:00', NULL, 0, NULL, '2013-10-30 01:44:04'),
(238, 9, 1020, '00:00:00', NULL, 0, NULL, '2013-10-30 01:44:04'),
(239, 9, 1021, '00:00:00', NULL, 0, NULL, '2013-10-30 01:44:04'),
(240, 9, 1022, '00:00:00', NULL, 0, NULL, '2013-10-30 01:44:04'),
(241, 9, 1023, '00:00:00', NULL, 0, NULL, '2013-10-30 01:44:04'),
(242, 9, 1024, '00:00:00', NULL, 0, NULL, '2013-10-30 01:44:04'),
(243, 9, 1025, '00:00:00', NULL, 0, NULL, '2013-10-30 01:44:04'),
(244, 9, 1026, '00:00:00', NULL, 0, NULL, '2013-10-30 01:44:04'),
(245, 9, 1027, '00:00:00', NULL, 0, NULL, '2013-10-30 01:44:04'),
(246, 9, 1028, '00:00:00', NULL, 0, NULL, '2013-10-30 01:44:04'),
(247, 9, 1029, '00:00:00', NULL, 0, NULL, '2013-10-30 01:44:04'),
(248, 9, 1030, '00:00:00', NULL, 0, NULL, '2013-10-30 01:44:04'),
(249, 10, 1000, '00:00:00', 'Sucio', 2, NULL, '2013-10-30 01:44:43'),
(250, 10, 1001, '00:00:00', 'Sucio', 1, NULL, '2013-10-30 01:44:43'),
(251, 10, 1002, '00:00:00', 'Sucio', 0.275, NULL, '2013-10-30 01:44:43'),
(252, 10, 1003, '00:00:00', 'Sucio', 1, NULL, '2013-10-30 01:44:43'),
(253, 10, 1004, '00:00:00', NULL, 0, NULL, '2013-11-02 01:28:06'),
(254, 10, 1005, '00:00:00', NULL, 0, NULL, '2013-10-30 01:44:04'),
(255, 10, 1006, '00:00:00', NULL, 0, NULL, '2013-10-30 01:44:04'),
(256, 10, 1007, '00:00:00', NULL, 0, NULL, '2013-10-30 01:44:04'),
(257, 10, 1008, '00:00:00', NULL, 0, NULL, '2013-10-30 01:44:04'),
(258, 10, 1009, '00:00:00', NULL, 0, NULL, '2013-10-30 01:44:04'),
(259, 10, 1010, '00:00:00', NULL, 0, NULL, '2013-10-30 01:44:04'),
(260, 10, 1011, '00:00:00', NULL, 0, NULL, '2013-10-30 01:44:04'),
(261, 10, 1012, '00:00:00', NULL, 0, NULL, '2013-10-30 01:44:04'),
(262, 10, 1013, '00:00:00', NULL, 0, NULL, '2013-10-30 01:44:04'),
(263, 10, 1014, '00:00:00', NULL, 0, NULL, '2013-10-30 01:44:04'),
(264, 10, 1015, '00:00:00', NULL, 0, NULL, '2013-10-30 01:44:04'),
(265, 10, 1016, '00:00:00', NULL, 0, NULL, '2013-10-30 01:44:04'),
(266, 10, 1017, '00:00:00', NULL, 0, NULL, '2013-10-30 01:44:04'),
(267, 10, 1018, '00:00:00', NULL, 0, NULL, '2013-10-30 01:44:04'),
(268, 10, 1019, '00:00:00', NULL, 0, NULL, '2013-10-30 01:44:04'),
(269, 10, 1020, '00:00:00', NULL, 0, NULL, '2013-10-30 01:44:04'),
(270, 10, 1021, '00:00:00', NULL, 0, NULL, '2013-10-30 01:44:04'),
(271, 10, 1022, '00:00:00', NULL, 0, NULL, '2013-10-30 01:44:04'),
(272, 10, 1023, '00:00:00', NULL, 0, NULL, '2013-10-30 01:44:04'),
(273, 10, 1024, '00:00:00', NULL, 0, NULL, '2013-10-30 01:44:04'),
(274, 10, 1025, '00:00:00', NULL, 0, NULL, '2013-10-30 01:44:04'),
(275, 10, 1026, '00:00:00', NULL, 0, NULL, '2013-10-30 01:44:04'),
(276, 10, 1027, '00:00:00', NULL, 0, NULL, '2013-10-30 01:44:04'),
(277, 10, 1028, '00:00:00', NULL, 0, NULL, '2013-10-30 01:44:04'),
(278, 10, 1029, '00:00:00', NULL, 0, NULL, '2013-10-30 01:44:04'),
(279, 10, 1030, '00:00:00', NULL, 0, NULL, '2013-10-30 01:44:04'),
(280, 11, 1000, '00:00:00', 'Sucio', 2, NULL, '2013-10-30 01:44:43'),
(281, 11, 1001, '00:00:00', 'Sucio', 1, NULL, '2013-10-30 01:44:43'),
(282, 11, 1002, '00:00:00', 'Sucio', 0.275, NULL, '2013-10-30 01:44:43'),
(283, 11, 1003, '00:00:00', 'Sucio', 1, NULL, '2013-10-30 01:44:43'),
(284, 11, 1004, '00:00:00', NULL, 0, NULL, '2013-11-02 01:28:06'),
(285, 11, 1005, '00:00:00', NULL, 0, NULL, '2013-10-30 01:44:04'),
(286, 11, 1006, '00:00:00', NULL, 0, NULL, '2013-10-30 01:44:04'),
(287, 11, 1007, '00:00:00', NULL, 0, NULL, '2013-10-30 01:44:04'),
(288, 11, 1008, '00:00:00', NULL, 0, NULL, '2013-10-30 01:44:04'),
(289, 11, 1009, '00:00:00', NULL, 0, NULL, '2013-10-30 01:44:04'),
(290, 11, 1010, '00:00:00', NULL, 0, NULL, '2013-10-30 01:44:04'),
(291, 11, 1011, '00:00:00', NULL, 0, NULL, '2013-10-30 01:44:04'),
(292, 11, 1012, '00:00:00', NULL, 0, NULL, '2013-10-30 01:44:04'),
(293, 11, 1013, '00:00:00', NULL, 0, NULL, '2013-10-30 01:44:04'),
(294, 11, 1014, '00:00:00', NULL, 0, NULL, '2013-10-30 01:44:04'),
(295, 11, 1015, '00:00:00', NULL, 0, NULL, '2013-10-30 01:44:04'),
(296, 11, 1016, '00:00:00', NULL, 0, NULL, '2013-10-30 01:44:04'),
(297, 11, 1017, '00:00:00', NULL, 0, NULL, '2013-10-30 01:44:04'),
(298, 11, 1018, '00:00:00', NULL, 0, NULL, '2013-10-30 01:44:04'),
(299, 11, 1019, '00:00:00', NULL, 0, NULL, '2013-10-30 01:44:04'),
(300, 11, 1020, '00:00:00', NULL, 0, NULL, '2013-10-30 01:44:04'),
(301, 11, 1021, '00:00:00', NULL, 0, NULL, '2013-10-30 01:44:04'),
(302, 11, 1022, '00:00:00', NULL, 0, NULL, '2013-10-30 01:44:04'),
(303, 11, 1023, '00:00:00', NULL, 0, NULL, '2013-10-30 01:44:04'),
(304, 11, 1024, '00:00:00', NULL, 0, NULL, '2013-10-30 01:44:04'),
(305, 11, 1025, '00:00:00', NULL, 0, NULL, '2013-10-30 01:44:04'),
(306, 11, 1026, '00:00:00', NULL, 0, NULL, '2013-10-30 01:44:04'),
(307, 11, 1027, '00:00:00', NULL, 0, NULL, '2013-10-30 01:44:04'),
(308, 11, 1028, '00:00:00', NULL, 0, NULL, '2013-10-30 01:44:04'),
(309, 11, 1029, '00:00:00', NULL, 0, NULL, '2013-10-30 01:44:04'),
(310, 11, 1030, '00:00:00', NULL, 0, NULL, '2013-10-30 01:44:04'),
(311, 12, 1000, '00:00:00', 'Sucio', 2, NULL, '2013-10-30 01:44:43'),
(312, 12, 1001, '00:00:00', 'Sucio', 1, NULL, '2013-10-30 01:44:43'),
(313, 12, 1002, '00:00:00', 'Sucio', 0.275, NULL, '2013-10-30 01:44:43'),
(314, 12, 1003, '00:00:00', 'Sucio', 1, NULL, '2013-10-30 01:44:43'),
(315, 12, 1004, '00:00:00', NULL, 0, NULL, '2013-11-02 01:28:06'),
(316, 12, 1005, '00:00:00', NULL, 0, NULL, '2013-10-30 01:44:04'),
(317, 12, 1006, '00:00:00', NULL, 0, NULL, '2013-10-30 01:44:04'),
(318, 12, 1007, '00:00:00', NULL, 0, NULL, '2013-10-30 01:44:04'),
(319, 12, 1008, '00:00:00', NULL, 0, NULL, '2013-10-30 01:44:04'),
(320, 12, 1009, '00:00:00', NULL, 0, NULL, '2013-10-30 01:44:04'),
(321, 12, 1010, '00:00:00', NULL, 0, NULL, '2013-10-30 01:44:04'),
(322, 12, 1011, '00:00:00', NULL, 0, NULL, '2013-10-30 01:44:04'),
(323, 12, 1012, '00:00:00', NULL, 0, NULL, '2013-10-30 01:44:04'),
(324, 12, 1013, '00:00:00', NULL, 0, NULL, '2013-10-30 01:44:04'),
(325, 12, 1014, '00:00:00', NULL, 0, NULL, '2013-10-30 01:44:04'),
(326, 12, 1015, '00:00:00', NULL, 0, NULL, '2013-10-30 01:44:04'),
(327, 12, 1016, '00:00:00', NULL, 0, NULL, '2013-10-30 01:44:04'),
(328, 12, 1017, '00:00:00', NULL, 0, NULL, '2013-10-30 01:44:04'),
(329, 12, 1018, '00:00:00', NULL, 0, NULL, '2013-10-30 01:44:04'),
(330, 12, 1019, '00:00:00', NULL, 0, NULL, '2013-10-30 01:44:04'),
(331, 12, 1020, '00:00:00', NULL, 0, NULL, '2013-10-30 01:44:04'),
(332, 12, 1021, '00:00:00', NULL, 0, NULL, '2013-10-30 01:44:04'),
(333, 12, 1022, '00:00:00', NULL, 0, NULL, '2013-10-30 01:44:04'),
(334, 12, 1023, '00:00:00', NULL, 0, NULL, '2013-10-30 01:44:04'),
(335, 12, 1024, '00:00:00', NULL, 0, NULL, '2013-10-30 01:44:04'),
(336, 12, 1025, '00:00:00', NULL, 0, NULL, '2013-10-30 01:44:04'),
(337, 12, 1026, '00:00:00', NULL, 0, NULL, '2013-10-30 01:44:04'),
(338, 12, 1027, '00:00:00', NULL, 0, NULL, '2013-10-30 01:44:04'),
(339, 12, 1028, '00:00:00', NULL, 0, NULL, '2013-10-30 01:44:04'),
(340, 12, 1029, '00:00:00', NULL, 0, NULL, '2013-10-30 01:44:04'),
(341, 12, 1030, '00:00:00', NULL, 0, NULL, '2013-10-30 01:44:04'),
(342, 13, 1000, '00:00:00', 'Sucio', 2, NULL, '2013-10-30 01:44:43'),
(343, 13, 1001, '00:00:00', 'Sucio', 1, NULL, '2013-10-30 01:44:43'),
(344, 13, 1002, '00:00:00', 'Sucio', 0.275, NULL, '2013-10-30 01:44:43'),
(345, 13, 1003, '00:00:00', 'Sucio', 1, NULL, '2013-10-30 01:44:43'),
(346, 13, 1004, '00:00:00', NULL, 0, NULL, '2013-11-02 01:28:06'),
(347, 13, 1005, '00:00:00', NULL, 0, NULL, '2013-10-30 01:44:04'),
(348, 13, 1006, '00:00:00', NULL, 0, NULL, '2013-10-30 01:44:04'),
(349, 13, 1007, '00:00:00', NULL, 0, NULL, '2013-10-30 01:44:04'),
(350, 13, 1008, '00:00:00', NULL, 0, NULL, '2013-10-30 01:44:04'),
(351, 13, 1009, '00:00:00', NULL, 0, NULL, '2013-10-30 01:44:04'),
(352, 13, 1010, '00:00:00', NULL, 0, NULL, '2013-10-30 01:44:04'),
(353, 13, 1011, '00:00:00', NULL, 0, NULL, '2013-10-30 01:44:04'),
(354, 13, 1012, '00:00:00', NULL, 0, NULL, '2013-10-30 01:44:04'),
(355, 13, 1013, '00:00:00', NULL, 0, NULL, '2013-10-30 01:44:04'),
(356, 13, 1014, '00:00:00', NULL, 0, NULL, '2013-10-30 01:44:04'),
(357, 13, 1015, '00:00:00', NULL, 0, NULL, '2013-10-30 01:44:04'),
(358, 13, 1016, '00:00:00', NULL, 0, NULL, '2013-10-30 01:44:04'),
(359, 13, 1017, '00:00:00', NULL, 0, NULL, '2013-10-30 01:44:04'),
(360, 13, 1018, '00:00:00', NULL, 0, NULL, '2013-10-30 01:44:04'),
(361, 13, 1019, '00:00:00', NULL, 0, NULL, '2013-10-30 01:44:04'),
(362, 13, 1020, '00:00:00', NULL, 0, NULL, '2013-10-30 01:44:04'),
(363, 13, 1021, '00:00:00', NULL, 0, NULL, '2013-10-30 01:44:04'),
(364, 13, 1022, '00:00:00', NULL, 0, NULL, '2013-10-30 01:44:04'),
(365, 13, 1023, '00:00:00', NULL, 0, NULL, '2013-10-30 01:44:04'),
(366, 13, 1024, '00:00:00', NULL, 0, NULL, '2013-10-30 01:44:04'),
(367, 13, 1025, '00:00:00', NULL, 0, NULL, '2013-10-30 01:44:04'),
(368, 13, 1026, '00:00:00', NULL, 0, NULL, '2013-10-30 01:44:04'),
(369, 13, 1027, '00:00:00', NULL, 0, NULL, '2013-10-30 01:44:04'),
(370, 13, 1028, '00:00:00', NULL, 0, NULL, '2013-10-30 01:44:04'),
(371, 13, 1029, '00:00:00', NULL, 0, NULL, '2013-10-30 01:44:04'),
(372, 13, 1030, '00:00:00', NULL, 0, NULL, '2013-10-30 01:44:04'),
(373, 14, 1000, '00:00:00', 'Sucio', 2, NULL, '2013-10-30 01:44:43'),
(374, 14, 1001, '00:00:00', 'Sucio', 1, NULL, '2013-10-30 01:44:43'),
(375, 14, 1002, '00:00:00', 'Sucio', 0.275, NULL, '2013-10-30 01:44:43'),
(376, 14, 1003, '00:00:00', 'Sucio', 1, NULL, '2013-10-30 01:44:43'),
(377, 14, 1004, '00:00:00', NULL, 0, NULL, '2013-11-02 01:28:06'),
(378, 14, 1005, '00:00:00', NULL, 0, NULL, '2013-10-30 01:44:04'),
(379, 14, 1006, '00:00:00', NULL, 0, NULL, '2013-10-30 01:44:04'),
(380, 14, 1007, '00:00:00', NULL, 0, NULL, '2013-10-30 01:44:04'),
(381, 14, 1008, '00:00:00', NULL, 0, NULL, '2013-10-30 01:44:04'),
(382, 14, 1009, '00:00:00', NULL, 0, NULL, '2013-10-30 01:44:04'),
(383, 14, 1010, '00:00:00', NULL, 0, NULL, '2013-10-30 01:44:04'),
(384, 14, 1011, '00:00:00', NULL, 0, NULL, '2013-10-30 01:44:04'),
(385, 14, 1012, '00:00:00', NULL, 0, NULL, '2013-10-30 01:44:04'),
(386, 14, 1013, '00:00:00', NULL, 0, NULL, '2013-10-30 01:44:04'),
(387, 14, 1014, '00:00:00', NULL, 0, NULL, '2013-10-30 01:44:04'),
(388, 14, 1015, '00:00:00', NULL, 0, NULL, '2013-10-30 01:44:04'),
(389, 14, 1016, '00:00:00', NULL, 0, NULL, '2013-10-30 01:44:04'),
(390, 14, 1017, '00:00:00', NULL, 0, NULL, '2013-10-30 01:44:04'),
(391, 14, 1018, '00:00:00', NULL, 0, NULL, '2013-10-30 01:44:04'),
(392, 14, 1019, '00:00:00', NULL, 0, NULL, '2013-10-30 01:44:04'),
(393, 14, 1020, '00:00:00', NULL, 0, NULL, '2013-10-30 01:44:04'),
(394, 14, 1021, '00:00:00', NULL, 0, NULL, '2013-10-30 01:44:04'),
(395, 14, 1022, '00:00:00', NULL, 0, NULL, '2013-10-30 01:44:04'),
(396, 14, 1023, '00:00:00', NULL, 0, NULL, '2013-10-30 01:44:04'),
(397, 14, 1024, '00:00:00', NULL, 0, NULL, '2013-10-30 01:44:04'),
(398, 14, 1025, '00:00:00', NULL, 0, NULL, '2013-10-30 01:44:04'),
(399, 14, 1026, '00:00:00', NULL, 0, NULL, '2013-10-30 01:44:04'),
(400, 14, 1027, '00:00:00', NULL, 0, NULL, '2013-10-30 01:44:04'),
(401, 14, 1028, '00:00:00', NULL, 0, NULL, '2013-10-30 01:44:04'),
(402, 14, 1029, '00:00:00', NULL, 0, NULL, '2013-10-30 01:44:04'),
(403, 14, 1030, '00:00:00', NULL, 0, NULL, '2013-10-30 01:44:04'),
(404, 15, 1000, '00:00:00', 'Sucio', 2, NULL, '2013-10-30 01:44:43'),
(405, 15, 1001, '00:00:00', 'Sucio', 1, NULL, '2013-10-30 01:44:43'),
(406, 15, 1002, '00:00:00', 'Sucio', 0.275, NULL, '2013-10-30 01:44:43'),
(407, 15, 1003, '00:00:00', 'Sucio', 1, NULL, '2013-10-30 01:44:43'),
(408, 15, 1004, '00:00:00', NULL, 0, NULL, '2013-11-02 01:28:06'),
(409, 15, 1005, '00:00:00', NULL, 0, NULL, '2013-10-30 01:44:04'),
(410, 15, 1006, '00:00:00', NULL, 0, NULL, '2013-10-30 01:44:04'),
(411, 15, 1007, '00:00:00', NULL, 0, NULL, '2013-10-30 01:44:04'),
(412, 15, 1008, '00:00:00', NULL, 0, NULL, '2013-10-30 01:44:04'),
(413, 15, 1009, '00:00:00', NULL, 0, NULL, '2013-10-30 01:44:04'),
(414, 15, 1010, '00:00:00', NULL, 0, NULL, '2013-10-30 01:44:04'),
(415, 15, 1011, '00:00:00', NULL, 0, NULL, '2013-10-30 01:44:04'),
(416, 15, 1012, '00:00:00', NULL, 0, NULL, '2013-10-30 01:44:04'),
(417, 15, 1013, '00:00:00', NULL, 0, NULL, '2013-10-30 01:44:04'),
(418, 15, 1014, '00:00:00', NULL, 0, NULL, '2013-10-30 01:44:04'),
(419, 15, 1015, '00:00:00', NULL, 0, NULL, '2013-10-30 01:44:04'),
(420, 15, 1016, '00:00:00', NULL, 0, NULL, '2013-10-30 01:44:04'),
(421, 15, 1017, '00:00:00', NULL, 0, NULL, '2013-10-30 01:44:04'),
(422, 15, 1018, '00:00:00', NULL, 0, NULL, '2013-10-30 01:44:04'),
(423, 15, 1019, '00:00:00', NULL, 0, NULL, '2013-10-30 01:44:04'),
(424, 15, 1020, '00:00:00', NULL, 0, NULL, '2013-10-30 01:44:04'),
(425, 15, 1021, '00:00:00', NULL, 0, NULL, '2013-10-30 01:44:04'),
(426, 15, 1022, '00:00:00', NULL, 0, NULL, '2013-10-30 01:44:04'),
(427, 15, 1023, '00:00:00', NULL, 0, NULL, '2013-10-30 01:44:04'),
(428, 15, 1024, '00:00:00', NULL, 0, NULL, '2013-10-30 01:44:04'),
(429, 15, 1025, '00:00:00', NULL, 0, NULL, '2013-10-30 01:44:04'),
(430, 15, 1026, '00:00:00', NULL, 0, NULL, '2013-10-30 01:44:04'),
(431, 15, 1027, '00:00:00', NULL, 0, NULL, '2013-10-30 01:44:04'),
(432, 15, 1028, '00:00:00', NULL, 0, NULL, '2013-10-30 01:44:04'),
(433, 15, 1029, '00:00:00', NULL, 0, NULL, '2013-10-30 01:44:04'),
(434, 15, 1030, '00:00:00', NULL, 0, NULL, '2013-10-30 01:44:04'),
(435, 16, 1000, '00:00:00', 'Sucio', 2, NULL, '2013-10-30 01:44:43'),
(436, 16, 1001, '00:00:00', 'Sucio', 1, NULL, '2013-10-30 01:44:43'),
(437, 16, 1002, '00:00:00', 'Sucio', 0.275, NULL, '2013-10-30 01:44:43'),
(438, 16, 1003, '00:00:00', 'Sucio', 1, NULL, '2013-10-30 01:44:43'),
(439, 16, 1004, '00:00:00', NULL, 0, NULL, '2013-11-02 01:28:06'),
(440, 16, 1005, '00:00:00', NULL, 0, NULL, '2013-10-30 01:44:04'),
(441, 16, 1006, '00:00:00', NULL, 0, NULL, '2013-10-30 01:44:04'),
(442, 16, 1007, '00:00:00', NULL, 0, NULL, '2013-10-30 01:44:04'),
(443, 16, 1008, '00:00:00', NULL, 0, NULL, '2013-10-30 01:44:04'),
(444, 16, 1009, '00:00:00', NULL, 0, NULL, '2013-10-30 01:44:04'),
(445, 16, 1010, '00:00:00', NULL, 0, NULL, '2013-10-30 01:44:04'),
(446, 16, 1011, '00:00:00', NULL, 0, NULL, '2013-10-30 01:44:04'),
(447, 16, 1012, '00:00:00', NULL, 0, NULL, '2013-10-30 01:44:04'),
(448, 16, 1013, '00:00:00', NULL, 0, NULL, '2013-10-30 01:44:04'),
(449, 16, 1014, '00:00:00', NULL, 0, NULL, '2013-10-30 01:44:04'),
(450, 16, 1015, '00:00:00', NULL, 0, NULL, '2013-10-30 01:44:04'),
(451, 16, 1016, '00:00:00', NULL, 0, NULL, '2013-10-30 01:44:04'),
(452, 16, 1017, '00:00:00', NULL, 0, NULL, '2013-10-30 01:44:04'),
(453, 16, 1018, '00:00:00', NULL, 0, NULL, '2013-10-30 01:44:04'),
(454, 16, 1019, '00:00:00', NULL, 0, NULL, '2013-10-30 01:44:04'),
(455, 16, 1020, '00:00:00', NULL, 0, NULL, '2013-10-30 01:44:04'),
(456, 16, 1021, '00:00:00', NULL, 0, NULL, '2013-10-30 01:44:04'),
(457, 16, 1022, '00:00:00', NULL, 0, NULL, '2013-10-30 01:44:04'),
(458, 16, 1023, '00:00:00', NULL, 0, NULL, '2013-10-30 01:44:04'),
(459, 16, 1024, '00:00:00', NULL, 0, NULL, '2013-10-30 01:44:04'),
(460, 16, 1025, '00:00:00', NULL, 0, NULL, '2013-10-30 01:44:04'),
(461, 16, 1026, '00:00:00', NULL, 0, NULL, '2013-10-30 01:44:04'),
(462, 16, 1027, '00:00:00', NULL, 0, NULL, '2013-10-30 01:44:04'),
(463, 16, 1028, '00:00:00', NULL, 0, NULL, '2013-10-30 01:44:04'),
(464, 16, 1029, '00:00:00', NULL, 0, NULL, '2013-10-30 01:44:04'),
(465, 16, 1030, '00:00:00', NULL, 0, NULL, '2013-10-30 01:44:04'),
(466, 17, 1000, '00:00:00', 'Sucio', 2, NULL, '2013-10-30 01:44:43'),
(467, 17, 1001, '00:00:00', 'Sucio', 1, NULL, '2013-10-30 01:44:43'),
(468, 17, 1002, '00:00:00', 'Sucio', 0.275, NULL, '2013-10-30 01:44:43'),
(469, 17, 1003, '00:00:00', 'Sucio', 1, NULL, '2013-10-30 01:44:43'),
(470, 17, 1004, '00:00:00', NULL, 0, NULL, '2013-11-02 01:28:06'),
(471, 17, 1005, '00:00:00', NULL, 0, NULL, '2013-10-30 01:44:04'),
(472, 17, 1006, '00:00:00', NULL, 0, NULL, '2013-10-30 01:44:04'),
(473, 17, 1007, '00:00:00', NULL, 0, NULL, '2013-10-30 01:44:04'),
(474, 17, 1008, '00:00:00', NULL, 0, NULL, '2013-10-30 01:44:04'),
(475, 17, 1009, '00:00:00', NULL, 0, NULL, '2013-10-30 01:44:04'),
(476, 17, 1010, '00:00:00', NULL, 0, NULL, '2013-10-30 01:44:04'),
(477, 17, 1011, '00:00:00', NULL, 0, NULL, '2013-10-30 01:44:04'),
(478, 17, 1012, '00:00:00', NULL, 0, NULL, '2013-10-30 01:44:04'),
(479, 17, 1013, '00:00:00', NULL, 0, NULL, '2013-10-30 01:44:04'),
(480, 17, 1014, '00:00:00', NULL, 0, NULL, '2013-10-30 01:44:04'),
(481, 17, 1015, '00:00:00', NULL, 0, NULL, '2013-10-30 01:44:04'),
(482, 17, 1016, '00:00:00', NULL, 0, NULL, '2013-10-30 01:44:04'),
(483, 17, 1017, '00:00:00', NULL, 0, NULL, '2013-10-30 01:44:04'),
(484, 17, 1018, '00:00:00', NULL, 0, NULL, '2013-10-30 01:44:04'),
(485, 17, 1019, '00:00:00', NULL, 0, NULL, '2013-10-30 01:44:04'),
(486, 17, 1020, '00:00:00', NULL, 0, NULL, '2013-10-30 01:44:04'),
(487, 17, 1021, '00:00:00', NULL, 0, NULL, '2013-10-30 01:44:04'),
(488, 17, 1022, '00:00:00', NULL, 0, NULL, '2013-10-30 01:44:04'),
(489, 17, 1023, '00:00:00', NULL, 0, NULL, '2013-10-30 01:44:04'),
(490, 17, 1024, '00:00:00', NULL, 0, NULL, '2013-10-30 01:44:04'),
(491, 17, 1025, '00:00:00', NULL, 0, NULL, '2013-10-30 01:44:04'),
(492, 17, 1026, '00:00:00', NULL, 0, NULL, '2013-10-30 01:44:04'),
(493, 17, 1027, '00:00:00', NULL, 0, NULL, '2013-10-30 01:44:04'),
(494, 17, 1028, '00:00:00', NULL, 0, NULL, '2013-10-30 01:44:04'),
(495, 17, 1029, '00:00:00', NULL, 0, NULL, '2013-10-30 01:44:04'),
(496, 17, 1030, '00:00:00', NULL, 0, NULL, '2013-10-30 01:44:04'),
(497, 18, 1000, '00:00:00', 'Sucio', 2, NULL, '2013-10-30 01:44:43'),
(498, 18, 1001, '00:00:00', 'Sucio', 1, NULL, '2013-10-30 01:44:43'),
(499, 18, 1002, '00:00:00', 'Sucio', 0.275, NULL, '2013-10-30 01:44:43'),
(500, 18, 1003, '00:00:00', 'Sucio', 1, NULL, '2013-10-30 01:44:43'),
(501, 18, 1004, '00:00:00', NULL, 0, NULL, '2013-11-02 01:28:06'),
(502, 18, 1005, '00:00:00', NULL, 0, NULL, '2013-10-30 01:44:04'),
(503, 18, 1006, '00:00:00', NULL, 0, NULL, '2013-10-30 01:44:04'),
(504, 18, 1007, '00:00:00', NULL, 0, NULL, '2013-10-30 01:44:04'),
(505, 18, 1008, '00:00:00', NULL, 0, NULL, '2013-10-30 01:44:04'),
(506, 18, 1009, '00:00:00', NULL, 0, NULL, '2013-10-30 01:44:04'),
(507, 18, 1010, '00:00:00', NULL, 0, NULL, '2013-10-30 01:44:04'),
(508, 18, 1011, '00:00:00', NULL, 0, NULL, '2013-10-30 01:44:04'),
(509, 18, 1012, '00:00:00', NULL, 0, NULL, '2013-10-30 01:44:04'),
(510, 18, 1013, '00:00:00', NULL, 0, NULL, '2013-10-30 01:44:04'),
(511, 18, 1014, '00:00:00', NULL, 0, NULL, '2013-10-30 01:44:04'),
(512, 18, 1015, '00:00:00', NULL, 0, NULL, '2013-10-30 01:44:04'),
(513, 18, 1016, '00:00:00', NULL, 0, NULL, '2013-10-30 01:44:04'),
(514, 18, 1017, '00:00:00', NULL, 0, NULL, '2013-10-30 01:44:04'),
(515, 18, 1018, '00:00:00', NULL, 0, NULL, '2013-10-30 01:44:04'),
(516, 18, 1019, '00:00:00', NULL, 0, NULL, '2013-10-30 01:44:04'),
(517, 18, 1020, '00:00:00', NULL, 0, NULL, '2013-10-30 01:44:04'),
(518, 18, 1021, '00:00:00', NULL, 0, NULL, '2013-10-30 01:44:04'),
(519, 18, 1022, '00:00:00', NULL, 0, NULL, '2013-10-30 01:44:04'),
(520, 18, 1023, '00:00:00', NULL, 0, NULL, '2013-10-30 01:44:04'),
(521, 18, 1024, '00:00:00', NULL, 0, NULL, '2013-10-30 01:44:04'),
(522, 18, 1025, '00:00:00', NULL, 0, NULL, '2013-10-30 01:44:04'),
(523, 18, 1026, '00:00:00', NULL, 0, NULL, '2013-10-30 01:44:04'),
(524, 18, 1027, '00:00:00', NULL, 0, NULL, '2013-10-30 01:44:04'),
(525, 18, 1028, '00:00:00', NULL, 0, NULL, '2013-10-30 01:44:04'),
(526, 18, 1029, '00:00:00', NULL, 0, NULL, '2013-10-30 01:44:04'),
(527, 18, 1030, '00:00:00', NULL, 0, NULL, '2013-10-30 01:44:04'),
(528, 19, 1000, '00:00:00', 'Sucio', 2, NULL, '2013-10-30 01:44:43'),
(529, 19, 1001, '00:00:00', 'Sucio', 1, NULL, '2013-10-30 01:44:43'),
(530, 19, 1002, '00:00:00', 'Sucio', 0.275, NULL, '2013-10-30 01:44:43'),
(531, 19, 1003, '00:00:00', 'Sucio', 1, NULL, '2013-10-30 01:44:43'),
(532, 19, 1004, '00:00:00', NULL, 0, NULL, '2013-11-02 01:28:06'),
(533, 19, 1005, '00:00:00', NULL, 0, NULL, '2013-10-30 01:44:04'),
(534, 19, 1006, '00:00:00', NULL, 0, NULL, '2013-10-30 01:44:04'),
(535, 19, 1007, '00:00:00', NULL, 0, NULL, '2013-10-30 01:44:04'),
(536, 19, 1008, '00:00:00', NULL, 0, NULL, '2013-10-30 01:44:04'),
(537, 19, 1009, '00:00:00', NULL, 0, NULL, '2013-10-30 01:44:04'),
(538, 19, 1010, '00:00:00', NULL, 0, NULL, '2013-10-30 01:44:04'),
(539, 19, 1011, '00:00:00', NULL, 0, NULL, '2013-10-30 01:44:04'),
(540, 19, 1012, '00:00:00', NULL, 0, NULL, '2013-10-30 01:44:04'),
(541, 19, 1013, '00:00:00', NULL, 0, NULL, '2013-10-30 01:44:04'),
(542, 19, 1014, '00:00:00', NULL, 0, NULL, '2013-10-30 01:44:04'),
(543, 19, 1015, '00:00:00', NULL, 0, NULL, '2013-10-30 01:44:04'),
(544, 19, 1016, '00:00:00', NULL, 0, NULL, '2013-10-30 01:44:04'),
(545, 19, 1017, '00:00:00', NULL, 0, NULL, '2013-10-30 01:44:04'),
(546, 19, 1018, '00:00:00', NULL, 0, NULL, '2013-10-30 01:44:04'),
(547, 19, 1019, '00:00:00', NULL, 0, NULL, '2013-10-30 01:44:04'),
(548, 19, 1020, '00:00:00', NULL, 0, NULL, '2013-10-30 01:44:04'),
(549, 19, 1021, '00:00:00', NULL, 0, NULL, '2013-10-30 01:44:04'),
(550, 19, 1022, '00:00:00', NULL, 0, NULL, '2013-10-30 01:44:04'),
(551, 19, 1023, '00:00:00', NULL, 0, NULL, '2013-10-30 01:44:04'),
(552, 19, 1024, '00:00:00', NULL, 0, NULL, '2013-10-30 01:44:04'),
(553, 19, 1025, '00:00:00', NULL, 0, NULL, '2013-10-30 01:44:04'),
(554, 19, 1026, '00:00:00', NULL, 0, NULL, '2013-10-30 01:44:04'),
(555, 19, 1027, '00:00:00', NULL, 0, NULL, '2013-10-30 01:44:04'),
(556, 19, 1028, '00:00:00', NULL, 0, NULL, '2013-10-30 01:44:04'),
(557, 19, 1029, '00:00:00', NULL, 0, NULL, '2013-10-30 01:44:04'),
(558, 19, 1030, '00:00:00', NULL, 0, NULL, '2013-10-30 01:44:04'),
(559, 20, 1000, '00:00:00', 'Sucio', 2, NULL, '2013-10-30 01:44:43'),
(560, 20, 1001, '00:00:00', 'Sucio', 1, NULL, '2013-10-30 01:44:43'),
(561, 20, 1002, '00:00:00', 'Sucio', 0.275, NULL, '2013-10-30 01:44:43'),
(562, 20, 1003, '00:00:00', 'Sucio', 1, NULL, '2013-10-30 01:44:43'),
(563, 20, 1004, '00:00:00', NULL, 0, NULL, '2013-11-02 01:28:06'),
(564, 20, 1005, '00:00:00', NULL, 0, NULL, '2013-10-30 01:44:04'),
(565, 20, 1006, '00:00:00', NULL, 0, NULL, '2013-10-30 01:44:04'),
(566, 20, 1007, '00:00:00', NULL, 0, NULL, '2013-10-30 01:44:04'),
(567, 20, 1008, '00:00:00', NULL, 0, NULL, '2013-10-30 01:44:04'),
(568, 20, 1009, '00:00:00', NULL, 0, NULL, '2013-10-30 01:44:04'),
(569, 20, 1010, '00:00:00', NULL, 0, NULL, '2013-10-30 01:44:04'),
(570, 20, 1011, '00:00:00', NULL, 0, NULL, '2013-10-30 01:44:04'),
(571, 20, 1012, '00:00:00', NULL, 0, NULL, '2013-10-30 01:44:04'),
(572, 20, 1013, '00:00:00', NULL, 0, NULL, '2013-10-30 01:44:04'),
(573, 20, 1014, '00:00:00', NULL, 0, NULL, '2013-10-30 01:44:04'),
(574, 20, 1015, '00:00:00', NULL, 0, NULL, '2013-10-30 01:44:04'),
(575, 20, 1016, '00:00:00', NULL, 0, NULL, '2013-10-30 01:44:04'),
(576, 20, 1017, '00:00:00', NULL, 0, NULL, '2013-10-30 01:44:04'),
(577, 20, 1018, '00:00:00', NULL, 0, NULL, '2013-10-30 01:44:04'),
(578, 20, 1019, '00:00:00', NULL, 0, NULL, '2013-10-30 01:44:04'),
(579, 20, 1020, '00:00:00', NULL, 0, NULL, '2013-10-30 01:44:04'),
(580, 20, 1021, '00:00:00', NULL, 0, NULL, '2013-10-30 01:44:04'),
(581, 20, 1022, '00:00:00', NULL, 0, NULL, '2013-10-30 01:44:04'),
(582, 20, 1023, '00:00:00', NULL, 0, NULL, '2013-10-30 01:44:04'),
(583, 20, 1024, '00:00:00', NULL, 0, NULL, '2013-10-30 01:44:04'),
(584, 20, 1025, '00:00:00', NULL, 0, NULL, '2013-10-30 01:44:04'),
(585, 20, 1026, '00:00:00', NULL, 0, NULL, '2013-10-30 01:44:04'),
(586, 20, 1027, '00:00:00', NULL, 0, NULL, '2013-10-30 01:44:04'),
(587, 20, 1028, '00:00:00', NULL, 0, NULL, '2013-10-30 01:44:04'),
(588, 20, 1029, '00:00:00', NULL, 0, NULL, '2013-10-30 01:44:04'),
(589, 20, 1030, '00:00:00', NULL, 0, NULL, '2013-10-30 01:44:04'),
(590, 21, 1000, '00:00:00', 'Sucio', 2, NULL, '2013-10-30 01:44:43'),
(591, 21, 1001, '00:00:00', 'Sucio', 1, NULL, '2013-10-30 01:44:43'),
(592, 21, 1002, '00:00:00', 'Sucio', 0.275, NULL, '2013-10-30 01:44:43'),
(593, 21, 1003, '00:00:00', 'Sucio', 1, NULL, '2013-10-30 01:44:43'),
(594, 21, 1004, '00:00:00', NULL, 0, NULL, '2013-11-02 01:28:06'),
(595, 21, 1005, '00:00:00', NULL, 0, NULL, '2013-10-30 01:44:04'),
(596, 21, 1006, '00:00:00', NULL, 0, NULL, '2013-10-30 01:44:04'),
(597, 21, 1007, '00:00:00', NULL, 0, NULL, '2013-10-30 01:44:04'),
(598, 21, 1008, '00:00:00', NULL, 0, NULL, '2013-10-30 01:44:04'),
(599, 21, 1009, '00:00:00', NULL, 0, NULL, '2013-10-30 01:44:04'),
(600, 21, 1010, '00:00:00', NULL, 0, NULL, '2013-10-30 01:44:04'),
(601, 21, 1011, '00:00:00', NULL, 0, NULL, '2013-10-30 01:44:04'),
(602, 21, 1012, '00:00:00', NULL, 0, NULL, '2013-10-30 01:44:04'),
(603, 21, 1013, '00:00:00', NULL, 0, NULL, '2013-10-30 01:44:04'),
(604, 21, 1014, '00:00:00', NULL, 0, NULL, '2013-10-30 01:44:04'),
(605, 21, 1015, '00:00:00', NULL, 0, NULL, '2013-10-30 01:44:04'),
(606, 21, 1016, '00:00:00', NULL, 0, NULL, '2013-10-30 01:44:04'),
(607, 21, 1017, '00:00:00', NULL, 0, NULL, '2013-10-30 01:44:04'),
(608, 21, 1018, '00:00:00', NULL, 0, NULL, '2013-10-30 01:44:04'),
(609, 21, 1019, '00:00:00', NULL, 0, NULL, '2013-10-30 01:44:04'),
(610, 21, 1020, '00:00:00', NULL, 0, NULL, '2013-10-30 01:44:04'),
(611, 21, 1021, '00:00:00', NULL, 0, NULL, '2013-10-30 01:44:04'),
(612, 21, 1022, '00:00:00', NULL, 0, NULL, '2013-10-30 01:44:04'),
(613, 21, 1023, '00:00:00', NULL, 0, NULL, '2013-10-30 01:44:04'),
(614, 21, 1024, '00:00:00', NULL, 0, NULL, '2013-10-30 01:44:04'),
(615, 21, 1025, '00:00:00', NULL, 0, NULL, '2013-10-30 01:44:04'),
(616, 21, 1026, '00:00:00', NULL, 0, NULL, '2013-10-30 01:44:04'),
(617, 21, 1027, '00:00:00', NULL, 0, NULL, '2013-10-30 01:44:04'),
(618, 21, 1028, '00:00:00', NULL, 0, NULL, '2013-10-30 01:44:04'),
(619, 21, 1029, '00:00:00', NULL, 0, NULL, '2013-10-30 01:44:04'),
(620, 21, 1030, '00:00:00', NULL, 0, NULL, '2013-10-30 01:44:04'),
(652, 23, 1000, '00:00:00', 'Sucio', 2, NULL, '2013-10-30 01:44:43'),
(653, 23, 1001, '00:00:00', 'Sucio', 1, NULL, '2013-10-30 01:44:43'),
(654, 23, 1002, '00:00:00', 'Sucio', 0.275, NULL, '2013-10-30 01:44:43'),
(655, 23, 1003, '00:00:00', 'Sucio', 1, NULL, '2013-10-30 01:44:43'),
(656, 23, 1004, '00:00:00', NULL, 0.8, NULL, '2013-11-02 01:30:04'),
(657, 23, 1005, '00:00:00', NULL, 0, NULL, '2013-10-30 01:44:04'),
(658, 23, 1006, '00:00:00', NULL, 0, NULL, '2013-10-30 01:44:04'),
(659, 23, 1007, '00:00:00', NULL, 0, NULL, '2013-10-30 01:44:04'),
(660, 23, 1008, '00:00:00', NULL, 0, NULL, '2013-10-30 01:44:04'),
(661, 23, 1009, '00:00:00', NULL, 0, NULL, '2013-10-30 01:44:04'),
(662, 23, 1010, '00:00:00', NULL, 0, NULL, '2013-10-30 01:44:04'),
(663, 23, 1011, '00:00:00', NULL, 0, NULL, '2013-10-30 01:44:04'),
(664, 23, 1012, '00:00:00', NULL, 0, NULL, '2013-10-30 01:44:04'),
(665, 23, 1013, '00:00:00', NULL, 0, NULL, '2013-10-30 01:44:04'),
(666, 23, 1014, '00:00:00', NULL, 0, NULL, '2013-10-30 01:44:04'),
(667, 23, 1015, '00:00:00', NULL, 0, NULL, '2013-10-30 01:44:04'),
(668, 23, 1016, '00:00:00', NULL, 0, NULL, '2013-10-30 01:44:04'),
(669, 23, 1017, '00:00:00', NULL, 0, NULL, '2013-10-30 01:44:04'),
(670, 23, 1018, '00:00:00', NULL, 0, NULL, '2013-10-30 01:44:04'),
(671, 23, 1019, '00:00:00', NULL, 0, NULL, '2013-10-30 01:44:04'),
(672, 23, 1020, '00:00:00', NULL, 0, NULL, '2013-10-30 01:44:04'),
(673, 23, 1021, '00:00:00', NULL, 0, NULL, '2013-10-30 01:44:04'),
(674, 23, 1022, '00:00:00', NULL, 0, NULL, '2013-10-30 01:44:04'),
(675, 23, 1023, '00:00:00', NULL, 0, NULL, '2013-10-30 01:44:04'),
(676, 23, 1024, '00:00:00', NULL, 0, NULL, '2013-10-30 01:44:04'),
(677, 23, 1025, '00:00:00', NULL, 0, NULL, '2013-10-30 01:44:04'),
(678, 23, 1026, '00:00:00', NULL, 0, NULL, '2013-10-30 01:44:04'),
(679, 23, 1027, '00:00:00', NULL, 0, NULL, '2013-10-30 01:44:04'),
(680, 23, 1028, '00:00:00', NULL, 0, NULL, '2013-10-30 01:44:04'),
(681, 23, 1029, '00:00:00', NULL, 0, NULL, '2013-10-30 01:44:04'),
(682, 23, 1030, '00:00:00', NULL, 0, NULL, '2013-10-30 01:44:04'),
(683, 24, 1000, '00:00:00', 'Sucio', 2, NULL, '2013-10-30 01:44:43'),
(684, 24, 1001, '00:00:00', 'Sucio', 1, NULL, '2013-10-30 01:44:43'),
(685, 24, 1002, '00:00:00', 'Sucio', 0.275, NULL, '2013-10-30 01:44:43'),
(686, 24, 1003, '00:00:00', 'Sucio', 1, NULL, '2013-10-30 01:44:43'),
(687, 24, 1004, '00:00:00', NULL, 0, NULL, '2013-11-02 01:28:06'),
(688, 24, 1005, '00:00:00', NULL, 0, NULL, '2013-10-30 01:44:04'),
(689, 24, 1006, '00:00:00', NULL, 0, NULL, '2013-10-30 01:44:04'),
(690, 24, 1007, '00:00:00', NULL, 0, NULL, '2013-10-30 01:44:04'),
(691, 24, 1008, '00:00:00', NULL, 0, NULL, '2013-10-30 01:44:04'),
(692, 24, 1009, '00:00:00', NULL, 0, NULL, '2013-10-30 01:44:04'),
(693, 24, 1010, '00:00:00', NULL, 0, NULL, '2013-10-30 01:44:04'),
(694, 24, 1011, '00:00:00', NULL, 0, NULL, '2013-10-30 01:44:04'),
(695, 24, 1012, '00:00:00', NULL, 0, NULL, '2013-10-30 01:44:04'),
(696, 24, 1013, '00:00:00', NULL, 0, NULL, '2013-10-30 01:44:04'),
(697, 24, 1014, '00:00:00', NULL, 0, NULL, '2013-10-30 01:44:04'),
(698, 24, 1015, '00:00:00', NULL, 0, NULL, '2013-10-30 01:44:04'),
(699, 24, 1016, '00:00:00', NULL, 0, NULL, '2013-10-30 01:44:04'),
(700, 24, 1017, '00:00:00', NULL, 0, NULL, '2013-10-30 01:44:04'),
(701, 24, 1018, '00:00:00', NULL, 0, NULL, '2013-10-30 01:44:04'),
(702, 24, 1019, '00:00:00', NULL, 0, NULL, '2013-10-30 01:44:04'),
(703, 24, 1020, '00:00:00', NULL, 0, NULL, '2013-10-30 01:44:04'),
(704, 24, 1021, '00:00:00', NULL, 0, NULL, '2013-10-30 01:44:04'),
(705, 24, 1022, '00:00:00', NULL, 0, NULL, '2013-10-30 01:44:04'),
(706, 24, 1023, '00:00:00', NULL, 0, NULL, '2013-10-30 01:44:04'),
(707, 24, 1024, '00:00:00', NULL, 0, NULL, '2013-10-30 01:44:04'),
(708, 24, 1025, '00:00:00', NULL, 0, NULL, '2013-10-30 01:44:04'),
(709, 24, 1026, '00:00:00', NULL, 0, NULL, '2013-10-30 01:44:04'),
(710, 24, 1027, '00:00:00', NULL, 0, NULL, '2013-10-30 01:44:04'),
(711, 24, 1028, '00:00:00', NULL, 0, NULL, '2013-10-30 01:44:04'),
(712, 24, 1029, '00:00:00', NULL, 0, NULL, '2013-10-30 01:44:04'),
(713, 24, 1030, '00:00:00', NULL, 0, NULL, '2013-10-30 01:44:04'),
(714, 25, 1000, '00:00:00', 'Sucio', 2, NULL, '2013-10-30 01:44:43'),
(715, 25, 1001, '00:00:00', 'Sucio', 1, NULL, '2013-10-30 01:44:43'),
(716, 25, 1002, '00:00:00', 'Sucio', 0.275, NULL, '2013-10-30 01:44:43'),
(717, 25, 1003, '00:00:00', 'Sucio', 1, NULL, '2013-10-30 01:44:43'),
(718, 25, 1004, '00:00:00', NULL, 0, NULL, '2013-11-02 01:28:06'),
(719, 25, 1005, '00:00:00', NULL, 0, NULL, '2013-10-30 01:44:04'),
(720, 25, 1006, '00:00:00', NULL, 0, NULL, '2013-10-30 01:44:04'),
(721, 25, 1007, '00:00:00', NULL, 0, NULL, '2013-10-30 01:44:04'),
(722, 25, 1008, '00:00:00', NULL, 0, NULL, '2013-10-30 01:44:04'),
(723, 25, 1009, '00:00:00', NULL, 0, NULL, '2013-10-30 01:44:04'),
(724, 25, 1010, '00:00:00', NULL, 0, NULL, '2013-10-30 01:44:04'),
(725, 25, 1011, '00:00:00', NULL, 0, NULL, '2013-10-30 01:44:04'),
(726, 25, 1012, '00:00:00', NULL, 0, NULL, '2013-10-30 01:44:04'),
(727, 25, 1013, '00:00:00', NULL, 0, NULL, '2013-10-30 01:44:04'),
(728, 25, 1014, '00:00:00', NULL, 0, NULL, '2013-10-30 01:44:04'),
(729, 25, 1015, '00:00:00', NULL, 0, NULL, '2013-10-30 01:44:04'),
(730, 25, 1016, '00:00:00', NULL, 0, NULL, '2013-10-30 01:44:04'),
(731, 25, 1017, '00:00:00', NULL, 0, NULL, '2013-10-30 01:44:04'),
(732, 25, 1018, '00:00:00', NULL, 0, NULL, '2013-10-30 01:44:04'),
(733, 25, 1019, '00:00:00', NULL, 0, NULL, '2013-10-30 01:44:04'),
(734, 25, 1020, '00:00:00', NULL, 0, NULL, '2013-10-30 01:44:04'),
(735, 25, 1021, '00:00:00', NULL, 0, NULL, '2013-10-30 01:44:04'),
(736, 25, 1022, '00:00:00', NULL, 0, NULL, '2013-10-30 01:44:04'),
(737, 25, 1023, '00:00:00', NULL, 0, NULL, '2013-10-30 01:44:04'),
(738, 25, 1024, '00:00:00', NULL, 0, NULL, '2013-10-30 01:44:04'),
(739, 25, 1025, '00:00:00', NULL, 0, NULL, '2013-10-30 01:44:04'),
(740, 25, 1026, '00:00:00', NULL, 0, NULL, '2013-10-30 01:44:04'),
(741, 25, 1027, '00:00:00', NULL, 0, NULL, '2013-10-30 01:44:04'),
(742, 25, 1028, '00:00:00', NULL, 0, NULL, '2013-10-30 01:44:04'),
(743, 25, 1029, '00:00:00', NULL, 0, NULL, '2013-10-30 01:44:04'),
(744, 25, 1030, '00:00:00', NULL, 0, NULL, '2013-10-30 01:44:04'),
(745, 26, 1000, '00:00:00', 'Sucio', 2, NULL, '2013-10-30 01:44:43'),
(746, 26, 1001, '00:00:00', 'Sucio', 1, NULL, '2013-10-30 01:44:43'),
(747, 26, 1002, '00:00:00', 'Sucio', 0.275, NULL, '2013-10-30 01:44:43'),
(748, 26, 1003, '00:00:00', 'Sucio', 1, NULL, '2013-10-30 01:44:43'),
(749, 26, 1004, '00:00:00', NULL, 0, NULL, '2013-11-02 01:28:06'),
(750, 26, 1005, '00:00:00', NULL, 0, NULL, '2013-10-30 01:44:04'),
(751, 26, 1006, '00:00:00', NULL, 0, NULL, '2013-10-30 01:44:04'),
(752, 26, 1007, '00:00:00', NULL, 0, NULL, '2013-10-30 01:44:04'),
(753, 26, 1008, '00:00:00', NULL, 0, NULL, '2013-10-30 01:44:04'),
(754, 26, 1009, '00:00:00', NULL, 0, NULL, '2013-10-30 01:44:04'),
(755, 26, 1010, '00:00:00', NULL, 0, NULL, '2013-10-30 01:44:04'),
(756, 26, 1011, '00:00:00', NULL, 0, NULL, '2013-10-30 01:44:04'),
(757, 26, 1012, '00:00:00', NULL, 0, NULL, '2013-10-30 01:44:04'),
(758, 26, 1013, '00:00:00', NULL, 0, NULL, '2013-10-30 01:44:04'),
(759, 26, 1014, '00:00:00', NULL, 0, NULL, '2013-10-30 01:44:04'),
(760, 26, 1015, '00:00:00', NULL, 0, NULL, '2013-10-30 01:44:04'),
(761, 26, 1016, '00:00:00', NULL, 0, NULL, '2013-10-30 01:44:04'),
(762, 26, 1017, '00:00:00', NULL, 0, NULL, '2013-10-30 01:44:04'),
(763, 26, 1018, '00:00:00', NULL, 0, NULL, '2013-10-30 01:44:04'),
(764, 26, 1019, '00:00:00', NULL, 0, NULL, '2013-10-30 01:44:04'),
(765, 26, 1020, '00:00:00', NULL, 0, NULL, '2013-10-30 01:44:04'),
(766, 26, 1021, '00:00:00', NULL, 0, NULL, '2013-10-30 01:44:04'),
(767, 26, 1022, '00:00:00', NULL, 0, NULL, '2013-10-30 01:44:04'),
(768, 26, 1023, '00:00:00', NULL, 0, NULL, '2013-10-30 01:44:04'),
(769, 26, 1024, '00:00:00', NULL, 0, NULL, '2013-10-30 01:44:04'),
(770, 26, 1025, '00:00:00', NULL, 0, NULL, '2013-10-30 01:44:04'),
(771, 26, 1026, '00:00:00', NULL, 0, NULL, '2013-10-30 01:44:04'),
(772, 26, 1027, '00:00:00', NULL, 0, NULL, '2013-10-30 01:44:04'),
(773, 26, 1028, '00:00:00', NULL, 0, NULL, '2013-10-30 01:44:04'),
(774, 26, 1029, '00:00:00', NULL, 0, NULL, '2013-10-30 01:44:04'),
(775, 26, 1030, '00:00:00', NULL, 0, NULL, '2013-10-30 01:44:04'),
(807, 28, 1000, '00:00:00', 'Sucio', 2, NULL, '2013-10-30 01:44:43'),
(808, 28, 1001, '00:00:00', 'Sucio', 1, NULL, '2013-10-30 01:44:43'),
(809, 28, 1002, '00:00:00', 'Sucio', 0.275, NULL, '2013-10-30 01:44:43'),
(810, 28, 1003, '00:00:00', 'Sucio', 1, NULL, '2013-10-30 01:44:43'),
(811, 28, 1004, '00:00:00', NULL, 0, NULL, '2013-11-02 01:28:06'),
(812, 28, 1005, '00:00:00', NULL, 0, NULL, '2013-10-30 01:44:04'),
(813, 28, 1006, '00:00:00', NULL, 0, NULL, '2013-10-30 01:44:04'),
(814, 28, 1007, '00:00:00', NULL, 0, NULL, '2013-10-30 01:44:04'),
(815, 28, 1008, '00:00:00', NULL, 0, NULL, '2013-10-30 01:44:04'),
(816, 28, 1009, '00:00:00', NULL, 0, NULL, '2013-10-30 01:44:04'),
(817, 28, 1010, '00:00:00', NULL, 0, NULL, '2013-10-30 01:44:04'),
(818, 28, 1011, '00:00:00', NULL, 0, NULL, '2013-10-30 01:44:04'),
(819, 28, 1012, '00:00:00', NULL, 0, NULL, '2013-10-30 01:44:04'),
(820, 28, 1013, '00:00:00', NULL, 0, NULL, '2013-10-30 01:44:04'),
(821, 28, 1014, '00:00:00', NULL, 0, NULL, '2013-10-30 01:44:04'),
(822, 28, 1015, '00:00:00', NULL, 0, NULL, '2013-10-30 01:44:04'),
(823, 28, 1016, '00:00:00', NULL, 0, NULL, '2013-10-30 01:44:04'),
(824, 28, 1017, '00:00:00', NULL, 0, NULL, '2013-10-30 01:44:04'),
(825, 28, 1018, '00:00:00', NULL, 0, NULL, '2013-10-30 01:44:04'),
(826, 28, 1019, '00:00:00', NULL, 0, NULL, '2013-10-30 01:44:04'),
(827, 28, 1020, '00:00:00', NULL, 0, NULL, '2013-10-30 01:44:04');
INSERT INTO `mantenimiento_detalle` (`id_mantenimiento_detalle`, `id_mantenimiento`, `id_inventario`, `fecha`, `estado`, `cantidad`, `notas`, `registro`) VALUES
(828, 28, 1021, '00:00:00', NULL, 0, NULL, '2013-10-30 01:44:04'),
(829, 28, 1022, '00:00:00', NULL, 0, NULL, '2013-10-30 01:44:04'),
(830, 28, 1023, '00:00:00', NULL, 0, NULL, '2013-10-30 01:44:04'),
(831, 28, 1024, '00:00:00', NULL, 0, NULL, '2013-10-30 01:44:04'),
(832, 28, 1025, '00:00:00', NULL, 0, NULL, '2013-10-30 01:44:04'),
(833, 28, 1026, '00:00:00', NULL, 0, NULL, '2013-10-30 01:44:04'),
(834, 28, 1027, '00:00:00', NULL, 0, NULL, '2013-10-30 01:44:04'),
(835, 28, 1028, '00:00:00', NULL, 0, NULL, '2013-10-30 01:44:04'),
(836, 28, 1029, '00:00:00', NULL, 0, NULL, '2013-10-30 01:44:04'),
(837, 28, 1030, '00:00:00', NULL, 0, NULL, '2013-10-30 01:44:04'),
(838, 29, 1000, '00:00:00', 'Sucio', 2, NULL, '2013-10-30 01:44:43'),
(839, 29, 1001, '00:00:00', 'Sucio', 1, NULL, '2013-10-30 01:44:43'),
(840, 29, 1002, '00:00:00', 'Sucio', 0.275, NULL, '2013-10-30 01:44:43'),
(841, 29, 1003, '00:00:00', 'Sucio', 1, NULL, '2013-10-30 01:44:43'),
(842, 29, 1004, '00:00:00', NULL, 0.8, NULL, '2013-11-02 01:30:13'),
(843, 29, 1005, '00:00:00', NULL, 0.17, NULL, '2013-11-02 01:07:39'),
(844, 29, 1006, '00:00:00', NULL, 0, NULL, '2013-10-30 01:44:04'),
(845, 29, 1007, '00:00:00', NULL, 0, NULL, '2013-10-30 01:44:04'),
(846, 29, 1008, '00:00:00', NULL, 0, NULL, '2013-10-30 01:44:04'),
(847, 29, 1009, '00:00:00', NULL, 0, NULL, '2013-10-30 01:44:04'),
(848, 29, 1010, '00:00:00', NULL, 0, NULL, '2013-10-30 01:44:04'),
(849, 29, 1011, '00:00:00', NULL, 0, NULL, '2013-10-30 01:44:04'),
(850, 29, 1012, '00:00:00', NULL, 0, NULL, '2013-10-30 01:44:04'),
(851, 29, 1013, '00:00:00', NULL, 0, NULL, '2013-10-30 01:44:04'),
(852, 29, 1014, '00:00:00', NULL, 0, NULL, '2013-10-30 01:44:04'),
(853, 29, 1015, '00:00:00', NULL, 0, NULL, '2013-10-30 01:44:04'),
(854, 29, 1016, '00:00:00', NULL, 0, NULL, '2013-10-30 01:44:04'),
(855, 29, 1017, '00:00:00', NULL, 0, NULL, '2013-10-30 01:44:04'),
(856, 29, 1018, '00:00:00', NULL, 0, NULL, '2013-10-30 01:44:04'),
(857, 29, 1019, '00:00:00', NULL, 0, NULL, '2013-10-30 01:44:04'),
(858, 29, 1020, '00:00:00', NULL, 0, NULL, '2013-10-30 01:44:04'),
(859, 29, 1021, '00:00:00', NULL, 0, NULL, '2013-10-30 01:44:04'),
(860, 29, 1022, '00:00:00', NULL, 0, NULL, '2013-10-30 01:44:04'),
(861, 29, 1023, '00:00:00', NULL, 0, NULL, '2013-10-30 01:44:04'),
(862, 29, 1024, '00:00:00', NULL, 0, NULL, '2013-10-30 01:44:04'),
(863, 29, 1025, '00:00:00', NULL, 0, NULL, '2013-10-30 01:44:04'),
(864, 29, 1026, '00:00:00', NULL, 0, NULL, '2013-10-30 01:44:04'),
(865, 29, 1027, '00:00:00', NULL, 0, NULL, '2013-10-30 01:44:04'),
(866, 29, 1028, '00:00:00', NULL, 0, NULL, '2013-10-30 01:44:04'),
(867, 29, 1029, '00:00:00', NULL, 0, NULL, '2013-10-30 01:44:04'),
(868, 29, 1030, '00:00:00', NULL, 0, NULL, '2013-10-30 01:44:04'),
(869, 30, 1000, '00:00:00', 'Sucio', 2, NULL, '2013-10-30 01:44:43'),
(870, 30, 1001, '00:00:00', 'Sucio', 1, NULL, '2013-10-30 01:44:43'),
(871, 30, 1002, '00:00:00', 'Sucio', 0.275, NULL, '2013-10-30 01:44:43'),
(872, 30, 1003, '00:00:00', 'Sucio', 1, NULL, '2013-10-30 01:44:43'),
(873, 30, 1004, '00:00:00', NULL, 0.8, NULL, '2013-11-02 01:30:25'),
(874, 30, 1005, '00:00:00', NULL, 0, NULL, '2013-10-30 01:44:04'),
(875, 30, 1006, '00:00:00', NULL, 0, NULL, '2013-10-30 01:44:04'),
(876, 30, 1007, '00:00:00', NULL, 0, NULL, '2013-10-30 01:44:04'),
(877, 30, 1008, '00:00:00', NULL, 0, NULL, '2013-10-30 01:44:04'),
(878, 30, 1009, '00:00:00', NULL, 0, NULL, '2013-10-30 01:44:04'),
(879, 30, 1010, '00:00:00', NULL, 0, NULL, '2013-10-30 01:44:04'),
(880, 30, 1011, '00:00:00', NULL, 0, NULL, '2013-10-30 01:44:04'),
(881, 30, 1012, '00:00:00', NULL, 0, NULL, '2013-10-30 01:44:04'),
(882, 30, 1013, '00:00:00', NULL, 0, NULL, '2013-10-30 01:44:04'),
(883, 30, 1014, '00:00:00', NULL, 0, NULL, '2013-10-30 01:44:04'),
(884, 30, 1015, '00:00:00', NULL, 0, NULL, '2013-10-30 01:44:04'),
(885, 30, 1016, '00:00:00', NULL, 0, NULL, '2013-10-30 01:44:04'),
(886, 30, 1017, '00:00:00', NULL, 0, NULL, '2013-10-30 01:44:04'),
(887, 30, 1018, '00:00:00', NULL, 0, NULL, '2013-10-30 01:44:04'),
(888, 30, 1019, '00:00:00', NULL, 0, NULL, '2013-10-30 01:44:04'),
(889, 30, 1020, '00:00:00', NULL, 0, NULL, '2013-10-30 01:44:04'),
(890, 30, 1021, '00:00:00', NULL, 0, NULL, '2013-10-30 01:44:04'),
(891, 30, 1022, '00:00:00', NULL, 0, NULL, '2013-10-30 01:44:04'),
(892, 30, 1023, '00:00:00', NULL, 0, NULL, '2013-10-30 01:44:04'),
(893, 30, 1024, '00:00:00', NULL, 0, NULL, '2013-10-30 01:44:04'),
(894, 30, 1025, '00:00:00', NULL, 0, NULL, '2013-10-30 01:44:04'),
(895, 30, 1026, '00:00:00', NULL, 0, NULL, '2013-10-30 01:44:04'),
(896, 30, 1027, '00:00:00', NULL, 0, NULL, '2013-10-30 01:44:04'),
(897, 30, 1028, '00:00:00', NULL, 0, NULL, '2013-10-30 01:44:04'),
(898, 30, 1029, '00:00:00', NULL, 0, NULL, '2013-10-30 01:44:04'),
(899, 30, 1030, '00:00:00', NULL, 0, NULL, '2013-10-30 01:44:04'),
(931, 32, 1000, '00:00:00', 'Sucio', 2, NULL, '2013-10-30 01:44:43'),
(932, 32, 1001, '00:00:00', 'Sucio', 1, NULL, '2013-10-30 01:44:43'),
(933, 32, 1002, '00:00:00', 'Sucio', 0.275, NULL, '2013-10-30 01:44:43'),
(934, 32, 1003, '00:00:00', 'Sucio', 1, NULL, '2013-10-30 01:44:43'),
(935, 32, 1004, '00:00:00', NULL, 0.8, NULL, '2013-11-02 01:30:31'),
(936, 32, 1005, '00:00:00', NULL, 0, NULL, '2013-10-30 01:44:04'),
(937, 32, 1006, '00:00:00', NULL, 0, NULL, '2013-10-30 01:44:04'),
(938, 32, 1007, '00:00:00', NULL, 0, NULL, '2013-10-30 01:44:04'),
(939, 32, 1008, '00:00:00', NULL, 0, NULL, '2013-10-30 01:44:04'),
(940, 32, 1009, '00:00:00', NULL, 0, NULL, '2013-10-30 01:44:04'),
(941, 32, 1010, '00:00:00', NULL, 0, NULL, '2013-10-30 01:44:04'),
(942, 32, 1011, '00:00:00', NULL, 0, NULL, '2013-10-30 01:44:04'),
(943, 32, 1012, '00:00:00', NULL, 0, NULL, '2013-10-30 01:44:04'),
(944, 32, 1013, '00:00:00', NULL, 0, NULL, '2013-10-30 01:44:04'),
(945, 32, 1014, '00:00:00', NULL, 0, NULL, '2013-10-30 01:44:04'),
(946, 32, 1015, '00:00:00', NULL, 0, NULL, '2013-10-30 01:44:04'),
(947, 32, 1016, '00:00:00', NULL, 0, NULL, '2013-10-30 01:44:04'),
(948, 32, 1017, '00:00:00', NULL, 0, NULL, '2013-10-30 01:44:04'),
(949, 32, 1018, '00:00:00', NULL, 0, NULL, '2013-10-30 01:44:04'),
(950, 32, 1019, '00:00:00', NULL, 0, NULL, '2013-10-30 01:44:04'),
(951, 32, 1020, '00:00:00', NULL, 0, NULL, '2013-10-30 01:44:04'),
(952, 32, 1021, '00:00:00', NULL, 0, NULL, '2013-10-30 01:44:04'),
(953, 32, 1022, '00:00:00', NULL, 0, NULL, '2013-10-30 01:44:04'),
(954, 32, 1023, '00:00:00', NULL, 0, NULL, '2013-10-30 01:44:04'),
(955, 32, 1024, '00:00:00', NULL, 0, NULL, '2013-10-30 01:44:04'),
(956, 32, 1025, '00:00:00', NULL, 0, NULL, '2013-10-30 01:44:04'),
(957, 32, 1026, '00:00:00', NULL, 0, NULL, '2013-10-30 01:44:04'),
(958, 32, 1027, '00:00:00', NULL, 0, NULL, '2013-10-30 01:44:04'),
(959, 32, 1028, '00:00:00', NULL, 0, NULL, '2013-10-30 01:44:04'),
(960, 32, 1029, '00:00:00', NULL, 0, NULL, '2013-10-30 01:44:04'),
(961, 32, 1030, '00:00:00', NULL, 0, NULL, '2013-10-30 01:44:04'),
(962, 33, 1000, '00:00:00', 'Sucio', 2, NULL, '2013-10-30 01:44:43'),
(963, 33, 1001, '00:00:00', 'Sucio', 1, NULL, '2013-10-30 01:44:43'),
(964, 33, 1002, '00:00:00', 'Sucio', 0.275, NULL, '2013-10-30 01:44:43'),
(965, 33, 1003, '00:00:00', 'Sucio', 1, NULL, '2013-10-30 01:44:43'),
(966, 33, 1004, '00:00:00', NULL, 0, NULL, '2013-11-02 01:28:06'),
(967, 33, 1005, '00:00:00', NULL, 0, NULL, '2013-10-30 01:44:04'),
(968, 33, 1006, '00:00:00', NULL, 0, NULL, '2013-10-30 01:44:04'),
(969, 33, 1007, '00:00:00', NULL, 0, NULL, '2013-10-30 01:44:04'),
(970, 33, 1008, '00:00:00', NULL, 0, NULL, '2013-10-30 01:44:04'),
(971, 33, 1009, '00:00:00', NULL, 0, NULL, '2013-10-30 01:44:04'),
(972, 33, 1010, '00:00:00', NULL, 0, NULL, '2013-10-30 01:44:04'),
(973, 33, 1011, '00:00:00', NULL, 0, NULL, '2013-10-30 01:44:04'),
(974, 33, 1012, '00:00:00', NULL, 0, NULL, '2013-10-30 01:44:04'),
(975, 33, 1013, '00:00:00', NULL, 0, NULL, '2013-10-30 01:44:04'),
(976, 33, 1014, '00:00:00', NULL, 0, NULL, '2013-10-30 01:44:04'),
(977, 33, 1015, '00:00:00', NULL, 0, NULL, '2013-10-30 01:44:04'),
(978, 33, 1016, '00:00:00', NULL, 0, NULL, '2013-10-30 01:44:04'),
(979, 33, 1017, '00:00:00', NULL, 0, NULL, '2013-10-30 01:44:04'),
(980, 33, 1018, '00:00:00', NULL, 0, NULL, '2013-10-30 01:44:04'),
(981, 33, 1019, '00:00:00', NULL, 0, NULL, '2013-10-30 01:44:04'),
(982, 33, 1020, '00:00:00', NULL, 0, NULL, '2013-10-30 01:44:04'),
(983, 33, 1021, '00:00:00', NULL, 0, NULL, '2013-10-30 01:44:04'),
(984, 33, 1022, '00:00:00', NULL, 0, NULL, '2013-10-30 01:44:04'),
(985, 33, 1023, '00:00:00', NULL, 0, NULL, '2013-10-30 01:44:04'),
(986, 33, 1024, '00:00:00', NULL, 0, NULL, '2013-10-30 01:44:04'),
(987, 33, 1025, '00:00:00', NULL, 0, NULL, '2013-10-30 01:44:04'),
(988, 33, 1026, '00:00:00', NULL, 0, NULL, '2013-10-30 01:44:04'),
(989, 33, 1027, '00:00:00', NULL, 0, NULL, '2013-10-30 01:44:04'),
(990, 33, 1028, '00:00:00', NULL, 0, NULL, '2013-10-30 01:44:04'),
(991, 33, 1029, '00:00:00', NULL, 0, NULL, '2013-10-30 01:44:04'),
(992, 33, 1030, '00:00:00', NULL, 0, NULL, '2013-10-30 01:44:04'),
(993, 34, 1000, '00:00:00', 'Sucio', 2, NULL, '2013-10-30 01:44:43'),
(994, 34, 1001, '00:00:00', 'Sucio', 1, NULL, '2013-10-30 01:44:43'),
(995, 34, 1002, '00:00:00', 'Sucio', 0.275, NULL, '2013-10-30 01:44:43'),
(996, 34, 1003, '00:00:00', 'Sucio', 1, NULL, '2013-10-30 01:44:43'),
(997, 34, 1004, '00:00:00', NULL, 0, NULL, '2013-11-02 01:28:06'),
(998, 34, 1005, '00:00:00', NULL, 0, NULL, '2013-10-30 01:44:04'),
(999, 34, 1006, '00:00:00', NULL, 0, NULL, '2013-10-30 01:44:04'),
(1000, 34, 1007, '00:00:00', NULL, 0, NULL, '2013-10-30 01:44:04'),
(1001, 34, 1008, '00:00:00', NULL, 0, NULL, '2013-10-30 01:44:04'),
(1002, 34, 1009, '00:00:00', NULL, 0, NULL, '2013-10-30 01:44:04'),
(1003, 34, 1010, '00:00:00', NULL, 0, NULL, '2013-10-30 01:44:04'),
(1004, 34, 1011, '00:00:00', NULL, 0, NULL, '2013-10-30 01:44:04'),
(1005, 34, 1012, '00:00:00', NULL, 0, NULL, '2013-10-30 01:44:04'),
(1006, 34, 1013, '00:00:00', NULL, 0, NULL, '2013-10-30 01:44:04'),
(1007, 34, 1014, '00:00:00', NULL, 0, NULL, '2013-10-30 01:44:04'),
(1008, 34, 1015, '00:00:00', NULL, 0, NULL, '2013-10-30 01:44:04'),
(1009, 34, 1016, '00:00:00', NULL, 0, NULL, '2013-10-30 01:44:04'),
(1010, 34, 1017, '00:00:00', NULL, 0, NULL, '2013-10-30 01:44:04'),
(1011, 34, 1018, '00:00:00', NULL, 0, NULL, '2013-10-30 01:44:04'),
(1012, 34, 1019, '00:00:00', NULL, 0, NULL, '2013-10-30 01:44:04'),
(1013, 34, 1020, '00:00:00', NULL, 0, NULL, '2013-10-30 01:44:04'),
(1014, 34, 1021, '00:00:00', NULL, 0, NULL, '2013-10-30 01:44:04'),
(1015, 34, 1022, '00:00:00', NULL, 0, NULL, '2013-10-30 01:44:04'),
(1016, 34, 1023, '00:00:00', NULL, 0, NULL, '2013-10-30 01:44:04'),
(1017, 34, 1024, '00:00:00', NULL, 0, NULL, '2013-10-30 01:44:04'),
(1018, 34, 1025, '00:00:00', NULL, 0, NULL, '2013-10-30 01:44:04'),
(1019, 34, 1026, '00:00:00', NULL, 0, NULL, '2013-10-30 01:44:04'),
(1020, 34, 1027, '00:00:00', NULL, 0, NULL, '2013-10-30 01:44:04'),
(1021, 34, 1028, '00:00:00', NULL, 0, NULL, '2013-10-30 01:44:04'),
(1022, 34, 1029, '00:00:00', NULL, 0, NULL, '2013-10-30 01:44:04'),
(1023, 34, 1030, '00:00:00', NULL, 0, NULL, '2013-10-30 01:44:04'),
(1024, 35, 1000, '00:00:00', 'Sucio', 2, NULL, '2013-10-30 01:44:43'),
(1025, 35, 1001, '00:00:00', 'Sucio', 1, NULL, '2013-10-30 01:44:43'),
(1026, 35, 1002, '00:00:00', 'Sucio', 0.275, NULL, '2013-10-30 01:44:43'),
(1027, 35, 1003, '00:00:00', 'Sucio', 1, NULL, '2013-10-30 01:44:43'),
(1028, 35, 1004, '00:00:00', NULL, 0.8, NULL, '2013-11-02 01:30:37'),
(1029, 35, 1005, '00:00:00', NULL, 0, NULL, '2013-10-30 01:44:04'),
(1030, 35, 1006, '00:00:00', NULL, 0, NULL, '2013-10-30 01:44:04'),
(1031, 35, 1007, '00:00:00', NULL, 0, NULL, '2013-10-30 01:44:04'),
(1032, 35, 1008, '00:00:00', NULL, 0, NULL, '2013-10-30 01:44:04'),
(1033, 35, 1009, '00:00:00', NULL, 0, NULL, '2013-10-30 01:44:04'),
(1034, 35, 1010, '00:00:00', NULL, 0, NULL, '2013-10-30 01:44:04'),
(1035, 35, 1011, '00:00:00', NULL, 0, NULL, '2013-10-30 01:44:04'),
(1036, 35, 1012, '00:00:00', NULL, 0, NULL, '2013-10-30 01:44:04'),
(1037, 35, 1013, '00:00:00', NULL, 0, NULL, '2013-10-30 01:44:04'),
(1038, 35, 1014, '00:00:00', NULL, 0, NULL, '2013-10-30 01:44:04'),
(1039, 35, 1015, '00:00:00', NULL, 0, NULL, '2013-10-30 01:44:04'),
(1040, 35, 1016, '00:00:00', NULL, 0, NULL, '2013-10-30 01:44:04'),
(1041, 35, 1017, '00:00:00', NULL, 0, NULL, '2013-10-30 01:44:04'),
(1042, 35, 1018, '00:00:00', NULL, 0, NULL, '2013-10-30 01:44:04'),
(1043, 35, 1019, '00:00:00', NULL, 0, NULL, '2013-10-30 01:44:04'),
(1044, 35, 1020, '00:00:00', NULL, 0, NULL, '2013-10-30 01:44:04'),
(1045, 35, 1021, '00:00:00', NULL, 0, NULL, '2013-10-30 01:44:04'),
(1046, 35, 1022, '00:00:00', NULL, 0, NULL, '2013-10-30 01:44:04'),
(1047, 35, 1023, '00:00:00', NULL, 0, NULL, '2013-10-30 01:44:04'),
(1048, 35, 1024, '00:00:00', NULL, 0, NULL, '2013-10-30 01:44:04'),
(1049, 35, 1025, '00:00:00', NULL, 0, NULL, '2013-10-30 01:44:04'),
(1050, 35, 1026, '00:00:00', NULL, 0, NULL, '2013-10-30 01:44:04'),
(1051, 35, 1027, '00:00:00', NULL, 0, NULL, '2013-10-30 01:44:04'),
(1052, 35, 1028, '00:00:00', NULL, 0, NULL, '2013-10-30 01:44:04'),
(1053, 35, 1029, '00:00:00', NULL, 0, NULL, '2013-10-30 01:44:04'),
(1054, 35, 1030, '00:00:00', NULL, 0, NULL, '2013-10-30 01:44:04'),
(1055, 36, 1000, '00:00:00', 'Sucio', 2, NULL, '2013-10-30 01:44:43'),
(1056, 36, 1001, '00:00:00', 'Sucio', 1, NULL, '2013-10-30 01:44:43'),
(1057, 36, 1002, '00:00:00', 'Sucio', 0.275, NULL, '2013-10-30 01:44:43'),
(1058, 36, 1003, '00:00:00', 'Sucio', 1, NULL, '2013-10-30 01:44:43'),
(1059, 36, 1004, '00:00:00', NULL, 0.8, NULL, '2013-11-02 01:30:44'),
(1060, 36, 1005, '00:00:00', NULL, 0, NULL, '2013-10-30 01:44:04'),
(1061, 36, 1006, '00:00:00', NULL, 0, NULL, '2013-10-30 01:44:04'),
(1062, 36, 1007, '00:00:00', NULL, 0, NULL, '2013-10-30 01:44:04'),
(1063, 36, 1008, '00:00:00', NULL, 0, NULL, '2013-10-30 01:44:04'),
(1064, 36, 1009, '00:00:00', NULL, 0, NULL, '2013-10-30 01:44:04'),
(1065, 36, 1010, '00:00:00', NULL, 0, NULL, '2013-10-30 01:44:04'),
(1066, 36, 1011, '00:00:00', NULL, 0, NULL, '2013-10-30 01:44:04'),
(1067, 36, 1012, '00:00:00', NULL, 0, NULL, '2013-10-30 01:44:04'),
(1068, 36, 1013, '00:00:00', NULL, 0, NULL, '2013-10-30 01:44:04'),
(1069, 36, 1014, '00:00:00', NULL, 0, NULL, '2013-10-30 01:44:04'),
(1070, 36, 1015, '00:00:00', NULL, 0, NULL, '2013-10-30 01:44:04'),
(1071, 36, 1016, '00:00:00', NULL, 0, NULL, '2013-10-30 01:44:04'),
(1072, 36, 1017, '00:00:00', NULL, 0, NULL, '2013-10-30 01:44:04'),
(1073, 36, 1018, '00:00:00', NULL, 0, NULL, '2013-10-30 01:44:04'),
(1074, 36, 1019, '00:00:00', NULL, 0, NULL, '2013-10-30 01:44:04'),
(1075, 36, 1020, '00:00:00', NULL, 0, NULL, '2013-10-30 01:44:04'),
(1076, 36, 1021, '00:00:00', NULL, 0, NULL, '2013-10-30 01:44:04'),
(1077, 36, 1022, '00:00:00', NULL, 0, NULL, '2013-10-30 01:44:04'),
(1078, 36, 1023, '00:00:00', NULL, 0, NULL, '2013-10-30 01:44:04'),
(1079, 36, 1024, '00:00:00', NULL, 0, NULL, '2013-10-30 01:44:04'),
(1080, 36, 1025, '00:00:00', NULL, 0, NULL, '2013-10-30 01:44:04'),
(1081, 36, 1026, '00:00:00', NULL, 0, NULL, '2013-10-30 01:44:04'),
(1082, 36, 1027, '00:00:00', NULL, 0, NULL, '2013-10-30 01:44:04'),
(1083, 36, 1028, '00:00:00', NULL, 0, NULL, '2013-10-30 01:44:04'),
(1084, 36, 1029, '00:00:00', NULL, 0, NULL, '2013-10-30 01:44:04'),
(1085, 36, 1030, '00:00:00', NULL, 0, NULL, '2013-10-30 01:44:04'),
(1086, 37, 1000, '00:00:00', 'Sucio', 2, NULL, '2013-10-30 01:44:43'),
(1087, 37, 1001, '00:00:00', 'Sucio', 1, NULL, '2013-10-30 01:44:43'),
(1088, 37, 1002, '00:00:00', 'Sucio', 0.275, NULL, '2013-10-30 01:44:43'),
(1089, 37, 1003, '00:00:00', 'Sucio', 1, NULL, '2013-10-30 01:44:43'),
(1090, 37, 1004, '00:00:00', NULL, 0, NULL, '2013-11-02 01:28:06'),
(1091, 37, 1005, '00:00:00', NULL, 0, NULL, '2013-10-30 01:44:04'),
(1092, 37, 1006, '00:00:00', NULL, 0, NULL, '2013-10-30 01:44:04'),
(1093, 37, 1007, '00:00:00', NULL, 0, NULL, '2013-10-30 01:44:04'),
(1094, 37, 1008, '00:00:00', NULL, 0, NULL, '2013-10-30 01:44:04'),
(1095, 37, 1009, '00:00:00', NULL, 0, NULL, '2013-10-30 01:44:04'),
(1096, 37, 1010, '00:00:00', NULL, 0, NULL, '2013-10-30 01:44:04'),
(1097, 37, 1011, '00:00:00', NULL, 0, NULL, '2013-10-30 01:44:04'),
(1098, 37, 1012, '00:00:00', NULL, 0, NULL, '2013-10-30 01:44:04'),
(1099, 37, 1013, '00:00:00', NULL, 0, NULL, '2013-10-30 01:44:04'),
(1100, 37, 1014, '00:00:00', NULL, 0, NULL, '2013-10-30 01:44:04'),
(1101, 37, 1015, '00:00:00', NULL, 0, NULL, '2013-10-30 01:44:04'),
(1102, 37, 1016, '00:00:00', NULL, 0, NULL, '2013-10-30 01:44:04'),
(1103, 37, 1017, '00:00:00', NULL, 0, NULL, '2013-10-30 01:44:04'),
(1104, 37, 1018, '00:00:00', NULL, 0, NULL, '2013-10-30 01:44:04'),
(1105, 37, 1019, '00:00:00', NULL, 0, NULL, '2013-10-30 01:44:04'),
(1106, 37, 1020, '00:00:00', NULL, 0, NULL, '2013-10-30 01:44:04'),
(1107, 37, 1021, '00:00:00', NULL, 0, NULL, '2013-10-30 01:44:04'),
(1108, 37, 1022, '00:00:00', NULL, 0, NULL, '2013-10-30 01:44:04'),
(1109, 37, 1023, '00:00:00', NULL, 0, NULL, '2013-10-30 01:44:04'),
(1110, 37, 1024, '00:00:00', NULL, 0, NULL, '2013-10-30 01:44:04'),
(1111, 37, 1025, '00:00:00', NULL, 0, NULL, '2013-10-30 01:44:04'),
(1112, 37, 1026, '00:00:00', NULL, 0, NULL, '2013-10-30 01:44:04'),
(1113, 37, 1027, '00:00:00', NULL, 0, NULL, '2013-10-30 01:44:04'),
(1114, 37, 1028, '00:00:00', NULL, 0, NULL, '2013-10-30 01:44:04'),
(1115, 37, 1029, '00:00:00', NULL, 0, NULL, '2013-10-30 01:44:04'),
(1116, 37, 1030, '00:00:00', NULL, 0, NULL, '2013-10-30 01:44:04'),
(1117, 38, 1000, '00:00:00', 'Sucio', 2, NULL, '2013-10-30 01:44:43'),
(1118, 38, 1001, '00:00:00', 'Sucio', 1, NULL, '2013-10-30 01:44:43'),
(1119, 38, 1002, '00:00:00', 'Sucio', 0.275, NULL, '2013-10-30 01:44:43'),
(1120, 38, 1003, '00:00:00', 'Sucio', 1, NULL, '2013-10-30 01:44:43'),
(1121, 38, 1004, '00:00:00', NULL, 0.8, NULL, '2013-11-02 01:30:50'),
(1122, 38, 1005, '00:00:00', NULL, 0, NULL, '2013-10-30 01:44:04'),
(1123, 38, 1006, '00:00:00', NULL, 0, NULL, '2013-10-30 01:44:04'),
(1124, 38, 1007, '00:00:00', NULL, 0, NULL, '2013-10-30 01:44:04'),
(1125, 38, 1008, '00:00:00', NULL, 0, NULL, '2013-10-30 01:44:04'),
(1126, 38, 1009, '00:00:00', NULL, 0, NULL, '2013-10-30 01:44:04'),
(1127, 38, 1010, '00:00:00', NULL, 0, NULL, '2013-10-30 01:44:04'),
(1128, 38, 1011, '00:00:00', NULL, 0, NULL, '2013-10-30 01:44:04'),
(1129, 38, 1012, '00:00:00', NULL, 0, NULL, '2013-10-30 01:44:04'),
(1130, 38, 1013, '00:00:00', NULL, 0, NULL, '2013-10-30 01:44:04'),
(1131, 38, 1014, '00:00:00', NULL, 0, NULL, '2013-10-30 01:44:04'),
(1132, 38, 1015, '00:00:00', NULL, 0, NULL, '2013-10-30 01:44:04'),
(1133, 38, 1016, '00:00:00', NULL, 0, NULL, '2013-10-30 01:44:04'),
(1134, 38, 1017, '00:00:00', NULL, 0, NULL, '2013-10-30 01:44:04'),
(1135, 38, 1018, '00:00:00', NULL, 0, NULL, '2013-10-30 01:44:04'),
(1136, 38, 1019, '00:00:00', NULL, 0, NULL, '2013-10-30 01:44:04'),
(1137, 38, 1020, '00:00:00', NULL, 0, NULL, '2013-10-30 01:44:04'),
(1138, 38, 1021, '00:00:00', NULL, 0, NULL, '2013-10-30 01:44:04'),
(1139, 38, 1022, '00:00:00', NULL, 0, NULL, '2013-10-30 01:44:04'),
(1140, 38, 1023, '00:00:00', NULL, 0, NULL, '2013-10-30 01:44:04'),
(1141, 38, 1024, '00:00:00', NULL, 0, NULL, '2013-10-30 01:44:04'),
(1142, 38, 1025, '00:00:00', NULL, 0, NULL, '2013-10-30 01:44:04'),
(1143, 38, 1026, '00:00:00', NULL, 0, NULL, '2013-10-30 01:44:04'),
(1144, 38, 1027, '00:00:00', NULL, 0, NULL, '2013-10-30 01:44:04'),
(1145, 38, 1028, '00:00:00', NULL, 0, NULL, '2013-10-30 01:44:04'),
(1146, 38, 1029, '00:00:00', NULL, 0, NULL, '2013-10-30 01:44:04'),
(1147, 38, 1030, '00:00:00', NULL, 0, NULL, '2013-10-30 01:44:04'),
(1148, 39, 1000, '00:00:00', 'Sucio', 2, NULL, '2013-10-30 01:44:43'),
(1149, 39, 1001, '00:00:00', 'Sucio', 1, NULL, '2013-10-30 01:44:43'),
(1150, 39, 1002, '00:00:00', 'Sucio', 0.275, NULL, '2013-10-30 01:44:43'),
(1151, 39, 1003, '00:00:00', 'Sucio', 1, NULL, '2013-10-30 01:44:43'),
(1152, 39, 1004, '00:00:00', NULL, 0.8, NULL, '2013-11-02 01:30:58'),
(1153, 39, 1005, '00:00:00', NULL, 0, NULL, '2013-10-30 01:44:04'),
(1154, 39, 1006, '00:00:00', NULL, 0, NULL, '2013-10-30 01:44:04'),
(1155, 39, 1007, '00:00:00', NULL, 0, NULL, '2013-10-30 01:44:04'),
(1156, 39, 1008, '00:00:00', NULL, 0, NULL, '2013-10-30 01:44:04'),
(1157, 39, 1009, '00:00:00', NULL, 0, NULL, '2013-10-30 01:44:04'),
(1158, 39, 1010, '00:00:00', NULL, 0, NULL, '2013-10-30 01:44:04'),
(1159, 39, 1011, '00:00:00', NULL, 0, NULL, '2013-10-30 01:44:04'),
(1160, 39, 1012, '00:00:00', NULL, 0, NULL, '2013-10-30 01:44:04'),
(1161, 39, 1013, '00:00:00', NULL, 0, NULL, '2013-10-30 01:44:04'),
(1162, 39, 1014, '00:00:00', NULL, 0, NULL, '2013-10-30 01:44:04'),
(1163, 39, 1015, '00:00:00', NULL, 0, NULL, '2013-10-30 01:44:04'),
(1164, 39, 1016, '00:00:00', NULL, 0, NULL, '2013-10-30 01:44:04'),
(1165, 39, 1017, '00:00:00', NULL, 0, NULL, '2013-10-30 01:44:04'),
(1166, 39, 1018, '00:00:00', NULL, 0, NULL, '2013-10-30 01:44:04'),
(1167, 39, 1019, '00:00:00', NULL, 0, NULL, '2013-10-30 01:44:04'),
(1168, 39, 1020, '00:00:00', NULL, 0, NULL, '2013-10-30 01:44:04'),
(1169, 39, 1021, '00:00:00', NULL, 0, NULL, '2013-10-30 01:44:04'),
(1170, 39, 1022, '00:00:00', NULL, 0, NULL, '2013-10-30 01:44:04'),
(1171, 39, 1023, '00:00:00', NULL, 0, NULL, '2013-10-30 01:44:04'),
(1172, 39, 1024, '00:00:00', NULL, 0, NULL, '2013-10-30 01:44:04'),
(1173, 39, 1025, '00:00:00', NULL, 0, NULL, '2013-10-30 01:44:04'),
(1174, 39, 1026, '00:00:00', NULL, 0, NULL, '2013-10-30 01:44:04'),
(1175, 39, 1027, '00:00:00', NULL, 0, NULL, '2013-10-30 01:44:04'),
(1176, 39, 1028, '00:00:00', NULL, 0, NULL, '2013-10-30 01:44:04'),
(1177, 39, 1029, '00:00:00', NULL, 0, NULL, '2013-10-30 01:44:04'),
(1178, 39, 1030, '00:00:00', NULL, 0, NULL, '2013-10-30 01:44:04'),
(1179, 40, 1000, '00:00:00', 'Sucio', 2, NULL, '2013-10-30 01:44:43'),
(1180, 40, 1001, '00:00:00', 'Sucio', 1, NULL, '2013-10-30 01:44:43'),
(1181, 40, 1002, '00:00:00', 'Sucio', 0.275, NULL, '2013-10-30 01:44:43'),
(1182, 40, 1003, '00:00:00', 'Sucio', 1, NULL, '2013-10-30 01:44:43'),
(1183, 40, 1004, '00:00:00', NULL, 0, NULL, '2013-11-02 01:28:06'),
(1184, 40, 1005, '00:00:00', NULL, 0, NULL, '2013-10-30 01:44:04'),
(1185, 40, 1006, '00:00:00', NULL, 0, NULL, '2013-10-30 01:44:04'),
(1186, 40, 1007, '00:00:00', NULL, 0, NULL, '2013-10-30 01:44:04'),
(1187, 40, 1008, '00:00:00', NULL, 0, NULL, '2013-10-30 01:44:04'),
(1188, 40, 1009, '00:00:00', NULL, 0, NULL, '2013-10-30 01:44:04'),
(1189, 40, 1010, '00:00:00', NULL, 0, NULL, '2013-10-30 01:44:04'),
(1190, 40, 1011, '00:00:00', NULL, 0, NULL, '2013-10-30 01:44:04'),
(1191, 40, 1012, '00:00:00', NULL, 0, NULL, '2013-10-30 01:44:04'),
(1192, 40, 1013, '00:00:00', NULL, 0, NULL, '2013-10-30 01:44:04'),
(1193, 40, 1014, '00:00:00', NULL, 0, NULL, '2013-10-30 01:44:04'),
(1194, 40, 1015, '00:00:00', NULL, 0, NULL, '2013-10-30 01:44:04'),
(1195, 40, 1016, '00:00:00', NULL, 0, NULL, '2013-10-30 01:44:04'),
(1196, 40, 1017, '00:00:00', NULL, 0, NULL, '2013-10-30 01:44:04'),
(1197, 40, 1018, '00:00:00', NULL, 0, NULL, '2013-10-30 01:44:04'),
(1198, 40, 1019, '00:00:00', NULL, 0, NULL, '2013-10-30 01:44:04'),
(1199, 40, 1020, '00:00:00', NULL, 0, NULL, '2013-10-30 01:44:04'),
(1200, 40, 1021, '00:00:00', NULL, 0, NULL, '2013-10-30 01:44:04'),
(1201, 40, 1022, '00:00:00', NULL, 0, NULL, '2013-10-30 01:44:04'),
(1202, 40, 1023, '00:00:00', NULL, 0, NULL, '2013-10-30 01:44:04'),
(1203, 40, 1024, '00:00:00', NULL, 0, NULL, '2013-10-30 01:44:04'),
(1204, 40, 1025, '00:00:00', NULL, 0, NULL, '2013-10-30 01:44:04'),
(1205, 40, 1026, '00:00:00', NULL, 0, NULL, '2013-10-30 01:44:04'),
(1206, 40, 1027, '00:00:00', NULL, 0, NULL, '2013-10-30 01:44:04'),
(1207, 40, 1028, '00:00:00', NULL, 0, NULL, '2013-10-30 01:44:04'),
(1208, 40, 1029, '00:00:00', NULL, 0, NULL, '2013-10-30 01:44:04'),
(1209, 40, 1030, '00:00:00', NULL, 0, NULL, '2013-10-30 01:44:04'),
(1210, 41, 1000, '00:00:00', 'Sucio', 2, NULL, '2013-10-30 01:44:43'),
(1211, 41, 1001, '00:00:00', 'Sucio', 1, NULL, '2013-10-30 01:44:43'),
(1212, 41, 1002, '00:00:00', 'Sucio', 0.275, NULL, '2013-10-30 01:44:43'),
(1213, 41, 1003, '00:00:00', 'Sucio', 1, NULL, '2013-10-30 01:44:43'),
(1214, 41, 1004, '00:00:00', NULL, 0.8, NULL, '2013-11-02 01:31:06'),
(1215, 41, 1005, '00:00:00', NULL, 0, NULL, '2013-10-30 01:44:04'),
(1216, 41, 1006, '00:00:00', NULL, 0, NULL, '2013-10-30 01:44:04'),
(1217, 41, 1007, '00:00:00', NULL, 0, NULL, '2013-10-30 01:44:04'),
(1218, 41, 1008, '00:00:00', NULL, 0, NULL, '2013-10-30 01:44:04'),
(1219, 41, 1009, '00:00:00', NULL, 0, NULL, '2013-10-30 01:44:04'),
(1220, 41, 1010, '00:00:00', NULL, 0, NULL, '2013-10-30 01:44:04'),
(1221, 41, 1011, '00:00:00', NULL, 0, NULL, '2013-10-30 01:44:04'),
(1222, 41, 1012, '00:00:00', NULL, 0, NULL, '2013-10-30 01:44:04'),
(1223, 41, 1013, '00:00:00', NULL, 0, NULL, '2013-10-30 01:44:04'),
(1224, 41, 1014, '00:00:00', NULL, 0, NULL, '2013-10-30 01:44:04'),
(1225, 41, 1015, '00:00:00', NULL, 0, NULL, '2013-10-30 01:44:04'),
(1226, 41, 1016, '00:00:00', NULL, 0, NULL, '2013-10-30 01:44:04'),
(1227, 41, 1017, '00:00:00', NULL, 0, NULL, '2013-10-30 01:44:04'),
(1228, 41, 1018, '00:00:00', NULL, 0, NULL, '2013-10-30 01:44:04'),
(1229, 41, 1019, '00:00:00', NULL, 0, NULL, '2013-10-30 01:44:04'),
(1230, 41, 1020, '00:00:00', NULL, 0, NULL, '2013-10-30 01:44:04'),
(1231, 41, 1021, '00:00:00', NULL, 0, NULL, '2013-10-30 01:44:04'),
(1232, 41, 1022, '00:00:00', NULL, 0, NULL, '2013-10-30 01:44:04'),
(1233, 41, 1023, '00:00:00', NULL, 0, NULL, '2013-10-30 01:44:04'),
(1234, 41, 1024, '00:00:00', NULL, 0, NULL, '2013-10-30 01:44:04'),
(1235, 41, 1025, '00:00:00', NULL, 0, NULL, '2013-10-30 01:44:04'),
(1236, 41, 1026, '00:00:00', NULL, 0, NULL, '2013-10-30 01:44:04'),
(1237, 41, 1027, '00:00:00', NULL, 0, NULL, '2013-10-30 01:44:04'),
(1238, 41, 1028, '00:00:00', NULL, 0, NULL, '2013-10-30 01:44:04'),
(1239, 41, 1029, '00:00:00', NULL, 0, NULL, '2013-10-30 01:44:04'),
(1240, 41, 1030, '00:00:00', NULL, 0, NULL, '2013-10-30 01:44:04'),
(1241, 43, 1000, '00:00:00', 'Sucio', 2, NULL, '2013-10-30 01:44:43'),
(1242, 43, 1001, '00:00:00', 'Sucio', 1, NULL, '2013-10-30 01:44:43'),
(1243, 43, 1002, '00:00:00', 'Sucio', 0.275, NULL, '2013-10-30 01:44:43'),
(1244, 43, 1003, '00:00:00', 'Sucio', 1, NULL, '2013-10-30 01:44:43'),
(1245, 43, 1004, '00:00:00', NULL, 0.8, NULL, '2013-11-02 01:31:13'),
(1246, 43, 1005, '00:00:00', NULL, 0, NULL, '2013-10-30 01:44:04'),
(1247, 43, 1006, '00:00:00', NULL, 0, NULL, '2013-10-30 01:44:04'),
(1248, 43, 1007, '00:00:00', NULL, 0, NULL, '2013-10-30 01:44:04'),
(1249, 43, 1008, '00:00:00', NULL, 0, NULL, '2013-10-30 01:44:04'),
(1250, 43, 1009, '00:00:00', NULL, 0, NULL, '2013-10-30 01:44:04'),
(1251, 43, 1010, '00:00:00', NULL, 0, NULL, '2013-10-30 01:44:04'),
(1252, 43, 1011, '00:00:00', NULL, 0, NULL, '2013-10-30 01:44:04'),
(1253, 43, 1012, '00:00:00', NULL, 0, NULL, '2013-10-30 01:44:04'),
(1254, 43, 1013, '00:00:00', NULL, 0, NULL, '2013-10-30 01:44:04'),
(1255, 43, 1014, '00:00:00', NULL, 0, NULL, '2013-10-30 01:44:04'),
(1256, 43, 1015, '00:00:00', NULL, 0, NULL, '2013-10-30 01:44:04'),
(1257, 43, 1016, '00:00:00', NULL, 0, NULL, '2013-10-30 01:44:04'),
(1258, 43, 1017, '00:00:00', NULL, 0, NULL, '2013-10-30 01:44:04'),
(1259, 43, 1018, '00:00:00', NULL, 0, NULL, '2013-10-30 01:44:04'),
(1260, 43, 1019, '00:00:00', NULL, 0, NULL, '2013-10-30 01:44:04'),
(1261, 43, 1020, '00:00:00', NULL, 0, NULL, '2013-10-30 01:44:04'),
(1262, 43, 1021, '00:00:00', NULL, 0, NULL, '2013-10-30 01:44:04'),
(1263, 43, 1022, '00:00:00', NULL, 0, NULL, '2013-10-30 01:44:04'),
(1264, 43, 1023, '00:00:00', NULL, 0, NULL, '2013-10-30 01:44:04'),
(1265, 43, 1024, '00:00:00', NULL, 0, NULL, '2013-10-30 01:44:04'),
(1266, 43, 1025, '00:00:00', NULL, 0, NULL, '2013-10-30 01:44:04'),
(1267, 43, 1026, '00:00:00', NULL, 0, NULL, '2013-10-30 01:44:04'),
(1268, 43, 1027, '00:00:00', NULL, 0, NULL, '2013-10-30 01:44:04'),
(1269, 43, 1028, '00:00:00', NULL, 0, NULL, '2013-10-30 01:44:04'),
(1270, 43, 1029, '00:00:00', NULL, 0, NULL, '2013-10-30 01:44:04'),
(1271, 43, 1030, '00:00:00', NULL, 0, NULL, '2013-10-30 01:44:04'),
(1272, 44, 1000, '00:00:00', 'Sucio', 2, NULL, '2013-10-30 01:44:43'),
(1273, 44, 1001, '00:00:00', 'Sucio', 1, NULL, '2013-10-30 01:44:43'),
(1274, 44, 1002, '00:00:00', 'Sucio', 0.275, NULL, '2013-10-30 01:44:43'),
(1275, 44, 1003, '00:00:00', 'Sucio', 1, NULL, '2013-10-30 01:44:43'),
(1276, 44, 1004, '00:00:00', NULL, 0.8, NULL, '2013-11-02 01:31:22'),
(1277, 44, 1005, '00:00:00', NULL, 0, NULL, '2013-10-30 01:44:04'),
(1278, 44, 1006, '00:00:00', NULL, 0, NULL, '2013-10-30 01:44:04'),
(1279, 44, 1007, '00:00:00', NULL, 0, NULL, '2013-10-30 01:44:04'),
(1280, 44, 1008, '00:00:00', NULL, 0, NULL, '2013-10-30 01:44:04'),
(1281, 44, 1009, '00:00:00', NULL, 0, NULL, '2013-10-30 01:44:04'),
(1282, 44, 1010, '00:00:00', NULL, 0, NULL, '2013-10-30 01:44:04'),
(1283, 44, 1011, '00:00:00', NULL, 0, NULL, '2013-10-30 01:44:04'),
(1284, 44, 1012, '00:00:00', NULL, 0, NULL, '2013-10-30 01:44:04'),
(1285, 44, 1013, '00:00:00', NULL, 0, NULL, '2013-10-30 01:44:04'),
(1286, 44, 1014, '00:00:00', NULL, 0, NULL, '2013-10-30 01:44:04'),
(1287, 44, 1015, '00:00:00', NULL, 0, NULL, '2013-10-30 01:44:04'),
(1288, 44, 1016, '00:00:00', NULL, 0, NULL, '2013-10-30 01:44:04'),
(1289, 44, 1017, '00:00:00', NULL, 0, NULL, '2013-10-30 01:44:04'),
(1290, 44, 1018, '00:00:00', NULL, 0, NULL, '2013-10-30 01:44:04'),
(1291, 44, 1019, '00:00:00', NULL, 0, NULL, '2013-10-30 01:44:04'),
(1292, 44, 1020, '00:00:00', NULL, 0, NULL, '2013-10-30 01:44:04'),
(1293, 44, 1021, '00:00:00', NULL, 0, NULL, '2013-10-30 01:44:04'),
(1294, 44, 1022, '00:00:00', NULL, 0, NULL, '2013-10-30 01:44:04'),
(1295, 44, 1023, '00:00:00', NULL, 0, NULL, '2013-10-30 01:44:04'),
(1296, 44, 1024, '00:00:00', NULL, 0, NULL, '2013-10-30 01:44:04'),
(1297, 44, 1025, '00:00:00', NULL, 0, NULL, '2013-10-30 01:44:04'),
(1298, 44, 1026, '00:00:00', NULL, 0, NULL, '2013-10-30 01:44:04'),
(1299, 44, 1027, '00:00:00', NULL, 0, NULL, '2013-10-30 01:44:04'),
(1300, 44, 1028, '00:00:00', NULL, 0, NULL, '2013-10-30 01:44:04'),
(1301, 44, 1029, '00:00:00', NULL, 0, NULL, '2013-10-30 01:44:04'),
(1302, 44, 1030, '00:00:00', NULL, 0, NULL, '2013-10-30 01:44:04'),
(1303, 45, 1000, '00:00:00', 'Sucio', 2, NULL, '2013-10-30 01:44:43'),
(1304, 45, 1001, '00:00:00', 'Sucio', 1, NULL, '2013-10-30 01:44:43'),
(1305, 45, 1002, '00:00:00', 'Sucio', 0.275, NULL, '2013-10-30 01:44:43'),
(1306, 45, 1003, '00:00:00', 'Sucio', 1, NULL, '2013-10-30 01:44:43'),
(1307, 45, 1004, '00:00:00', NULL, 0, NULL, '2013-11-02 01:28:06'),
(1308, 45, 1005, '00:00:00', NULL, 0, NULL, '2013-10-30 01:44:04'),
(1309, 45, 1006, '00:00:00', NULL, 0, NULL, '2013-10-30 01:44:04'),
(1310, 45, 1007, '00:00:00', NULL, 0, NULL, '2013-10-30 01:44:04'),
(1311, 45, 1008, '00:00:00', NULL, 0, NULL, '2013-10-30 01:44:04'),
(1312, 45, 1009, '00:00:00', NULL, 0, NULL, '2013-10-30 01:44:04'),
(1313, 45, 1010, '00:00:00', NULL, 0, NULL, '2013-10-30 01:44:04'),
(1314, 45, 1011, '00:00:00', NULL, 0, NULL, '2013-10-30 01:44:04'),
(1315, 45, 1012, '00:00:00', NULL, 0, NULL, '2013-10-30 01:44:04'),
(1316, 45, 1013, '00:00:00', NULL, 0, NULL, '2013-10-30 01:44:04'),
(1317, 45, 1014, '00:00:00', NULL, 0, NULL, '2013-10-30 01:44:04'),
(1318, 45, 1015, '00:00:00', NULL, 0, NULL, '2013-10-30 01:44:04'),
(1319, 45, 1016, '00:00:00', NULL, 0, NULL, '2013-10-30 01:44:04'),
(1320, 45, 1017, '00:00:00', NULL, 0, NULL, '2013-10-30 01:44:04'),
(1321, 45, 1018, '00:00:00', NULL, 0, NULL, '2013-10-30 01:44:04'),
(1322, 45, 1019, '00:00:00', NULL, 0, NULL, '2013-10-30 01:44:04'),
(1323, 45, 1020, '00:00:00', NULL, 0, NULL, '2013-10-30 01:44:04'),
(1324, 45, 1021, '00:00:00', NULL, 0, NULL, '2013-10-30 01:44:04'),
(1325, 45, 1022, '00:00:00', NULL, 0, NULL, '2013-10-30 01:44:04'),
(1326, 45, 1023, '00:00:00', NULL, 0, NULL, '2013-10-30 01:44:04'),
(1327, 45, 1024, '00:00:00', NULL, 0, NULL, '2013-10-30 01:44:04'),
(1328, 45, 1025, '00:00:00', NULL, 0, NULL, '2013-10-30 01:44:04'),
(1329, 45, 1026, '00:00:00', NULL, 0, NULL, '2013-10-30 01:44:04'),
(1330, 45, 1027, '00:00:00', NULL, 0, NULL, '2013-10-30 01:44:04'),
(1331, 45, 1028, '00:00:00', NULL, 0, NULL, '2013-10-30 01:44:04'),
(1332, 45, 1029, '00:00:00', NULL, 0, NULL, '2013-10-30 01:44:04'),
(1333, 45, 1030, '00:00:00', NULL, 0, NULL, '2013-10-30 01:44:04'),
(1365, 47, 1000, '00:00:00', 'Sucio', 2, NULL, '2013-10-30 01:44:43'),
(1366, 47, 1001, '00:00:00', 'Sucio', 1, NULL, '2013-10-30 01:44:43'),
(1367, 47, 1002, '00:00:00', 'Sucio', 0.275, NULL, '2013-10-30 01:44:43'),
(1368, 47, 1003, '00:00:00', 'Sucio', 1, NULL, '2013-10-30 01:44:43'),
(1369, 47, 1004, '00:00:00', NULL, 0.8, NULL, '2013-11-02 01:31:29'),
(1370, 47, 1005, '00:00:00', NULL, 0, NULL, '2013-10-30 01:44:04'),
(1371, 47, 1006, '00:00:00', NULL, 0, NULL, '2013-10-30 01:44:04'),
(1372, 47, 1007, '00:00:00', NULL, 0, NULL, '2013-10-30 01:44:04'),
(1373, 47, 1008, '00:00:00', NULL, 0, NULL, '2013-10-30 01:44:04'),
(1374, 47, 1009, '00:00:00', NULL, 0, NULL, '2013-10-30 01:44:04'),
(1375, 47, 1010, '00:00:00', NULL, 0, NULL, '2013-10-30 01:44:04'),
(1376, 47, 1011, '00:00:00', NULL, 0, NULL, '2013-10-30 01:44:04'),
(1377, 47, 1012, '00:00:00', NULL, 0, NULL, '2013-10-30 01:44:04'),
(1378, 47, 1013, '00:00:00', NULL, 0, NULL, '2013-10-30 01:44:04'),
(1379, 47, 1014, '00:00:00', NULL, 0, NULL, '2013-10-30 01:44:04'),
(1380, 47, 1015, '00:00:00', NULL, 0, NULL, '2013-10-30 01:44:04'),
(1381, 47, 1016, '00:00:00', NULL, 0, NULL, '2013-10-30 01:44:04'),
(1382, 47, 1017, '00:00:00', NULL, 0, NULL, '2013-10-30 01:44:04'),
(1383, 47, 1018, '00:00:00', NULL, 0, NULL, '2013-10-30 01:44:04'),
(1384, 47, 1019, '00:00:00', NULL, 0, NULL, '2013-10-30 01:44:04'),
(1385, 47, 1020, '00:00:00', NULL, 0, NULL, '2013-10-30 01:44:04'),
(1386, 47, 1021, '00:00:00', NULL, 0, NULL, '2013-10-30 01:44:04'),
(1387, 47, 1022, '00:00:00', NULL, 0, NULL, '2013-10-30 01:44:04'),
(1388, 47, 1023, '00:00:00', NULL, 0, NULL, '2013-10-30 01:44:04'),
(1389, 47, 1024, '00:00:00', NULL, 0, NULL, '2013-10-30 01:44:04'),
(1390, 47, 1025, '00:00:00', NULL, 0, NULL, '2013-10-30 01:44:04'),
(1391, 47, 1026, '00:00:00', NULL, 0, NULL, '2013-10-30 01:44:04'),
(1392, 47, 1027, '00:00:00', NULL, 0, NULL, '2013-10-30 01:44:04'),
(1393, 47, 1028, '00:00:00', NULL, 0, NULL, '2013-10-30 01:44:04'),
(1394, 47, 1029, '00:00:00', NULL, 0, NULL, '2013-10-30 01:44:04'),
(1395, 47, 1030, '00:00:00', NULL, 0, NULL, '2013-10-30 01:44:04'),
(1396, 48, 1000, '00:00:00', 'Sucio', 2, NULL, '2013-10-30 01:44:43'),
(1397, 48, 1001, '00:00:00', 'Sucio', 1, NULL, '2013-10-30 01:44:43'),
(1398, 48, 1002, '00:00:00', 'Sucio', 0.275, NULL, '2013-10-30 01:44:43'),
(1399, 48, 1003, '00:00:00', 'Sucio', 1, NULL, '2013-10-30 01:44:43'),
(1400, 48, 1004, '00:00:00', NULL, 0.8, NULL, '2013-11-02 01:31:34'),
(1401, 48, 1005, '00:00:00', NULL, 0, NULL, '2013-10-30 01:44:04'),
(1402, 48, 1006, '00:00:00', NULL, 0, NULL, '2013-10-30 01:44:04'),
(1403, 48, 1007, '00:00:00', NULL, 0, NULL, '2013-10-30 01:44:04'),
(1404, 48, 1008, '00:00:00', NULL, 0, NULL, '2013-10-30 01:44:04'),
(1405, 48, 1009, '00:00:00', NULL, 0, NULL, '2013-10-30 01:44:04'),
(1406, 48, 1010, '00:00:00', NULL, 0, NULL, '2013-10-30 01:44:04'),
(1407, 48, 1011, '00:00:00', NULL, 0, NULL, '2013-10-30 01:44:04'),
(1408, 48, 1012, '00:00:00', NULL, 0, NULL, '2013-10-30 01:44:04'),
(1409, 48, 1013, '00:00:00', NULL, 0, NULL, '2013-10-30 01:44:04'),
(1410, 48, 1014, '00:00:00', NULL, 0, NULL, '2013-10-30 01:44:04'),
(1411, 48, 1015, '00:00:00', NULL, 0, NULL, '2013-10-30 01:44:04'),
(1412, 48, 1016, '00:00:00', NULL, 0, NULL, '2013-10-30 01:44:04'),
(1413, 48, 1017, '00:00:00', NULL, 0, NULL, '2013-10-30 01:44:04'),
(1414, 48, 1018, '00:00:00', NULL, 0, NULL, '2013-10-30 01:44:04'),
(1415, 48, 1019, '00:00:00', NULL, 0, NULL, '2013-10-30 01:44:04'),
(1416, 48, 1020, '00:00:00', NULL, 0, NULL, '2013-10-30 01:44:04'),
(1417, 48, 1021, '00:00:00', NULL, 0, NULL, '2013-10-30 01:44:04'),
(1418, 48, 1022, '00:00:00', NULL, 0, NULL, '2013-10-30 01:44:04'),
(1419, 48, 1023, '00:00:00', NULL, 0, NULL, '2013-10-30 01:44:04'),
(1420, 48, 1024, '00:00:00', NULL, 0, NULL, '2013-10-30 01:44:04'),
(1421, 48, 1025, '00:00:00', NULL, 0, NULL, '2013-10-30 01:44:04'),
(1422, 48, 1026, '00:00:00', NULL, 0, NULL, '2013-10-30 01:44:04'),
(1423, 48, 1027, '00:00:00', NULL, 0, NULL, '2013-10-30 01:44:04'),
(1424, 48, 1028, '00:00:00', NULL, 0, NULL, '2013-10-30 01:44:04'),
(1425, 48, 1029, '00:00:00', NULL, 0, NULL, '2013-10-30 01:44:04'),
(1426, 48, 1030, '00:00:00', NULL, 0, NULL, '2013-10-30 01:44:04'),
(1427, 49, 1000, '00:00:00', 'Sucio', 2, NULL, '2013-10-30 01:44:43'),
(1428, 49, 1001, '00:00:00', 'Sucio', 1, NULL, '2013-10-30 01:44:43'),
(1429, 49, 1002, '00:00:00', 'Sucio', 0.275, NULL, '2013-10-30 01:44:43'),
(1430, 49, 1003, '00:00:00', 'Sucio', 1, NULL, '2013-10-30 01:44:43'),
(1431, 49, 1004, '00:00:00', NULL, 0.8, NULL, '2013-11-02 01:31:42'),
(1432, 49, 1005, '00:00:00', NULL, 0, NULL, '2013-10-30 01:44:04'),
(1433, 49, 1006, '00:00:00', NULL, 0, NULL, '2013-10-30 01:44:04'),
(1434, 49, 1007, '00:00:00', NULL, 0, NULL, '2013-10-30 01:44:04'),
(1435, 49, 1008, '00:00:00', NULL, 0, NULL, '2013-10-30 01:44:04'),
(1436, 49, 1009, '00:00:00', NULL, 0, NULL, '2013-10-30 01:44:04'),
(1437, 49, 1010, '00:00:00', NULL, 0, NULL, '2013-10-30 01:44:04'),
(1438, 49, 1011, '00:00:00', NULL, 0, NULL, '2013-10-30 01:44:04'),
(1439, 49, 1012, '00:00:00', NULL, 0, NULL, '2013-10-30 01:44:04'),
(1440, 49, 1013, '00:00:00', NULL, 0, NULL, '2013-10-30 01:44:04'),
(1441, 49, 1014, '00:00:00', NULL, 0, NULL, '2013-10-30 01:44:04'),
(1442, 49, 1015, '00:00:00', NULL, 0, NULL, '2013-10-30 01:44:04'),
(1443, 49, 1016, '00:00:00', NULL, 0, NULL, '2013-10-30 01:44:04'),
(1444, 49, 1017, '00:00:00', NULL, 0, NULL, '2013-10-30 01:44:04'),
(1445, 49, 1018, '00:00:00', NULL, 0, NULL, '2013-10-30 01:44:04'),
(1446, 49, 1019, '00:00:00', NULL, 0, NULL, '2013-10-30 01:44:04'),
(1447, 49, 1020, '00:00:00', NULL, 0, NULL, '2013-10-30 01:44:04'),
(1448, 49, 1021, '00:00:00', NULL, 0, NULL, '2013-10-30 01:44:04'),
(1449, 49, 1022, '00:00:00', NULL, 0, NULL, '2013-10-30 01:44:04'),
(1450, 49, 1023, '00:00:00', NULL, 0, NULL, '2013-10-30 01:44:04'),
(1451, 49, 1024, '00:00:00', NULL, 0, NULL, '2013-10-30 01:44:04'),
(1452, 49, 1025, '00:00:00', NULL, 0, NULL, '2013-10-30 01:44:04'),
(1453, 49, 1026, '00:00:00', NULL, 0, NULL, '2013-10-30 01:44:04'),
(1454, 49, 1027, '00:00:00', NULL, 0, NULL, '2013-10-30 01:44:04'),
(1455, 49, 1028, '00:00:00', NULL, 0, NULL, '2013-10-30 01:44:04'),
(1456, 49, 1029, '00:00:00', NULL, 0, NULL, '2013-10-30 01:44:04'),
(1457, 49, 1030, '00:00:00', NULL, 0, NULL, '2013-10-30 01:44:04'),
(1458, 50, 1000, '00:00:00', 'Sucio', 2, NULL, '2013-10-30 01:44:43'),
(1459, 50, 1001, '00:00:00', 'Sucio', 1, NULL, '2013-10-30 01:44:43'),
(1460, 50, 1002, '00:00:00', 'Sucio', 0.275, NULL, '2013-10-30 01:44:43'),
(1461, 50, 1003, '00:00:00', 'Sucio', 1, NULL, '2013-10-30 01:44:43'),
(1462, 50, 1004, '00:00:00', NULL, 0.8, NULL, '2013-11-02 01:31:49'),
(1463, 50, 1005, '00:00:00', NULL, 0, NULL, '2013-10-30 01:44:04'),
(1464, 50, 1006, '00:00:00', NULL, 0, NULL, '2013-10-30 01:44:04'),
(1465, 50, 1007, '00:00:00', NULL, 0, NULL, '2013-10-30 01:44:04'),
(1466, 50, 1008, '00:00:00', NULL, 0, NULL, '2013-10-30 01:44:04'),
(1467, 50, 1009, '00:00:00', NULL, 0, NULL, '2013-10-30 01:44:04'),
(1468, 50, 1010, '00:00:00', NULL, 0, NULL, '2013-10-30 01:44:04'),
(1469, 50, 1011, '00:00:00', NULL, 0, NULL, '2013-10-30 01:44:04'),
(1470, 50, 1012, '00:00:00', NULL, 0, NULL, '2013-10-30 01:44:04'),
(1471, 50, 1013, '00:00:00', NULL, 0, NULL, '2013-10-30 01:44:04'),
(1472, 50, 1014, '00:00:00', NULL, 0, NULL, '2013-10-30 01:44:04'),
(1473, 50, 1015, '00:00:00', NULL, 0, NULL, '2013-10-30 01:44:04'),
(1474, 50, 1016, '00:00:00', NULL, 0, NULL, '2013-10-30 01:44:04'),
(1475, 50, 1017, '00:00:00', NULL, 0, NULL, '2013-10-30 01:44:04'),
(1476, 50, 1018, '00:00:00', NULL, 0, NULL, '2013-10-30 01:44:04'),
(1477, 50, 1019, '00:00:00', NULL, 0, NULL, '2013-10-30 01:44:04'),
(1478, 50, 1020, '00:00:00', NULL, 0, NULL, '2013-10-30 01:44:04'),
(1479, 50, 1021, '00:00:00', NULL, 0, NULL, '2013-10-30 01:44:04'),
(1480, 50, 1022, '00:00:00', NULL, 0, NULL, '2013-10-30 01:44:04'),
(1481, 50, 1023, '00:00:00', NULL, 0, NULL, '2013-10-30 01:44:04'),
(1482, 50, 1024, '00:00:00', NULL, 0, NULL, '2013-10-30 01:44:04'),
(1483, 50, 1025, '00:00:00', NULL, 0, NULL, '2013-10-30 01:44:04'),
(1484, 50, 1026, '00:00:00', NULL, 0, NULL, '2013-10-30 01:44:04'),
(1485, 50, 1027, '00:00:00', NULL, 0, NULL, '2013-10-30 01:44:04'),
(1486, 50, 1028, '00:00:00', NULL, 0, NULL, '2013-10-30 01:44:04'),
(1487, 50, 1029, '00:00:00', NULL, 0, NULL, '2013-10-30 01:44:04'),
(1488, 50, 1030, '00:00:00', NULL, 0, NULL, '2013-10-30 01:44:04'),
(1489, 51, 1000, '00:00:00', 'Sucio', 2, NULL, '2013-10-30 01:44:43'),
(1490, 51, 1001, '00:00:00', 'Sucio', 1, NULL, '2013-10-30 01:44:43'),
(1491, 51, 1002, '00:00:00', 'Sucio', 0.275, NULL, '2013-10-30 01:44:43'),
(1492, 51, 1003, '00:00:00', 'Sucio', 1, NULL, '2013-10-30 01:44:43'),
(1493, 51, 1004, '00:00:00', NULL, 0.8, NULL, '2013-11-02 01:31:55'),
(1494, 51, 1005, '00:00:00', NULL, 0, NULL, '2013-10-30 01:44:04'),
(1495, 51, 1006, '00:00:00', NULL, 0, NULL, '2013-10-30 01:44:04'),
(1496, 51, 1007, '00:00:00', NULL, 0, NULL, '2013-10-30 01:44:04'),
(1497, 51, 1008, '00:00:00', NULL, 0, NULL, '2013-10-30 01:44:04'),
(1498, 51, 1009, '00:00:00', NULL, 0, NULL, '2013-10-30 01:44:04'),
(1499, 51, 1010, '00:00:00', NULL, 0, NULL, '2013-10-30 01:44:04'),
(1500, 51, 1011, '00:00:00', NULL, 0, NULL, '2013-10-30 01:44:04'),
(1501, 51, 1012, '00:00:00', NULL, 0, NULL, '2013-10-30 01:44:04'),
(1502, 51, 1013, '00:00:00', NULL, 0, NULL, '2013-10-30 01:44:04'),
(1503, 51, 1014, '00:00:00', NULL, 0, NULL, '2013-10-30 01:44:04'),
(1504, 51, 1015, '00:00:00', NULL, 0, NULL, '2013-10-30 01:44:04'),
(1505, 51, 1016, '00:00:00', NULL, 0, NULL, '2013-10-30 01:44:04'),
(1506, 51, 1017, '00:00:00', NULL, 0, NULL, '2013-10-30 01:44:04'),
(1507, 51, 1018, '00:00:00', NULL, 0, NULL, '2013-10-30 01:44:04'),
(1508, 51, 1019, '00:00:00', NULL, 0, NULL, '2013-10-30 01:44:04'),
(1509, 51, 1020, '00:00:00', NULL, 0, NULL, '2013-10-30 01:44:04'),
(1510, 51, 1021, '00:00:00', NULL, 0, NULL, '2013-10-30 01:44:04'),
(1511, 51, 1022, '00:00:00', NULL, 0, NULL, '2013-10-30 01:44:04'),
(1512, 51, 1023, '00:00:00', NULL, 0, NULL, '2013-10-30 01:44:04'),
(1513, 51, 1024, '00:00:00', NULL, 0, NULL, '2013-10-30 01:44:04'),
(1514, 51, 1025, '00:00:00', NULL, 0, NULL, '2013-10-30 01:44:04'),
(1515, 51, 1026, '00:00:00', NULL, 0, NULL, '2013-10-30 01:44:04'),
(1516, 51, 1027, '00:00:00', NULL, 0, NULL, '2013-10-30 01:44:04'),
(1517, 51, 1028, '00:00:00', NULL, 0, NULL, '2013-10-30 01:44:04'),
(1518, 51, 1029, '00:00:00', NULL, 0, NULL, '2013-10-30 01:44:04'),
(1519, 51, 1030, '00:00:00', NULL, 0, NULL, '2013-10-30 01:44:04'),
(1520, 52, 1000, '00:00:00', 'Sucio', 2, NULL, '2013-10-30 01:44:43'),
(1521, 52, 1001, '00:00:00', 'Sucio', 1, NULL, '2013-10-30 01:44:43'),
(1522, 52, 1002, '00:00:00', 'Sucio', 0.275, NULL, '2013-10-30 01:44:43'),
(1523, 52, 1003, '00:00:00', 'Sucio', 1, NULL, '2013-10-30 01:44:43'),
(1524, 52, 1004, '00:00:00', NULL, 0, NULL, '2013-11-02 01:28:06'),
(1525, 52, 1005, '00:00:00', NULL, 0, NULL, '2013-10-30 01:44:04'),
(1526, 52, 1006, '00:00:00', NULL, 0, NULL, '2013-10-30 01:44:04'),
(1527, 52, 1007, '00:00:00', NULL, 0, NULL, '2013-10-30 01:44:04'),
(1528, 52, 1008, '00:00:00', NULL, 0, NULL, '2013-10-30 01:44:04'),
(1529, 52, 1009, '00:00:00', NULL, 0, NULL, '2013-10-30 01:44:04'),
(1530, 52, 1010, '00:00:00', NULL, 0, NULL, '2013-10-30 01:44:04'),
(1531, 52, 1011, '00:00:00', NULL, 0, NULL, '2013-10-30 01:44:04'),
(1532, 52, 1012, '00:00:00', NULL, 0, NULL, '2013-10-30 01:44:04'),
(1533, 52, 1013, '00:00:00', NULL, 0, NULL, '2013-10-30 01:44:04'),
(1534, 52, 1014, '00:00:00', NULL, 0, NULL, '2013-10-30 01:44:04'),
(1535, 52, 1015, '00:00:00', NULL, 0, NULL, '2013-10-30 01:44:04'),
(1536, 52, 1016, '00:00:00', NULL, 0, NULL, '2013-10-30 01:44:04'),
(1537, 52, 1017, '00:00:00', NULL, 0, NULL, '2013-10-30 01:44:04'),
(1538, 52, 1018, '00:00:00', NULL, 0, NULL, '2013-10-30 01:44:04'),
(1539, 52, 1019, '00:00:00', NULL, 0, NULL, '2013-10-30 01:44:04'),
(1540, 52, 1020, '00:00:00', NULL, 0, NULL, '2013-10-30 01:44:04'),
(1541, 52, 1021, '00:00:00', NULL, 0, NULL, '2013-10-30 01:44:04'),
(1542, 52, 1022, '00:00:00', NULL, 0, NULL, '2013-10-30 01:44:04'),
(1543, 52, 1023, '00:00:00', NULL, 0, NULL, '2013-10-30 01:44:04'),
(1544, 52, 1024, '00:00:00', NULL, 0, NULL, '2013-10-30 01:44:04'),
(1545, 52, 1025, '00:00:00', NULL, 0, NULL, '2013-10-30 01:44:04'),
(1546, 52, 1026, '00:00:00', NULL, 0, NULL, '2013-10-30 01:44:04'),
(1547, 52, 1027, '00:00:00', NULL, 0, NULL, '2013-10-30 01:44:04'),
(1548, 52, 1028, '00:00:00', NULL, 0, NULL, '2013-10-30 01:44:04'),
(1549, 52, 1029, '00:00:00', NULL, 0, NULL, '2013-10-30 01:44:04'),
(1550, 52, 1030, '00:00:00', NULL, 0, NULL, '2013-10-30 01:44:04'),
(1551, 53, 1000, '00:00:00', 'Sucio', 2, NULL, '2013-10-30 01:44:43'),
(1552, 53, 1001, '00:00:00', 'Sucio', 1, NULL, '2013-10-30 01:44:43'),
(1553, 53, 1002, '00:00:00', 'Sucio', 0.275, NULL, '2013-10-30 01:44:43'),
(1554, 53, 1003, '00:00:00', 'Sucio', 1, NULL, '2013-10-30 01:44:43'),
(1555, 53, 1004, '00:00:00', NULL, 0.8, NULL, '2013-11-02 01:32:02'),
(1556, 53, 1005, '00:00:00', NULL, 0, NULL, '2013-10-30 01:44:04'),
(1557, 53, 1006, '00:00:00', NULL, 0, NULL, '2013-10-30 01:44:04'),
(1558, 53, 1007, '00:00:00', NULL, 0, NULL, '2013-10-30 01:44:04'),
(1559, 53, 1008, '00:00:00', NULL, 0, NULL, '2013-10-30 01:44:04'),
(1560, 53, 1009, '00:00:00', NULL, 0, NULL, '2013-10-30 01:44:04'),
(1561, 53, 1010, '00:00:00', NULL, 0, NULL, '2013-10-30 01:44:04'),
(1562, 53, 1011, '00:00:00', NULL, 0, NULL, '2013-10-30 01:44:04'),
(1563, 53, 1012, '00:00:00', NULL, 0, NULL, '2013-10-30 01:44:04'),
(1564, 53, 1013, '00:00:00', NULL, 0, NULL, '2013-10-30 01:44:04'),
(1565, 53, 1014, '00:00:00', NULL, 0, NULL, '2013-10-30 01:44:04'),
(1566, 53, 1015, '00:00:00', NULL, 0, NULL, '2013-10-30 01:44:04'),
(1567, 53, 1016, '00:00:00', NULL, 0, NULL, '2013-10-30 01:44:04'),
(1568, 53, 1017, '00:00:00', NULL, 0, NULL, '2013-10-30 01:44:04'),
(1569, 53, 1018, '00:00:00', NULL, 0, NULL, '2013-10-30 01:44:04'),
(1570, 53, 1019, '00:00:00', NULL, 0, NULL, '2013-10-30 01:44:04'),
(1571, 53, 1020, '00:00:00', NULL, 0, NULL, '2013-10-30 01:44:04'),
(1572, 53, 1021, '00:00:00', NULL, 0, NULL, '2013-10-30 01:44:04'),
(1573, 53, 1022, '00:00:00', NULL, 0, NULL, '2013-10-30 01:44:04'),
(1574, 53, 1023, '00:00:00', NULL, 0, NULL, '2013-10-30 01:44:04'),
(1575, 53, 1024, '00:00:00', NULL, 0, NULL, '2013-10-30 01:44:04'),
(1576, 53, 1025, '00:00:00', NULL, 0, NULL, '2013-10-30 01:44:04'),
(1577, 53, 1026, '00:00:00', NULL, 0, NULL, '2013-10-30 01:44:04'),
(1578, 53, 1027, '00:00:00', NULL, 0, NULL, '2013-10-30 01:44:04'),
(1579, 53, 1028, '00:00:00', NULL, 0, NULL, '2013-10-30 01:44:04'),
(1580, 53, 1029, '00:00:00', NULL, 0, NULL, '2013-10-30 01:44:04'),
(1581, 53, 1030, '00:00:00', NULL, 0, NULL, '2013-10-30 01:44:04'),
(1582, 54, 1000, '14:00:00', 'Sucio', 2, NULL, '2013-10-30 01:44:43'),
(1583, 54, 1001, '14:00:00', 'Sucio', 1, NULL, '2013-10-30 01:44:43'),
(1584, 54, 1002, '14:00:00', 'Sucio', 0.275, NULL, '2013-10-30 01:44:43'),
(1585, 54, 1003, '14:00:00', 'Sucio', 1, NULL, '2013-10-30 01:44:43'),
(1586, 54, 1004, '14:00:00', NULL, 0.8, NULL, '2013-11-02 01:32:09'),
(1587, 54, 1005, '14:00:00', NULL, 0, NULL, '2013-10-30 01:44:04'),
(1588, 54, 1006, '14:00:00', NULL, 0, NULL, '2013-10-30 01:44:04'),
(1589, 54, 1007, '14:00:00', NULL, 0, NULL, '2013-10-30 01:44:04'),
(1590, 54, 1008, '14:00:00', NULL, 0, NULL, '2013-10-30 01:44:04'),
(1591, 54, 1009, '14:00:00', NULL, 0, NULL, '2013-10-30 01:44:04'),
(1592, 54, 1010, '14:00:00', NULL, 0, NULL, '2013-10-30 01:44:04'),
(1593, 54, 1011, '14:00:00', NULL, 0, NULL, '2013-10-30 01:44:04'),
(1594, 54, 1012, '14:00:00', NULL, 0, NULL, '2013-10-30 01:44:04'),
(1595, 54, 1013, '14:00:00', NULL, 0, NULL, '2013-10-30 01:44:04'),
(1596, 54, 1014, '14:00:00', NULL, 0, NULL, '2013-10-30 01:44:04'),
(1597, 54, 1015, '14:00:00', NULL, 0, NULL, '2013-10-30 01:44:04'),
(1598, 54, 1016, '14:00:00', NULL, 0, NULL, '2013-10-30 01:44:04'),
(1599, 54, 1017, '14:00:00', NULL, 0, NULL, '2013-10-30 01:44:04'),
(1600, 54, 1018, '14:00:00', NULL, 0, NULL, '2013-10-30 01:44:04'),
(1601, 54, 1019, '14:00:00', NULL, 0, NULL, '2013-10-30 01:44:04'),
(1602, 54, 1020, '14:00:00', NULL, 0, NULL, '2013-10-30 01:44:04'),
(1603, 54, 1021, '14:00:00', NULL, 0, NULL, '2013-10-30 01:44:04'),
(1604, 54, 1022, '14:00:00', NULL, 0, NULL, '2013-10-30 01:44:04'),
(1605, 54, 1023, '14:00:00', NULL, 0, NULL, '2013-10-30 01:44:04'),
(1606, 54, 1024, '14:00:00', NULL, 0, NULL, '2013-10-30 01:44:04'),
(1607, 54, 1025, '14:00:00', NULL, 0, NULL, '2013-10-30 01:44:04'),
(1608, 54, 1026, '14:00:00', NULL, 0, NULL, '2013-10-30 01:44:04'),
(1609, 54, 1027, '14:00:00', NULL, 0, NULL, '2013-10-30 01:44:04'),
(1610, 54, 1028, '14:00:00', NULL, 0, NULL, '2013-10-30 01:44:04'),
(1611, 54, 1029, '14:00:00', NULL, 0, NULL, '2013-10-30 01:44:04'),
(1612, 54, 1030, '14:00:00', NULL, 0, NULL, '2013-10-30 01:44:04'),
(1613, 55, 1000, '14:00:00', 'Sucio', 2, NULL, '2013-10-30 01:44:43'),
(1614, 55, 1001, '14:00:00', 'Sucio', 1, NULL, '2013-10-30 01:44:43'),
(1615, 55, 1002, '14:00:00', 'Sucio', 0.275, NULL, '2013-10-30 01:44:43'),
(1616, 55, 1003, '14:00:00', 'Sucio', 1, NULL, '2013-10-30 01:44:43'),
(1617, 55, 1004, '14:00:00', NULL, 0.8, NULL, '2013-11-02 01:32:15'),
(1618, 55, 1005, '14:00:00', NULL, 0, NULL, '2013-10-30 01:44:04'),
(1619, 55, 1006, '14:00:00', NULL, 0, NULL, '2013-10-30 01:44:04'),
(1620, 55, 1007, '14:00:00', NULL, 0, NULL, '2013-10-30 01:44:04'),
(1621, 55, 1008, '14:00:00', NULL, 0, NULL, '2013-10-30 01:44:04'),
(1622, 55, 1009, '14:00:00', NULL, 0, NULL, '2013-10-30 01:44:04'),
(1623, 55, 1010, '14:00:00', NULL, 0, NULL, '2013-10-30 01:44:04'),
(1624, 55, 1011, '14:00:00', NULL, 0, NULL, '2013-10-30 01:44:04'),
(1625, 55, 1012, '14:00:00', NULL, 0, NULL, '2013-10-30 01:44:04'),
(1626, 55, 1013, '14:00:00', NULL, 0, NULL, '2013-10-30 01:44:04'),
(1627, 55, 1014, '14:00:00', NULL, 0, NULL, '2013-10-30 01:44:04'),
(1628, 55, 1015, '14:00:00', NULL, 0, NULL, '2013-10-30 01:44:04'),
(1629, 55, 1016, '14:00:00', NULL, 0, NULL, '2013-10-30 01:44:04'),
(1630, 55, 1017, '14:00:00', NULL, 0, NULL, '2013-10-30 01:44:04'),
(1631, 55, 1018, '14:00:00', NULL, 0, NULL, '2013-10-30 01:44:04'),
(1632, 55, 1019, '14:00:00', NULL, 0, NULL, '2013-10-30 01:44:04'),
(1633, 55, 1020, '14:00:00', NULL, 0, NULL, '2013-10-30 01:44:04'),
(1634, 55, 1021, '14:00:00', NULL, 0, NULL, '2013-10-30 01:44:04'),
(1635, 55, 1022, '14:00:00', NULL, 0, NULL, '2013-10-30 01:44:04'),
(1636, 55, 1023, '14:00:00', NULL, 0, NULL, '2013-10-30 01:44:04'),
(1637, 55, 1024, '14:00:00', NULL, 0, NULL, '2013-10-30 01:44:04'),
(1638, 55, 1025, '14:00:00', NULL, 0, NULL, '2013-10-30 01:44:04'),
(1639, 55, 1026, '14:00:00', NULL, 0, NULL, '2013-10-30 01:44:04');
INSERT INTO `mantenimiento_detalle` (`id_mantenimiento_detalle`, `id_mantenimiento`, `id_inventario`, `fecha`, `estado`, `cantidad`, `notas`, `registro`) VALUES
(1640, 55, 1027, '14:00:00', NULL, 0, NULL, '2013-10-30 01:44:04'),
(1641, 55, 1028, '14:00:00', NULL, 0, NULL, '2013-10-30 01:44:04'),
(1642, 55, 1029, '14:00:00', NULL, 0, NULL, '2013-10-30 01:44:04'),
(1643, 55, 1030, '14:00:00', NULL, 0, NULL, '2013-10-30 01:44:04'),
(1644, 56, 1000, '14:00:00', 'Sucio', 2, NULL, '2013-10-30 01:44:43'),
(1645, 56, 1001, '14:00:00', 'Sucio', 1, NULL, '2013-10-30 01:44:43'),
(1646, 56, 1002, '14:00:00', 'Sucio', 0.275, NULL, '2013-10-30 01:44:43'),
(1647, 56, 1003, '14:00:00', 'Sucio', 1, NULL, '2013-10-30 01:44:43'),
(1648, 56, 1004, '14:00:00', NULL, 0.8, NULL, '2013-11-02 01:32:21'),
(1649, 56, 1005, '14:00:00', NULL, 0, NULL, '2013-10-30 01:44:04'),
(1650, 56, 1006, '14:00:00', NULL, 0, NULL, '2013-10-30 01:44:04'),
(1651, 56, 1007, '14:00:00', NULL, 0, NULL, '2013-10-30 01:44:04'),
(1652, 56, 1008, '14:00:00', NULL, 0, NULL, '2013-10-30 01:44:04'),
(1653, 56, 1009, '14:00:00', NULL, 0, NULL, '2013-10-30 01:44:04'),
(1654, 56, 1010, '14:00:00', NULL, 0, NULL, '2013-10-30 01:44:04'),
(1655, 56, 1011, '14:00:00', NULL, 0, NULL, '2013-10-30 01:44:04'),
(1656, 56, 1012, '14:00:00', NULL, 0, NULL, '2013-10-30 01:44:04'),
(1657, 56, 1013, '14:00:00', NULL, 0, NULL, '2013-10-30 01:44:04'),
(1658, 56, 1014, '14:00:00', NULL, 0, NULL, '2013-10-30 01:44:04'),
(1659, 56, 1015, '14:00:00', NULL, 0, NULL, '2013-10-30 01:44:04'),
(1660, 56, 1016, '14:00:00', NULL, 0, NULL, '2013-10-30 01:44:04'),
(1661, 56, 1017, '14:00:00', NULL, 0, NULL, '2013-10-30 01:44:04'),
(1662, 56, 1018, '14:00:00', NULL, 0, NULL, '2013-10-30 01:44:04'),
(1663, 56, 1019, '14:00:00', NULL, 0, NULL, '2013-10-30 01:44:04'),
(1664, 56, 1020, '14:00:00', NULL, 0, NULL, '2013-10-30 01:44:04'),
(1665, 56, 1021, '14:00:00', NULL, 0, NULL, '2013-10-30 01:44:04'),
(1666, 56, 1022, '14:00:00', NULL, 0, NULL, '2013-10-30 01:44:04'),
(1667, 56, 1023, '14:00:00', NULL, 0, NULL, '2013-10-30 01:44:04'),
(1668, 56, 1024, '14:00:00', NULL, 0, NULL, '2013-10-30 01:44:04'),
(1669, 56, 1025, '14:00:00', NULL, 0, NULL, '2013-10-30 01:44:04'),
(1670, 56, 1026, '14:00:00', NULL, 0, NULL, '2013-10-30 01:44:04'),
(1671, 56, 1027, '14:00:00', NULL, 0, NULL, '2013-10-30 01:44:04'),
(1672, 56, 1028, '14:00:00', NULL, 0, NULL, '2013-10-30 01:44:04'),
(1673, 56, 1029, '14:00:00', NULL, 0, NULL, '2013-10-30 01:44:04'),
(1674, 56, 1030, '14:00:00', NULL, 0, NULL, '2013-10-30 01:44:04'),
(1675, 57, 1000, '14:00:00', 'Sucio', 2, NULL, '2013-10-30 01:44:43'),
(1676, 57, 1001, '14:00:00', 'Sucio', 1, NULL, '2013-10-30 01:44:43'),
(1677, 57, 1002, '14:00:00', 'Sucio', 0.275, NULL, '2013-10-30 01:44:43'),
(1678, 57, 1003, '14:00:00', 'Sucio', 1, NULL, '2013-10-30 01:44:43'),
(1679, 57, 1004, '14:00:00', NULL, 0.8, NULL, '2013-11-02 01:32:28'),
(1680, 57, 1005, '14:00:00', NULL, 0, NULL, '2013-10-30 01:44:04'),
(1681, 57, 1006, '14:00:00', NULL, 0, NULL, '2013-10-30 01:44:04'),
(1682, 57, 1007, '14:00:00', NULL, 0, NULL, '2013-10-30 01:44:04'),
(1683, 57, 1008, '14:00:00', NULL, 0, NULL, '2013-10-30 01:44:04'),
(1684, 57, 1009, '14:00:00', NULL, 0, NULL, '2013-10-30 01:44:04'),
(1685, 57, 1010, '14:00:00', NULL, 0, NULL, '2013-10-30 01:44:04'),
(1686, 57, 1011, '14:00:00', NULL, 0, NULL, '2013-10-30 01:44:04'),
(1687, 57, 1012, '14:00:00', NULL, 0, NULL, '2013-10-30 01:44:04'),
(1688, 57, 1013, '14:00:00', NULL, 0, NULL, '2013-10-30 01:44:04'),
(1689, 57, 1014, '14:00:00', NULL, 0, NULL, '2013-10-30 01:44:04'),
(1690, 57, 1015, '14:00:00', NULL, 0, NULL, '2013-10-30 01:44:04'),
(1691, 57, 1016, '14:00:00', NULL, 0, NULL, '2013-10-30 01:44:04'),
(1692, 57, 1017, '14:00:00', NULL, 0, NULL, '2013-10-30 01:44:04'),
(1693, 57, 1018, '14:00:00', NULL, 0, NULL, '2013-10-30 01:44:04'),
(1694, 57, 1019, '14:00:00', NULL, 0, NULL, '2013-10-30 01:44:04'),
(1695, 57, 1020, '14:00:00', NULL, 0, NULL, '2013-10-30 01:44:04'),
(1696, 57, 1021, '14:00:00', NULL, 0, NULL, '2013-10-30 01:44:04'),
(1697, 57, 1022, '14:00:00', NULL, 0, NULL, '2013-10-30 01:44:04'),
(1698, 57, 1023, '14:00:00', NULL, 0, NULL, '2013-10-30 01:44:04'),
(1699, 57, 1024, '14:00:00', NULL, 0, NULL, '2013-10-30 01:44:04'),
(1700, 57, 1025, '14:00:00', NULL, 0, NULL, '2013-10-30 01:44:04'),
(1701, 57, 1026, '14:00:00', NULL, 0, NULL, '2013-10-30 01:44:04'),
(1702, 57, 1027, '14:00:00', NULL, 0, NULL, '2013-10-30 01:44:04'),
(1703, 57, 1028, '14:00:00', NULL, 0, NULL, '2013-10-30 01:44:04'),
(1704, 57, 1029, '14:00:00', NULL, 0, NULL, '2013-10-30 01:44:04'),
(1705, 57, 1030, '14:00:00', NULL, 0, NULL, '2013-10-30 01:44:04'),
(1706, 58, 1000, '14:00:00', 'Sucio', 2, NULL, '2013-10-30 01:44:43'),
(1707, 58, 1001, '14:00:00', 'Sucio', 1, NULL, '2013-10-30 01:44:43'),
(1708, 58, 1002, '14:00:00', 'Sucio', 0.275, NULL, '2013-10-30 01:44:43'),
(1709, 58, 1003, '14:00:00', 'Sucio', 1, NULL, '2013-10-30 01:44:43'),
(1710, 58, 1004, '14:00:00', NULL, 0.8, NULL, '2013-11-02 01:32:35'),
(1711, 58, 1005, '14:00:00', NULL, 0, NULL, '2013-10-30 01:44:04'),
(1712, 58, 1006, '14:00:00', NULL, 0, NULL, '2013-10-30 01:44:04'),
(1713, 58, 1007, '14:00:00', NULL, 0, NULL, '2013-10-30 01:44:04'),
(1714, 58, 1008, '14:00:00', NULL, 0, NULL, '2013-10-30 01:44:04'),
(1715, 58, 1009, '14:00:00', NULL, 0, NULL, '2013-10-30 01:44:04'),
(1716, 58, 1010, '14:00:00', NULL, 0, NULL, '2013-10-30 01:44:04'),
(1717, 58, 1011, '14:00:00', NULL, 0, NULL, '2013-10-30 01:44:04'),
(1718, 58, 1012, '14:00:00', NULL, 0, NULL, '2013-10-30 01:44:04'),
(1719, 58, 1013, '14:00:00', NULL, 0, NULL, '2013-10-30 01:44:04'),
(1720, 58, 1014, '14:00:00', NULL, 0, NULL, '2013-10-30 01:44:04'),
(1721, 58, 1015, '14:00:00', NULL, 0, NULL, '2013-10-30 01:44:04'),
(1722, 58, 1016, '14:00:00', NULL, 0, NULL, '2013-10-30 01:44:04'),
(1723, 58, 1017, '14:00:00', NULL, 0, NULL, '2013-10-30 01:44:04'),
(1724, 58, 1018, '14:00:00', NULL, 0, NULL, '2013-10-30 01:44:04'),
(1725, 58, 1019, '14:00:00', NULL, 0, NULL, '2013-10-30 01:44:04'),
(1726, 58, 1020, '14:00:00', NULL, 0, NULL, '2013-10-30 01:44:04'),
(1727, 58, 1021, '14:00:00', NULL, 0, NULL, '2013-10-30 01:44:04'),
(1728, 58, 1022, '14:00:00', NULL, 0, NULL, '2013-10-30 01:44:04'),
(1729, 58, 1023, '14:00:00', NULL, 0, NULL, '2013-10-30 01:44:04'),
(1730, 58, 1024, '14:00:00', NULL, 0, NULL, '2013-10-30 01:44:04'),
(1731, 58, 1025, '14:00:00', NULL, 0, NULL, '2013-10-30 01:44:04'),
(1732, 58, 1026, '14:00:00', NULL, 0, NULL, '2013-10-30 01:44:04'),
(1733, 58, 1027, '14:00:00', NULL, 0, NULL, '2013-10-30 01:44:04'),
(1734, 58, 1028, '14:00:00', NULL, 0, NULL, '2013-10-30 01:44:04'),
(1735, 58, 1029, '14:00:00', NULL, 0, NULL, '2013-10-30 01:44:04'),
(1736, 58, 1030, '14:00:00', NULL, 0, NULL, '2013-10-30 01:44:04'),
(1737, 59, 1000, '14:00:00', 'Sucio', 2, NULL, '2013-10-30 01:44:43'),
(1738, 59, 1001, '14:00:00', 'Sucio', 1, NULL, '2013-10-30 01:44:43'),
(1739, 59, 1002, '14:00:00', 'Sucio', 0.275, NULL, '2013-10-30 01:44:43'),
(1740, 59, 1003, '14:00:00', 'Sucio', 1, NULL, '2013-10-30 01:44:43'),
(1741, 59, 1004, '14:00:00', NULL, 0.8, NULL, '2013-11-02 01:32:40'),
(1742, 59, 1005, '14:00:00', NULL, 0, NULL, '2013-10-30 01:44:04'),
(1743, 59, 1006, '14:00:00', NULL, 0, NULL, '2013-10-30 01:44:04'),
(1744, 59, 1007, '14:00:00', NULL, 0, NULL, '2013-10-30 01:44:04'),
(1745, 59, 1008, '14:00:00', NULL, 0, NULL, '2013-10-30 01:44:04'),
(1746, 59, 1009, '14:00:00', NULL, 0, NULL, '2013-10-30 01:44:04'),
(1747, 59, 1010, '14:00:00', NULL, 0, NULL, '2013-10-30 01:44:04'),
(1748, 59, 1011, '14:00:00', NULL, 0, NULL, '2013-10-30 01:44:04'),
(1749, 59, 1012, '14:00:00', NULL, 0, NULL, '2013-10-30 01:44:04'),
(1750, 59, 1013, '14:00:00', NULL, 0, NULL, '2013-10-30 01:44:04'),
(1751, 59, 1014, '14:00:00', NULL, 0, NULL, '2013-10-30 01:44:04'),
(1752, 59, 1015, '14:00:00', NULL, 0, NULL, '2013-10-30 01:44:04'),
(1753, 59, 1016, '14:00:00', NULL, 0, NULL, '2013-10-30 01:44:04'),
(1754, 59, 1017, '14:00:00', NULL, 0, NULL, '2013-10-30 01:44:04'),
(1755, 59, 1018, '14:00:00', NULL, 0, NULL, '2013-10-30 01:44:04'),
(1756, 59, 1019, '14:00:00', NULL, 0, NULL, '2013-10-30 01:44:04'),
(1757, 59, 1020, '14:00:00', NULL, 0, NULL, '2013-10-30 01:44:04'),
(1758, 59, 1021, '14:00:00', NULL, 0, NULL, '2013-10-30 01:44:04'),
(1759, 59, 1022, '14:00:00', NULL, 0, NULL, '2013-10-30 01:44:04'),
(1760, 59, 1023, '14:00:00', NULL, 0, NULL, '2013-10-30 01:44:04'),
(1761, 59, 1024, '14:00:00', NULL, 0, NULL, '2013-10-30 01:44:04'),
(1762, 59, 1025, '14:00:00', NULL, 0, NULL, '2013-10-30 01:44:04'),
(1763, 59, 1026, '14:00:00', NULL, 0, NULL, '2013-10-30 01:44:04'),
(1764, 59, 1027, '14:00:00', NULL, 0, NULL, '2013-10-30 01:44:04'),
(1765, 59, 1028, '14:00:00', NULL, 0, NULL, '2013-10-30 01:44:04'),
(1766, 59, 1029, '14:00:00', NULL, 0, NULL, '2013-10-30 01:44:04'),
(1767, 59, 1030, '14:00:00', NULL, 0, NULL, '2013-10-30 01:44:04'),
(1768, 60, 1000, '14:00:00', 'Sucio', 2, NULL, '2013-10-30 01:44:43'),
(1769, 60, 1001, '14:00:00', 'Sucio', 1, NULL, '2013-10-30 01:44:43'),
(1770, 60, 1002, '14:00:00', 'Sucio', 0.275, NULL, '2013-10-30 01:44:43'),
(1771, 60, 1003, '14:00:00', 'Sucio', 1, NULL, '2013-10-30 01:44:43'),
(1772, 60, 1004, '14:00:00', NULL, 0.8, NULL, '2013-11-02 01:32:49'),
(1773, 60, 1005, '14:00:00', NULL, 0, NULL, '2013-10-30 01:44:04'),
(1774, 60, 1006, '14:00:00', NULL, 0, NULL, '2013-10-30 01:44:04'),
(1775, 60, 1007, '14:00:00', NULL, 0, NULL, '2013-10-30 01:44:04'),
(1776, 60, 1008, '14:00:00', NULL, 0, NULL, '2013-10-30 01:44:04'),
(1777, 60, 1009, '14:00:00', NULL, 0, NULL, '2013-10-30 01:44:04'),
(1778, 60, 1010, '14:00:00', NULL, 0, NULL, '2013-10-30 01:44:04'),
(1779, 60, 1011, '14:00:00', NULL, 0, NULL, '2013-10-30 01:44:04'),
(1780, 60, 1012, '14:00:00', NULL, 0, NULL, '2013-10-30 01:44:04'),
(1781, 60, 1013, '14:00:00', NULL, 0, NULL, '2013-10-30 01:44:04'),
(1782, 60, 1014, '14:00:00', NULL, 0, NULL, '2013-10-30 01:44:04'),
(1783, 60, 1015, '14:00:00', NULL, 0, NULL, '2013-10-30 01:44:04'),
(1784, 60, 1016, '14:00:00', NULL, 0, NULL, '2013-10-30 01:44:04'),
(1785, 60, 1017, '14:00:00', NULL, 0, NULL, '2013-10-30 01:44:04'),
(1786, 60, 1018, '14:00:00', NULL, 0, NULL, '2013-10-30 01:44:04'),
(1787, 60, 1019, '14:00:00', NULL, 0, NULL, '2013-10-30 01:44:04'),
(1788, 60, 1020, '14:00:00', NULL, 0, NULL, '2013-10-30 01:44:04'),
(1789, 60, 1021, '14:00:00', NULL, 0, NULL, '2013-10-30 01:44:04'),
(1790, 60, 1022, '14:00:00', NULL, 0, NULL, '2013-10-30 01:44:04'),
(1791, 60, 1023, '14:00:00', NULL, 0, NULL, '2013-10-30 01:44:04'),
(1792, 60, 1024, '14:00:00', NULL, 0, NULL, '2013-10-30 01:44:04'),
(1793, 60, 1025, '14:00:00', NULL, 0, NULL, '2013-10-30 01:44:04'),
(1794, 60, 1026, '14:00:00', NULL, 0, NULL, '2013-10-30 01:44:04'),
(1795, 60, 1027, '14:00:00', NULL, 0, NULL, '2013-10-30 01:44:04'),
(1796, 60, 1028, '14:00:00', NULL, 0, NULL, '2013-10-30 01:44:04'),
(1797, 60, 1029, '14:00:00', NULL, 0, NULL, '2013-10-30 01:44:04'),
(1798, 60, 1030, '14:00:00', NULL, 0, NULL, '2013-10-30 01:44:04'),
(1799, 61, 1000, '14:00:00', 'Sucio', 2, NULL, '2013-10-30 01:44:43'),
(1800, 61, 1001, '14:00:00', 'Sucio', 1, NULL, '2013-10-30 01:44:43'),
(1801, 61, 1002, '14:00:00', 'Sucio', 0.275, NULL, '2013-10-30 01:44:43'),
(1802, 61, 1003, '14:00:00', 'Sucio', 1, NULL, '2013-10-30 01:44:43'),
(1803, 61, 1004, '14:00:00', NULL, 0, NULL, '2013-11-02 01:28:06'),
(1804, 61, 1005, '14:00:00', NULL, 0, NULL, '2013-10-30 01:44:04'),
(1805, 61, 1006, '14:00:00', NULL, 0, NULL, '2013-10-30 01:44:04'),
(1806, 61, 1007, '14:00:00', NULL, 0, NULL, '2013-10-30 01:44:04'),
(1807, 61, 1008, '14:00:00', NULL, 0, NULL, '2013-10-30 01:44:04'),
(1808, 61, 1009, '14:00:00', NULL, 0, NULL, '2013-10-30 01:44:04'),
(1809, 61, 1010, '14:00:00', NULL, 0, NULL, '2013-10-30 01:44:04'),
(1810, 61, 1011, '14:00:00', NULL, 0, NULL, '2013-10-30 01:44:04'),
(1811, 61, 1012, '14:00:00', NULL, 0, NULL, '2013-10-30 01:44:04'),
(1812, 61, 1013, '14:00:00', NULL, 0, NULL, '2013-10-30 01:44:04'),
(1813, 61, 1014, '14:00:00', NULL, 0, NULL, '2013-10-30 01:44:04'),
(1814, 61, 1015, '14:00:00', NULL, 0, NULL, '2013-10-30 01:44:04'),
(1815, 61, 1016, '14:00:00', NULL, 0, NULL, '2013-10-30 01:44:04'),
(1816, 61, 1017, '14:00:00', NULL, 0, NULL, '2013-10-30 01:44:04'),
(1817, 61, 1018, '14:00:00', NULL, 0, NULL, '2013-10-30 01:44:04'),
(1818, 61, 1019, '14:00:00', NULL, 0, NULL, '2013-10-30 01:44:04'),
(1819, 61, 1020, '14:00:00', NULL, 0, NULL, '2013-10-30 01:44:04'),
(1820, 61, 1021, '14:00:00', NULL, 0, NULL, '2013-10-30 01:44:04'),
(1821, 61, 1022, '14:00:00', NULL, 0, NULL, '2013-10-30 01:44:04'),
(1822, 61, 1023, '14:00:00', NULL, 0, NULL, '2013-10-30 01:44:04'),
(1823, 61, 1024, '14:00:00', NULL, 0, NULL, '2013-10-30 01:44:04'),
(1824, 61, 1025, '14:00:00', NULL, 0, NULL, '2013-10-30 01:44:04'),
(1825, 61, 1026, '14:00:00', NULL, 0, NULL, '2013-10-30 01:44:04'),
(1826, 61, 1027, '14:00:00', NULL, 0, NULL, '2013-10-30 01:44:04'),
(1827, 61, 1028, '14:00:00', NULL, 0, NULL, '2013-10-30 01:44:04'),
(1828, 61, 1029, '14:00:00', NULL, 0, NULL, '2013-10-30 01:44:04'),
(1829, 61, 1030, '14:00:00', NULL, 0, NULL, '2013-10-30 01:44:04'),
(1830, 62, 1000, '14:00:00', 'Sucio', 2, NULL, '2013-10-30 01:44:43'),
(1831, 62, 1001, '14:00:00', 'Sucio', 1, NULL, '2013-10-30 01:44:43'),
(1832, 62, 1002, '14:00:00', 'Sucio', 0.275, NULL, '2013-10-30 01:44:43'),
(1833, 62, 1003, '14:00:00', 'Sucio', 1, NULL, '2013-10-30 01:44:43'),
(1834, 62, 1004, '14:00:00', NULL, 0, NULL, '2013-11-02 01:28:06'),
(1835, 62, 1005, '14:00:00', NULL, 0, NULL, '2013-10-30 01:44:04'),
(1836, 62, 1006, '14:00:00', NULL, 0, NULL, '2013-10-30 01:44:04'),
(1837, 62, 1007, '14:00:00', NULL, 0, NULL, '2013-10-30 01:44:04'),
(1838, 62, 1008, '14:00:00', NULL, 0, NULL, '2013-10-30 01:44:04'),
(1839, 62, 1009, '14:00:00', NULL, 0, NULL, '2013-10-30 01:44:04'),
(1840, 62, 1010, '14:00:00', NULL, 0, NULL, '2013-10-30 01:44:04'),
(1841, 62, 1011, '14:00:00', NULL, 0, NULL, '2013-10-30 01:44:04'),
(1842, 62, 1012, '14:00:00', NULL, 0, NULL, '2013-10-30 01:44:04'),
(1843, 62, 1013, '14:00:00', NULL, 0, NULL, '2013-10-30 01:44:04'),
(1844, 62, 1014, '14:00:00', NULL, 0, NULL, '2013-10-30 01:44:04'),
(1845, 62, 1015, '14:00:00', NULL, 0, NULL, '2013-10-30 01:44:04'),
(1846, 62, 1016, '14:00:00', NULL, 0, NULL, '2013-10-30 01:44:04'),
(1847, 62, 1017, '14:00:00', NULL, 0, NULL, '2013-10-30 01:44:04'),
(1848, 62, 1018, '14:00:00', NULL, 0, NULL, '2013-10-30 01:44:04'),
(1849, 62, 1019, '14:00:00', NULL, 0, NULL, '2013-10-30 01:44:04'),
(1850, 62, 1020, '14:00:00', NULL, 0, NULL, '2013-10-30 01:44:04'),
(1851, 62, 1021, '14:00:00', NULL, 0, NULL, '2013-10-30 01:44:04'),
(1852, 62, 1022, '14:00:00', NULL, 0, NULL, '2013-10-30 01:44:04'),
(1853, 62, 1023, '14:00:00', NULL, 0, NULL, '2013-10-30 01:44:04'),
(1854, 62, 1024, '14:00:00', NULL, 0, NULL, '2013-10-30 01:44:04'),
(1855, 62, 1025, '14:00:00', NULL, 0, NULL, '2013-10-30 01:44:04'),
(1856, 62, 1026, '14:00:00', NULL, 0, NULL, '2013-10-30 01:44:04'),
(1857, 62, 1027, '14:00:00', NULL, 0, NULL, '2013-10-30 01:44:04'),
(1858, 62, 1028, '14:00:00', NULL, 0, NULL, '2013-10-30 01:44:04'),
(1859, 62, 1029, '14:00:00', NULL, 0, NULL, '2013-10-30 01:44:04'),
(1860, 62, 1030, '14:00:00', NULL, 0, NULL, '2013-10-30 01:44:04'),
(1861, 63, 1000, '14:00:00', 'Sucio', 2, NULL, '2013-10-30 01:44:43'),
(1862, 63, 1001, '14:00:00', 'Sucio', 1, NULL, '2013-10-30 01:44:43'),
(1863, 63, 1002, '14:00:00', 'Sucio', 0.275, NULL, '2013-10-30 01:44:43'),
(1864, 63, 1003, '14:00:00', 'Sucio', 1, NULL, '2013-10-30 01:44:43'),
(1865, 63, 1004, '14:00:00', NULL, 0, NULL, '2013-11-02 01:28:06'),
(1866, 63, 1005, '14:00:00', NULL, 0, NULL, '2013-10-30 01:44:04'),
(1867, 63, 1006, '14:00:00', NULL, 0, NULL, '2013-10-30 01:44:04'),
(1868, 63, 1007, '14:00:00', NULL, 0, NULL, '2013-10-30 01:44:04'),
(1869, 63, 1008, '14:00:00', NULL, 0, NULL, '2013-10-30 01:44:04'),
(1870, 63, 1009, '14:00:00', NULL, 0, NULL, '2013-10-30 01:44:04'),
(1871, 63, 1010, '14:00:00', NULL, 0, NULL, '2013-10-30 01:44:04'),
(1872, 63, 1011, '14:00:00', NULL, 0, NULL, '2013-10-30 01:44:04'),
(1873, 63, 1012, '14:00:00', NULL, 0, NULL, '2013-10-30 01:44:04'),
(1874, 63, 1013, '14:00:00', NULL, 0, NULL, '2013-10-30 01:44:04'),
(1875, 63, 1014, '14:00:00', NULL, 0, NULL, '2013-10-30 01:44:04'),
(1876, 63, 1015, '14:00:00', NULL, 0, NULL, '2013-10-30 01:44:04'),
(1877, 63, 1016, '14:00:00', NULL, 0, NULL, '2013-10-30 01:44:04'),
(1878, 63, 1017, '14:00:00', NULL, 0, NULL, '2013-10-30 01:44:04'),
(1879, 63, 1018, '14:00:00', NULL, 0, NULL, '2013-10-30 01:44:04'),
(1880, 63, 1019, '14:00:00', NULL, 0, NULL, '2013-10-30 01:44:04'),
(1881, 63, 1020, '14:00:00', NULL, 0, NULL, '2013-10-30 01:44:04'),
(1882, 63, 1021, '14:00:00', NULL, 0, NULL, '2013-10-30 01:44:04'),
(1883, 63, 1022, '14:00:00', NULL, 0, NULL, '2013-10-30 01:44:04'),
(1884, 63, 1023, '14:00:00', NULL, 0, NULL, '2013-10-30 01:44:04'),
(1885, 63, 1024, '14:00:00', NULL, 0, NULL, '2013-10-30 01:44:04'),
(1886, 63, 1025, '14:00:00', NULL, 0, NULL, '2013-10-30 01:44:04'),
(1887, 63, 1026, '14:00:00', NULL, 0, NULL, '2013-10-30 01:44:04'),
(1888, 63, 1027, '14:00:00', NULL, 0, NULL, '2013-10-30 01:44:04'),
(1889, 63, 1028, '14:00:00', NULL, 0, NULL, '2013-10-30 01:44:04'),
(1890, 63, 1029, '14:00:00', NULL, 0, NULL, '2013-10-30 01:44:04'),
(1891, 63, 1030, '14:00:00', NULL, 0, NULL, '2013-10-30 01:44:04'),
(1892, 64, 1000, '14:00:00', 'Sucio', 2, NULL, '2013-10-30 01:44:43'),
(1893, 64, 1001, '14:00:00', 'Sucio', 1, NULL, '2013-10-30 01:44:43'),
(1894, 64, 1002, '14:00:00', 'Sucio', 0.275, NULL, '2013-10-30 01:44:43'),
(1895, 64, 1003, '14:00:00', 'Sucio', 1, NULL, '2013-10-30 01:44:43'),
(1896, 64, 1004, '14:00:00', NULL, 0, NULL, '2013-11-02 01:28:06'),
(1897, 64, 1005, '14:00:00', NULL, 0, NULL, '2013-10-30 01:44:04'),
(1898, 64, 1006, '14:00:00', NULL, 0, NULL, '2013-10-30 01:44:04'),
(1899, 64, 1007, '14:00:00', NULL, 0, NULL, '2013-10-30 01:44:04'),
(1900, 64, 1008, '14:00:00', NULL, 0, NULL, '2013-10-30 01:44:04'),
(1901, 64, 1009, '14:00:00', NULL, 0, NULL, '2013-10-30 01:44:04'),
(1902, 64, 1010, '14:00:00', NULL, 0, NULL, '2013-10-30 01:44:04'),
(1903, 64, 1011, '14:00:00', NULL, 0, NULL, '2013-10-30 01:44:04'),
(1904, 64, 1012, '14:00:00', NULL, 0, NULL, '2013-10-30 01:44:04'),
(1905, 64, 1013, '14:00:00', NULL, 0, NULL, '2013-10-30 01:44:04'),
(1906, 64, 1014, '14:00:00', NULL, 0, NULL, '2013-10-30 01:44:04'),
(1907, 64, 1015, '14:00:00', NULL, 0, NULL, '2013-10-30 01:44:04'),
(1908, 64, 1016, '14:00:00', NULL, 0, NULL, '2013-10-30 01:44:04'),
(1909, 64, 1017, '14:00:00', NULL, 0, NULL, '2013-10-30 01:44:04'),
(1910, 64, 1018, '14:00:00', NULL, 0, NULL, '2013-10-30 01:44:04'),
(1911, 64, 1019, '14:00:00', NULL, 0, NULL, '2013-10-30 01:44:04'),
(1912, 64, 1020, '14:00:00', NULL, 0, NULL, '2013-10-30 01:44:04'),
(1913, 64, 1021, '14:00:00', NULL, 0, NULL, '2013-10-30 01:44:04'),
(1914, 64, 1022, '14:00:00', NULL, 0, NULL, '2013-10-30 01:44:04'),
(1915, 64, 1023, '14:00:00', NULL, 0, NULL, '2013-10-30 01:44:04'),
(1916, 64, 1024, '14:00:00', NULL, 0, NULL, '2013-10-30 01:44:04'),
(1917, 64, 1025, '14:00:00', NULL, 0, NULL, '2013-10-30 01:44:04'),
(1918, 64, 1026, '14:00:00', NULL, 0, NULL, '2013-10-30 01:44:04'),
(1919, 64, 1027, '14:00:00', NULL, 0, NULL, '2013-10-30 01:44:04'),
(1920, 64, 1028, '14:00:00', NULL, 0, NULL, '2013-10-30 01:44:04'),
(1921, 64, 1029, '14:00:00', NULL, 0, NULL, '2013-10-30 01:44:04'),
(1922, 64, 1030, '14:00:00', NULL, 0, NULL, '2013-10-30 01:44:04'),
(1923, 65, 1000, '14:00:00', 'Sucio', 2, NULL, '2013-10-30 01:44:43'),
(1924, 65, 1001, '14:00:00', 'Sucio', 1, NULL, '2013-10-30 01:44:43'),
(1925, 65, 1002, '14:00:00', 'Sucio', 0.275, NULL, '2013-10-30 01:44:43'),
(1926, 65, 1003, '14:00:00', 'Sucio', 1, NULL, '2013-10-30 01:44:43'),
(1927, 65, 1004, '14:00:00', NULL, 0.8, NULL, '2013-11-02 01:32:56'),
(1928, 65, 1005, '14:00:00', NULL, 0.17, NULL, '2013-11-02 01:08:01'),
(1929, 65, 1006, '14:00:00', NULL, 0, NULL, '2013-10-30 01:44:04'),
(1930, 65, 1007, '14:00:00', NULL, 0, NULL, '2013-10-30 01:44:04'),
(1931, 65, 1008, '14:00:00', NULL, 0, NULL, '2013-10-30 01:44:04'),
(1932, 65, 1009, '14:00:00', NULL, 0, NULL, '2013-10-30 01:44:04'),
(1933, 65, 1010, '14:00:00', NULL, 0, NULL, '2013-10-30 01:44:04'),
(1934, 65, 1011, '14:00:00', NULL, 0, NULL, '2013-10-30 01:44:04'),
(1935, 65, 1012, '14:00:00', NULL, 0, NULL, '2013-10-30 01:44:04'),
(1936, 65, 1013, '14:00:00', NULL, 0, NULL, '2013-10-30 01:44:04'),
(1937, 65, 1014, '14:00:00', NULL, 0, NULL, '2013-10-30 01:44:04'),
(1938, 65, 1015, '14:00:00', NULL, 0, NULL, '2013-10-30 01:44:04'),
(1939, 65, 1016, '14:00:00', NULL, 0, NULL, '2013-10-30 01:44:04'),
(1940, 65, 1017, '14:00:00', NULL, 0, NULL, '2013-10-30 01:44:04'),
(1941, 65, 1018, '14:00:00', NULL, 0, NULL, '2013-10-30 01:44:04'),
(1942, 65, 1019, '14:00:00', NULL, 0, NULL, '2013-10-30 01:44:04'),
(1943, 65, 1020, '14:00:00', NULL, 0, NULL, '2013-10-30 01:44:04'),
(1944, 65, 1021, '14:00:00', NULL, 0, NULL, '2013-10-30 01:44:04'),
(1945, 65, 1022, '14:00:00', NULL, 0, NULL, '2013-10-30 01:44:04'),
(1946, 65, 1023, '14:00:00', NULL, 0, NULL, '2013-10-30 01:44:04'),
(1947, 65, 1024, '14:00:00', NULL, 0, NULL, '2013-10-30 01:44:04'),
(1948, 65, 1025, '14:00:00', NULL, 0, NULL, '2013-10-30 01:44:04'),
(1949, 65, 1026, '14:00:00', NULL, 0, NULL, '2013-10-30 01:44:04'),
(1950, 65, 1027, '14:00:00', NULL, 0, NULL, '2013-10-30 01:44:04'),
(1951, 65, 1028, '14:00:00', NULL, 0, NULL, '2013-10-30 01:44:04'),
(1952, 65, 1029, '14:00:00', NULL, 0, NULL, '2013-10-30 01:44:04'),
(1953, 65, 1030, '14:00:00', NULL, 0, NULL, '2013-10-30 01:44:04'),
(1954, 66, 1000, '14:00:00', 'Sucio', 2, NULL, '2013-10-30 01:44:43'),
(1955, 66, 1001, '14:00:00', 'Sucio', 1, NULL, '2013-10-30 01:44:43'),
(1956, 66, 1002, '14:00:00', 'Sucio', 0.275, NULL, '2013-10-30 01:44:43'),
(1957, 66, 1003, '14:00:00', 'Sucio', 1, NULL, '2013-10-30 01:44:43'),
(1958, 66, 1004, '14:00:00', NULL, 0, NULL, '2013-11-02 01:28:06'),
(1959, 66, 1005, '14:00:00', NULL, 0, NULL, '2013-10-30 01:44:04'),
(1960, 66, 1006, '14:00:00', NULL, 0, NULL, '2013-10-30 01:44:04'),
(1961, 66, 1007, '14:00:00', NULL, 0, NULL, '2013-10-30 01:44:04'),
(1962, 66, 1008, '14:00:00', NULL, 0, NULL, '2013-10-30 01:44:04'),
(1963, 66, 1009, '14:00:00', NULL, 0, NULL, '2013-10-30 01:44:04'),
(1964, 66, 1010, '14:00:00', NULL, 0, NULL, '2013-10-30 01:44:04'),
(1965, 66, 1011, '14:00:00', NULL, 0, NULL, '2013-10-30 01:44:04'),
(1966, 66, 1012, '14:00:00', NULL, 0, NULL, '2013-10-30 01:44:04'),
(1967, 66, 1013, '14:00:00', NULL, 0, NULL, '2013-10-30 01:44:04'),
(1968, 66, 1014, '14:00:00', NULL, 0, NULL, '2013-10-30 01:44:04'),
(1969, 66, 1015, '14:00:00', NULL, 0, NULL, '2013-10-30 01:44:04'),
(1970, 66, 1016, '14:00:00', NULL, 0, NULL, '2013-10-30 01:44:04'),
(1971, 66, 1017, '14:00:00', NULL, 0, NULL, '2013-10-30 01:44:04'),
(1972, 66, 1018, '14:00:00', NULL, 0, NULL, '2013-10-30 01:44:04'),
(1973, 66, 1019, '14:00:00', NULL, 0, NULL, '2013-10-30 01:44:04'),
(1974, 66, 1020, '14:00:00', NULL, 0, NULL, '2013-10-30 01:44:04'),
(1975, 66, 1021, '14:00:00', NULL, 0, NULL, '2013-10-30 01:44:04'),
(1976, 66, 1022, '14:00:00', NULL, 0, NULL, '2013-10-30 01:44:04'),
(1977, 66, 1023, '14:00:00', NULL, 0, NULL, '2013-10-30 01:44:04'),
(1978, 66, 1024, '14:00:00', NULL, 0, NULL, '2013-10-30 01:44:04'),
(1979, 66, 1025, '14:00:00', NULL, 0, NULL, '2013-10-30 01:44:04'),
(1980, 66, 1026, '14:00:00', NULL, 0, NULL, '2013-10-30 01:44:04'),
(1981, 66, 1027, '14:00:00', NULL, 0, NULL, '2013-10-30 01:44:04'),
(1982, 66, 1028, '14:00:00', NULL, 0, NULL, '2013-10-30 01:44:04'),
(1983, 66, 1029, '14:00:00', NULL, 0, NULL, '2013-10-30 01:44:04'),
(1984, 66, 1030, '14:00:00', NULL, 0, NULL, '2013-10-30 01:44:04'),
(1985, 67, 1000, '14:00:00', 'Sucio', 0, NULL, '2013-11-05 21:09:10'),
(1986, 67, 1001, '14:00:00', 'Sucio', 0, NULL, '2013-11-05 21:09:10'),
(1987, 67, 1002, '14:00:00', 'Sucio', 0, NULL, '2013-11-05 21:09:10'),
(1988, 67, 1003, '14:00:00', 'Sucio', 0, NULL, '2013-11-05 21:09:10'),
(1989, 67, 1004, '14:00:00', NULL, 0.8, NULL, '2013-11-02 01:33:03'),
(1990, 67, 1005, '14:00:00', NULL, 0, NULL, '2013-10-30 01:44:04'),
(1991, 67, 1006, '14:00:00', NULL, 0, NULL, '2013-10-30 01:44:04'),
(1992, 67, 1007, '14:00:00', NULL, 0, NULL, '2013-10-30 01:44:04'),
(1993, 67, 1008, '14:00:00', NULL, 0, NULL, '2013-10-30 01:44:04'),
(1994, 67, 1009, '14:00:00', NULL, 0, NULL, '2013-10-30 01:44:04'),
(1995, 67, 1010, '14:00:00', NULL, 0, NULL, '2013-10-30 01:44:04'),
(1996, 67, 1011, '14:00:00', NULL, 0, NULL, '2013-10-30 01:44:04'),
(1997, 67, 1012, '14:00:00', NULL, 0, NULL, '2013-10-30 01:44:04'),
(1998, 67, 1013, '14:00:00', NULL, 0, NULL, '2013-10-30 01:44:04'),
(1999, 67, 1014, '14:00:00', NULL, 0, NULL, '2013-10-30 01:44:04'),
(2000, 67, 1015, '14:00:00', NULL, 0, NULL, '2013-10-30 01:44:04'),
(2001, 67, 1016, '14:00:00', NULL, 0, NULL, '2013-10-30 01:44:04'),
(2002, 67, 1017, '14:00:00', NULL, 0, NULL, '2013-10-30 01:44:04'),
(2003, 67, 1018, '14:00:00', NULL, 0, NULL, '2013-10-30 01:44:04'),
(2004, 67, 1019, '14:00:00', NULL, 0, NULL, '2013-10-30 01:44:04'),
(2005, 67, 1020, '14:00:00', NULL, 0, NULL, '2013-10-30 01:44:04'),
(2006, 67, 1021, '14:00:00', NULL, 0, NULL, '2013-10-30 01:44:04'),
(2007, 67, 1022, '14:00:00', NULL, 0, NULL, '2013-10-30 01:44:04'),
(2008, 67, 1023, '14:00:00', NULL, 0, NULL, '2013-10-30 01:44:04'),
(2009, 67, 1024, '14:00:00', NULL, 0, NULL, '2013-10-30 01:44:04'),
(2010, 67, 1025, '14:00:00', NULL, 0, NULL, '2013-10-30 01:44:04'),
(2011, 67, 1026, '14:00:00', NULL, 0, NULL, '2013-10-30 01:44:04'),
(2012, 67, 1027, '14:00:00', NULL, 0, NULL, '2013-10-30 01:44:04'),
(2013, 67, 1028, '14:00:00', NULL, 0, NULL, '2013-10-30 01:44:04'),
(2014, 67, 1029, '14:00:00', NULL, 0, NULL, '2013-10-30 01:44:04'),
(2015, 67, 1030, '14:00:00', NULL, 0, NULL, '2013-10-30 01:44:04'),
(2016, 68, 1000, '14:00:00', 'Sucio', 2, NULL, '2013-10-30 01:44:43'),
(2017, 68, 1001, '14:00:00', 'Sucio', 1, NULL, '2013-10-30 01:44:43'),
(2018, 68, 1002, '14:00:00', 'Sucio', 0.275, NULL, '2013-10-30 01:44:43'),
(2019, 68, 1003, '14:00:00', 'Sucio', 1, NULL, '2013-10-30 01:44:43'),
(2020, 68, 1004, '14:00:00', NULL, 0.8, NULL, '2013-11-02 01:33:17'),
(2021, 68, 1005, '14:00:00', NULL, 0, NULL, '2013-10-30 01:44:04'),
(2022, 68, 1006, '14:00:00', NULL, 0, NULL, '2013-10-30 01:44:04'),
(2023, 68, 1007, '14:00:00', NULL, 0, NULL, '2013-10-30 01:44:04'),
(2024, 68, 1008, '14:00:00', NULL, 0, NULL, '2013-10-30 01:44:04'),
(2025, 68, 1009, '14:00:00', NULL, 0, NULL, '2013-10-30 01:44:04'),
(2026, 68, 1010, '14:00:00', NULL, 0, NULL, '2013-10-30 01:44:04'),
(2027, 68, 1011, '14:00:00', NULL, 0, NULL, '2013-10-30 01:44:04'),
(2028, 68, 1012, '14:00:00', NULL, 0, NULL, '2013-10-30 01:44:04'),
(2029, 68, 1013, '14:00:00', NULL, 0, NULL, '2013-10-30 01:44:04'),
(2030, 68, 1014, '14:00:00', NULL, 0, NULL, '2013-10-30 01:44:04'),
(2031, 68, 1015, '14:00:00', NULL, 0, NULL, '2013-10-30 01:44:04'),
(2032, 68, 1016, '14:00:00', NULL, 0, NULL, '2013-10-30 01:44:04'),
(2033, 68, 1017, '14:00:00', NULL, 0, NULL, '2013-10-30 01:44:04'),
(2034, 68, 1018, '14:00:00', NULL, 0, NULL, '2013-10-30 01:44:04'),
(2035, 68, 1019, '14:00:00', NULL, 0, NULL, '2013-10-30 01:44:04'),
(2036, 68, 1020, '14:00:00', NULL, 0, NULL, '2013-10-30 01:44:04'),
(2037, 68, 1021, '14:00:00', NULL, 0, NULL, '2013-10-30 01:44:04'),
(2038, 68, 1022, '14:00:00', NULL, 0, NULL, '2013-10-30 01:44:04'),
(2039, 68, 1023, '14:00:00', NULL, 0, NULL, '2013-10-30 01:44:04'),
(2040, 68, 1024, '14:00:00', NULL, 0, NULL, '2013-10-30 01:44:04'),
(2041, 68, 1025, '14:00:00', NULL, 0, NULL, '2013-10-30 01:44:04'),
(2042, 68, 1026, '14:00:00', NULL, 0, NULL, '2013-10-30 01:44:04'),
(2043, 68, 1027, '14:00:00', NULL, 0, NULL, '2013-10-30 01:44:04'),
(2044, 68, 1028, '14:00:00', NULL, 0, NULL, '2013-10-30 01:44:04'),
(2045, 68, 1029, '14:00:00', NULL, 0, NULL, '2013-10-30 01:44:04'),
(2046, 68, 1030, '14:00:00', NULL, 0, NULL, '2013-10-30 01:44:04'),
(2047, 69, 1000, '14:00:00', 'Sucio', 2, NULL, '2013-10-30 01:44:43'),
(2048, 69, 1001, '14:00:00', 'Sucio', 1, NULL, '2013-10-30 01:44:43'),
(2049, 69, 1002, '14:00:00', 'Sucio', 0.275, NULL, '2013-10-30 01:44:43'),
(2050, 69, 1003, '14:00:00', 'Sucio', 1, NULL, '2013-10-30 01:44:43'),
(2051, 69, 1004, '14:00:00', NULL, 0.8, NULL, '2013-11-02 01:33:24'),
(2052, 69, 1005, '14:00:00', NULL, 0, NULL, '2013-10-30 01:44:04'),
(2053, 69, 1006, '14:00:00', NULL, 0, NULL, '2013-10-30 01:44:04'),
(2054, 69, 1007, '14:00:00', NULL, 0, NULL, '2013-10-30 01:44:04'),
(2055, 69, 1008, '14:00:00', NULL, 0, NULL, '2013-10-30 01:44:04'),
(2056, 69, 1009, '14:00:00', NULL, 0, NULL, '2013-10-30 01:44:04'),
(2057, 69, 1010, '14:00:00', NULL, 0, NULL, '2013-10-30 01:44:04'),
(2058, 69, 1011, '14:00:00', NULL, 0, NULL, '2013-10-30 01:44:04'),
(2059, 69, 1012, '14:00:00', NULL, 0, NULL, '2013-10-30 01:44:04'),
(2060, 69, 1013, '14:00:00', NULL, 0, NULL, '2013-10-30 01:44:04'),
(2061, 69, 1014, '14:00:00', NULL, 0, NULL, '2013-10-30 01:44:04'),
(2062, 69, 1015, '14:00:00', NULL, 0, NULL, '2013-10-30 01:44:04'),
(2063, 69, 1016, '14:00:00', NULL, 0, NULL, '2013-10-30 01:44:04'),
(2064, 69, 1017, '14:00:00', NULL, 0, NULL, '2013-10-30 01:44:04'),
(2065, 69, 1018, '14:00:00', NULL, 0, NULL, '2013-10-30 01:44:04'),
(2066, 69, 1019, '14:00:00', NULL, 0, NULL, '2013-10-30 01:44:04'),
(2067, 69, 1020, '14:00:00', NULL, 0, NULL, '2013-10-30 01:44:04'),
(2068, 69, 1021, '14:00:00', NULL, 0, NULL, '2013-10-30 01:44:04'),
(2069, 69, 1022, '14:00:00', NULL, 0, NULL, '2013-10-30 01:44:04'),
(2070, 69, 1023, '14:00:00', NULL, 0, NULL, '2013-10-30 01:44:04'),
(2071, 69, 1024, '14:00:00', NULL, 0, NULL, '2013-10-30 01:44:04'),
(2072, 69, 1025, '14:00:00', NULL, 0, NULL, '2013-10-30 01:44:04'),
(2073, 69, 1026, '14:00:00', NULL, 0, NULL, '2013-10-30 01:44:04'),
(2074, 69, 1027, '14:00:00', NULL, 0, NULL, '2013-10-30 01:44:04'),
(2075, 69, 1028, '14:00:00', NULL, 0, NULL, '2013-10-30 01:44:04'),
(2076, 69, 1029, '14:00:00', NULL, 0, NULL, '2013-10-30 01:44:04'),
(2077, 69, 1030, '14:00:00', NULL, 0, NULL, '2013-10-30 01:44:04'),
(2078, 70, 1000, '14:00:00', 'Sucio', 2, NULL, '2013-10-30 01:44:43'),
(2079, 70, 1001, '14:00:00', 'Sucio', 1, NULL, '2013-10-30 01:44:43'),
(2080, 70, 1002, '14:00:00', 'Sucio', 0.275, NULL, '2013-10-30 01:44:43'),
(2081, 70, 1003, '14:00:00', 'Sucio', 1, NULL, '2013-10-30 01:44:43'),
(2082, 70, 1004, '14:00:00', NULL, 0, NULL, '2013-11-02 01:28:06'),
(2083, 70, 1005, '14:00:00', NULL, 0, NULL, '2013-10-30 01:44:04'),
(2084, 70, 1006, '14:00:00', NULL, 0, NULL, '2013-10-30 01:44:04'),
(2085, 70, 1007, '14:00:00', NULL, 0, NULL, '2013-10-30 01:44:04'),
(2086, 70, 1008, '14:00:00', NULL, 0, NULL, '2013-10-30 01:44:04'),
(2087, 70, 1009, '14:00:00', NULL, 0, NULL, '2013-10-30 01:44:04'),
(2088, 70, 1010, '14:00:00', NULL, 0, NULL, '2013-10-30 01:44:04'),
(2089, 70, 1011, '14:00:00', NULL, 0, NULL, '2013-10-30 01:44:04'),
(2090, 70, 1012, '14:00:00', NULL, 0, NULL, '2013-10-30 01:44:04'),
(2091, 70, 1013, '14:00:00', NULL, 0, NULL, '2013-10-30 01:44:04'),
(2092, 70, 1014, '14:00:00', NULL, 0, NULL, '2013-10-30 01:44:04'),
(2093, 70, 1015, '14:00:00', NULL, 0, NULL, '2013-10-30 01:44:04'),
(2094, 70, 1016, '14:00:00', NULL, 0, NULL, '2013-10-30 01:44:04'),
(2095, 70, 1017, '14:00:00', NULL, 0, NULL, '2013-10-30 01:44:04'),
(2096, 70, 1018, '14:00:00', NULL, 0, NULL, '2013-10-30 01:44:04'),
(2097, 70, 1019, '14:00:00', NULL, 0, NULL, '2013-10-30 01:44:04'),
(2098, 70, 1020, '14:00:00', NULL, 0, NULL, '2013-10-30 01:44:04'),
(2099, 70, 1021, '14:00:00', NULL, 0, NULL, '2013-10-30 01:44:04'),
(2100, 70, 1022, '14:00:00', NULL, 0, NULL, '2013-10-30 01:44:04'),
(2101, 70, 1023, '14:00:00', NULL, 0, NULL, '2013-10-30 01:44:04'),
(2102, 70, 1024, '14:00:00', NULL, 0, NULL, '2013-10-30 01:44:04'),
(2103, 70, 1025, '14:00:00', NULL, 0, NULL, '2013-10-30 01:44:04'),
(2104, 70, 1026, '14:00:00', NULL, 0, NULL, '2013-10-30 01:44:04'),
(2105, 70, 1027, '14:00:00', NULL, 0, NULL, '2013-10-30 01:44:04'),
(2106, 70, 1028, '14:00:00', NULL, 0, NULL, '2013-10-30 01:44:04'),
(2107, 70, 1029, '14:00:00', NULL, 0, NULL, '2013-10-30 01:44:04'),
(2108, 70, 1030, '14:00:00', NULL, 0, NULL, '2013-10-30 01:44:04'),
(2109, 71, 1000, '14:00:00', 'Sucio', 2, NULL, '2013-10-30 01:44:43'),
(2110, 71, 1001, '14:00:00', 'Sucio', 1, NULL, '2013-10-30 01:44:43'),
(2111, 71, 1002, '14:00:00', 'Sucio', 0.275, NULL, '2013-10-30 01:44:43'),
(2112, 71, 1003, '14:00:00', 'Sucio', 1, NULL, '2013-10-30 01:44:43'),
(2113, 71, 1004, '14:00:00', NULL, 0, NULL, '2013-11-02 01:28:06'),
(2114, 71, 1005, '14:00:00', NULL, 0, NULL, '2013-10-30 01:44:04'),
(2115, 71, 1006, '14:00:00', NULL, 0, NULL, '2013-10-30 01:44:04'),
(2116, 71, 1007, '14:00:00', NULL, 0, NULL, '2013-10-30 01:44:04'),
(2117, 71, 1008, '14:00:00', NULL, 0, NULL, '2013-10-30 01:44:04'),
(2118, 71, 1009, '14:00:00', NULL, 0, NULL, '2013-10-30 01:44:04'),
(2119, 71, 1010, '14:00:00', NULL, 0, NULL, '2013-10-30 01:44:04'),
(2120, 71, 1011, '14:00:00', NULL, 0, NULL, '2013-10-30 01:44:04'),
(2121, 71, 1012, '14:00:00', NULL, 0, NULL, '2013-10-30 01:44:04'),
(2122, 71, 1013, '14:00:00', NULL, 0, NULL, '2013-10-30 01:44:04'),
(2123, 71, 1014, '14:00:00', NULL, 0, NULL, '2013-10-30 01:44:04'),
(2124, 71, 1015, '14:00:00', NULL, 0, NULL, '2013-10-30 01:44:04'),
(2125, 71, 1016, '14:00:00', NULL, 0, NULL, '2013-10-30 01:44:04'),
(2126, 71, 1017, '14:00:00', NULL, 0, NULL, '2013-10-30 01:44:04'),
(2127, 71, 1018, '14:00:00', NULL, 0, NULL, '2013-10-30 01:44:04'),
(2128, 71, 1019, '14:00:00', NULL, 0, NULL, '2013-10-30 01:44:04'),
(2129, 71, 1020, '14:00:00', NULL, 0, NULL, '2013-10-30 01:44:04'),
(2130, 71, 1021, '14:00:00', NULL, 0, NULL, '2013-10-30 01:44:04'),
(2131, 71, 1022, '14:00:00', NULL, 0, NULL, '2013-10-30 01:44:04'),
(2132, 71, 1023, '14:00:00', NULL, 0, NULL, '2013-10-30 01:44:04'),
(2133, 71, 1024, '14:00:00', NULL, 0, NULL, '2013-10-30 01:44:04'),
(2134, 71, 1025, '14:00:00', NULL, 0, NULL, '2013-10-30 01:44:04'),
(2135, 71, 1026, '14:00:00', NULL, 0, NULL, '2013-10-30 01:44:04'),
(2136, 71, 1027, '14:00:00', NULL, 0, NULL, '2013-10-30 01:44:04'),
(2137, 71, 1028, '14:00:00', NULL, 0, NULL, '2013-10-30 01:44:04'),
(2138, 71, 1029, '14:00:00', NULL, 0, NULL, '2013-10-30 01:44:04'),
(2139, 71, 1030, '14:00:00', NULL, 0, NULL, '2013-10-30 01:44:04'),
(2140, 72, 1000, '14:00:00', 'Sucio', 2, NULL, '2013-10-30 01:44:43'),
(2141, 72, 1001, '14:00:00', 'Sucio', 1, NULL, '2013-10-30 01:44:43'),
(2142, 72, 1002, '14:00:00', 'Sucio', 0.275, NULL, '2013-10-30 01:44:43'),
(2143, 72, 1003, '14:00:00', 'Sucio', 1, NULL, '2013-10-30 01:44:43'),
(2144, 72, 1004, '14:00:00', NULL, 0, NULL, '2013-11-02 01:28:06'),
(2145, 72, 1005, '14:00:00', NULL, 0, NULL, '2013-10-30 01:44:04'),
(2146, 72, 1006, '14:00:00', NULL, 0, NULL, '2013-10-30 01:44:04'),
(2147, 72, 1007, '14:00:00', NULL, 0, NULL, '2013-10-30 01:44:04'),
(2148, 72, 1008, '14:00:00', NULL, 0, NULL, '2013-10-30 01:44:04'),
(2149, 72, 1009, '14:00:00', NULL, 0, NULL, '2013-10-30 01:44:04'),
(2150, 72, 1010, '14:00:00', NULL, 0, NULL, '2013-10-30 01:44:04'),
(2151, 72, 1011, '14:00:00', NULL, 0, NULL, '2013-10-30 01:44:04'),
(2152, 72, 1012, '14:00:00', NULL, 0, NULL, '2013-10-30 01:44:04'),
(2153, 72, 1013, '14:00:00', NULL, 0, NULL, '2013-10-30 01:44:04'),
(2154, 72, 1014, '14:00:00', NULL, 0, NULL, '2013-10-30 01:44:04'),
(2155, 72, 1015, '14:00:00', NULL, 0, NULL, '2013-10-30 01:44:04'),
(2156, 72, 1016, '14:00:00', NULL, 0, NULL, '2013-10-30 01:44:04'),
(2157, 72, 1017, '14:00:00', NULL, 0, NULL, '2013-10-30 01:44:04'),
(2158, 72, 1018, '14:00:00', NULL, 0, NULL, '2013-10-30 01:44:04'),
(2159, 72, 1019, '14:00:00', NULL, 0, NULL, '2013-10-30 01:44:04'),
(2160, 72, 1020, '14:00:00', NULL, 0, NULL, '2013-10-30 01:44:04'),
(2161, 72, 1021, '14:00:00', NULL, 0, NULL, '2013-10-30 01:44:04'),
(2162, 72, 1022, '14:00:00', NULL, 0, NULL, '2013-10-30 01:44:04'),
(2163, 72, 1023, '14:00:00', NULL, 0, NULL, '2013-10-30 01:44:04'),
(2164, 72, 1024, '14:00:00', NULL, 0, NULL, '2013-10-30 01:44:04'),
(2165, 72, 1025, '14:00:00', NULL, 0, NULL, '2013-10-30 01:44:04'),
(2166, 72, 1026, '14:00:00', NULL, 0, NULL, '2013-10-30 01:44:04'),
(2167, 72, 1027, '14:00:00', NULL, 0, NULL, '2013-10-30 01:44:04'),
(2168, 72, 1028, '14:00:00', NULL, 0, NULL, '2013-10-30 01:44:04'),
(2169, 72, 1029, '14:00:00', NULL, 0, NULL, '2013-10-30 01:44:04'),
(2170, 72, 1030, '14:00:00', NULL, 0, NULL, '2013-10-30 01:44:04'),
(2171, 73, 1000, '14:00:00', 'Sucio', 2, NULL, '2013-10-30 01:44:43'),
(2172, 73, 1001, '14:00:00', 'Sucio', 1, NULL, '2013-10-30 01:44:43'),
(2173, 73, 1002, '14:00:00', 'Sucio', 0.275, NULL, '2013-10-30 01:44:43'),
(2174, 73, 1003, '14:00:00', 'Sucio', 1, NULL, '2013-10-30 01:44:43'),
(2175, 73, 1004, '14:00:00', NULL, 0.8, NULL, '2013-11-02 01:34:51'),
(2176, 73, 1005, '14:00:00', NULL, 0, NULL, '2013-10-30 01:44:04'),
(2177, 73, 1006, '14:00:00', NULL, 0, NULL, '2013-10-30 01:44:04'),
(2178, 73, 1007, '14:00:00', NULL, 0, NULL, '2013-10-30 01:44:04'),
(2179, 73, 1008, '14:00:00', NULL, 0, NULL, '2013-10-30 01:44:04'),
(2180, 73, 1009, '14:00:00', NULL, 0, NULL, '2013-10-30 01:44:04'),
(2181, 73, 1010, '14:00:00', NULL, 0, NULL, '2013-10-30 01:44:04'),
(2182, 73, 1011, '14:00:00', NULL, 0, NULL, '2013-10-30 01:44:04'),
(2183, 73, 1012, '14:00:00', NULL, 0, NULL, '2013-10-30 01:44:04'),
(2184, 73, 1013, '14:00:00', NULL, 0, NULL, '2013-10-30 01:44:04'),
(2185, 73, 1014, '14:00:00', NULL, 0, NULL, '2013-10-30 01:44:04'),
(2186, 73, 1015, '14:00:00', NULL, 0, NULL, '2013-10-30 01:44:04'),
(2187, 73, 1016, '14:00:00', NULL, 0, NULL, '2013-10-30 01:44:04'),
(2188, 73, 1017, '14:00:00', NULL, 0, NULL, '2013-10-30 01:44:04'),
(2189, 73, 1018, '14:00:00', NULL, 0, NULL, '2013-10-30 01:44:04'),
(2190, 73, 1019, '14:00:00', NULL, 0, NULL, '2013-10-30 01:44:04'),
(2191, 73, 1020, '14:00:00', NULL, 0, NULL, '2013-10-30 01:44:04'),
(2192, 73, 1021, '14:00:00', NULL, 0, NULL, '2013-10-30 01:44:04'),
(2193, 73, 1022, '14:00:00', NULL, 0, NULL, '2013-10-30 01:44:04'),
(2194, 73, 1023, '14:00:00', NULL, 0, NULL, '2013-10-30 01:44:04'),
(2195, 73, 1024, '14:00:00', NULL, 0, NULL, '2013-10-30 01:44:04'),
(2196, 73, 1025, '14:00:00', NULL, 0, NULL, '2013-10-30 01:44:04'),
(2197, 73, 1026, '14:00:00', NULL, 0, NULL, '2013-10-30 01:44:04'),
(2198, 73, 1027, '14:00:00', NULL, 0, NULL, '2013-10-30 01:44:04'),
(2199, 73, 1028, '14:00:00', NULL, 0, NULL, '2013-10-30 01:44:04'),
(2200, 73, 1029, '14:00:00', NULL, 0, NULL, '2013-10-30 01:44:04'),
(2201, 73, 1030, '14:00:00', NULL, 0, NULL, '2013-10-30 01:44:04'),
(2202, 74, 1000, '14:00:00', 'Sucio', 2, NULL, '2013-10-30 01:44:43'),
(2203, 74, 1001, '14:00:00', 'Sucio', 1, NULL, '2013-10-30 01:44:43'),
(2204, 74, 1002, '14:00:00', 'Sucio', 0.275, NULL, '2013-10-30 01:44:43'),
(2205, 74, 1003, '14:00:00', 'Sucio', 1, NULL, '2013-10-30 01:44:43'),
(2206, 74, 1004, '14:00:00', NULL, 0, NULL, '2013-11-02 01:28:06'),
(2207, 74, 1005, '14:00:00', NULL, 0, NULL, '2013-10-30 01:44:04'),
(2208, 74, 1006, '14:00:00', NULL, 0, NULL, '2013-10-30 01:44:04'),
(2209, 74, 1007, '14:00:00', NULL, 0, NULL, '2013-10-30 01:44:04'),
(2210, 74, 1008, '14:00:00', NULL, 0, NULL, '2013-10-30 01:44:04'),
(2211, 74, 1009, '14:00:00', NULL, 0, NULL, '2013-10-30 01:44:04'),
(2212, 74, 1010, '14:00:00', NULL, 0, NULL, '2013-10-30 01:44:04'),
(2213, 74, 1011, '14:00:00', NULL, 0, NULL, '2013-10-30 01:44:04'),
(2214, 74, 1012, '14:00:00', NULL, 0, NULL, '2013-10-30 01:44:04'),
(2215, 74, 1013, '14:00:00', NULL, 0, NULL, '2013-10-30 01:44:04'),
(2216, 74, 1014, '14:00:00', NULL, 0, NULL, '2013-10-30 01:44:04'),
(2217, 74, 1015, '14:00:00', NULL, 0, NULL, '2013-10-30 01:44:04'),
(2218, 74, 1016, '14:00:00', NULL, 0, NULL, '2013-10-30 01:44:04'),
(2219, 74, 1017, '14:00:00', NULL, 0, NULL, '2013-10-30 01:44:04'),
(2220, 74, 1018, '14:00:00', NULL, 0, NULL, '2013-10-30 01:44:04'),
(2221, 74, 1019, '14:00:00', NULL, 0, NULL, '2013-10-30 01:44:04'),
(2222, 74, 1020, '14:00:00', NULL, 0, NULL, '2013-10-30 01:44:04'),
(2223, 74, 1021, '14:00:00', NULL, 0, NULL, '2013-10-30 01:44:04'),
(2224, 74, 1022, '14:00:00', NULL, 0, NULL, '2013-10-30 01:44:04'),
(2225, 74, 1023, '14:00:00', NULL, 0, NULL, '2013-10-30 01:44:04'),
(2226, 74, 1024, '14:00:00', NULL, 0, NULL, '2013-10-30 01:44:04'),
(2227, 74, 1025, '14:00:00', NULL, 0, NULL, '2013-10-30 01:44:04'),
(2228, 74, 1026, '14:00:00', NULL, 0, NULL, '2013-10-30 01:44:04'),
(2229, 74, 1027, '14:00:00', NULL, 0, NULL, '2013-10-30 01:44:04'),
(2230, 74, 1028, '14:00:00', NULL, 0, NULL, '2013-10-30 01:44:04'),
(2231, 74, 1029, '14:00:00', NULL, 0, NULL, '2013-10-30 01:44:04'),
(2232, 74, 1030, '14:00:00', NULL, 0, NULL, '2013-10-30 01:44:04'),
(2233, 75, 1000, '14:00:00', 'Sucio', 2, NULL, '2013-10-30 01:44:43'),
(2234, 75, 1001, '14:00:00', 'Sucio', 1, NULL, '2013-10-30 01:44:43'),
(2235, 75, 1002, '14:00:00', 'Sucio', 0.275, NULL, '2013-10-30 01:44:43'),
(2236, 75, 1003, '14:00:00', 'Sucio', 1, NULL, '2013-10-30 01:44:43'),
(2237, 75, 1004, '14:00:00', NULL, 0, NULL, '2013-11-02 01:28:06'),
(2238, 75, 1005, '14:00:00', NULL, 0, NULL, '2013-10-30 01:44:04'),
(2239, 75, 1006, '14:00:00', NULL, 0, NULL, '2013-10-30 01:44:04'),
(2240, 75, 1007, '14:00:00', NULL, 0, NULL, '2013-10-30 01:44:04'),
(2241, 75, 1008, '14:00:00', NULL, 0, NULL, '2013-10-30 01:44:04'),
(2242, 75, 1009, '14:00:00', NULL, 0, NULL, '2013-10-30 01:44:04'),
(2243, 75, 1010, '14:00:00', NULL, 0, NULL, '2013-10-30 01:44:04'),
(2244, 75, 1011, '14:00:00', NULL, 0, NULL, '2013-10-30 01:44:04'),
(2245, 75, 1012, '14:00:00', NULL, 0, NULL, '2013-10-30 01:44:04'),
(2246, 75, 1013, '14:00:00', NULL, 0, NULL, '2013-10-30 01:44:04'),
(2247, 75, 1014, '14:00:00', NULL, 0, NULL, '2013-10-30 01:44:04'),
(2248, 75, 1015, '14:00:00', NULL, 0, NULL, '2013-10-30 01:44:04'),
(2249, 75, 1016, '14:00:00', NULL, 0, NULL, '2013-10-30 01:44:04'),
(2250, 75, 1017, '14:00:00', NULL, 0, NULL, '2013-10-30 01:44:04'),
(2251, 75, 1018, '14:00:00', NULL, 0, NULL, '2013-10-30 01:44:04'),
(2252, 75, 1019, '14:00:00', NULL, 0, NULL, '2013-10-30 01:44:04'),
(2253, 75, 1020, '14:00:00', NULL, 0, NULL, '2013-10-30 01:44:04'),
(2254, 75, 1021, '14:00:00', NULL, 0, NULL, '2013-10-30 01:44:04'),
(2255, 75, 1022, '14:00:00', NULL, 0, NULL, '2013-10-30 01:44:04'),
(2256, 75, 1023, '14:00:00', NULL, 0, NULL, '2013-10-30 01:44:04'),
(2257, 75, 1024, '14:00:00', NULL, 0, NULL, '2013-10-30 01:44:04'),
(2258, 75, 1025, '14:00:00', NULL, 0, NULL, '2013-10-30 01:44:04'),
(2259, 75, 1026, '14:00:00', NULL, 0, NULL, '2013-10-30 01:44:04'),
(2260, 75, 1027, '14:00:00', NULL, 0, NULL, '2013-10-30 01:44:04'),
(2261, 75, 1028, '14:00:00', NULL, 0, NULL, '2013-10-30 01:44:04'),
(2262, 75, 1029, '14:00:00', NULL, 0, NULL, '2013-10-30 01:44:04'),
(2263, 75, 1030, '14:00:00', NULL, 0, NULL, '2013-10-30 01:44:04'),
(2264, 76, 1000, '14:00:00', 'Sucio', 2, NULL, '2013-10-30 01:44:43'),
(2265, 76, 1001, '14:00:00', 'Sucio', 1, NULL, '2013-10-30 01:44:43'),
(2266, 76, 1002, '14:00:00', 'Sucio', 0.275, NULL, '2013-10-30 01:44:43'),
(2267, 76, 1003, '14:00:00', 'Sucio', 1, NULL, '2013-10-30 01:44:43'),
(2268, 76, 1004, '14:00:00', NULL, 0.8, NULL, '2013-11-02 01:35:16'),
(2269, 76, 1005, '14:00:00', NULL, 0, NULL, '2013-10-30 01:44:04'),
(2270, 76, 1006, '14:00:00', NULL, 0, NULL, '2013-10-30 01:44:04'),
(2271, 76, 1007, '14:00:00', NULL, 0, NULL, '2013-10-30 01:44:04'),
(2272, 76, 1008, '14:00:00', NULL, 0, NULL, '2013-10-30 01:44:04'),
(2273, 76, 1009, '14:00:00', NULL, 0, NULL, '2013-10-30 01:44:04'),
(2274, 76, 1010, '14:00:00', NULL, 0, NULL, '2013-10-30 01:44:04'),
(2275, 76, 1011, '14:00:00', NULL, 0, NULL, '2013-10-30 01:44:04'),
(2276, 76, 1012, '14:00:00', NULL, 0, NULL, '2013-10-30 01:44:04'),
(2277, 76, 1013, '14:00:00', NULL, 0, NULL, '2013-10-30 01:44:04'),
(2278, 76, 1014, '14:00:00', NULL, 0, NULL, '2013-10-30 01:44:04'),
(2279, 76, 1015, '14:00:00', NULL, 0, NULL, '2013-10-30 01:44:04'),
(2280, 76, 1016, '14:00:00', NULL, 0, NULL, '2013-10-30 01:44:04'),
(2281, 76, 1017, '14:00:00', NULL, 0, NULL, '2013-10-30 01:44:04'),
(2282, 76, 1018, '14:00:00', NULL, 0, NULL, '2013-10-30 01:44:04'),
(2283, 76, 1019, '14:00:00', NULL, 0, NULL, '2013-10-30 01:44:04'),
(2284, 76, 1020, '14:00:00', NULL, 0, NULL, '2013-10-30 01:44:04'),
(2285, 76, 1021, '14:00:00', NULL, 0, NULL, '2013-10-30 01:44:04'),
(2286, 76, 1022, '14:00:00', NULL, 0, NULL, '2013-10-30 01:44:04'),
(2287, 76, 1023, '14:00:00', NULL, 0, NULL, '2013-10-30 01:44:04'),
(2288, 76, 1024, '14:00:00', NULL, 0, NULL, '2013-10-30 01:44:04'),
(2289, 76, 1025, '14:00:00', NULL, 0, NULL, '2013-10-30 01:44:04'),
(2290, 76, 1026, '14:00:00', NULL, 0, NULL, '2013-10-30 01:44:04'),
(2291, 76, 1027, '14:00:00', NULL, 0, NULL, '2013-10-30 01:44:04'),
(2292, 76, 1028, '14:00:00', NULL, 0, NULL, '2013-10-30 01:44:04'),
(2293, 76, 1029, '14:00:00', NULL, 0, NULL, '2013-10-30 01:44:04'),
(2294, 76, 1030, '14:00:00', NULL, 0, NULL, '2013-10-30 01:44:04'),
(2295, 77, 1000, '14:00:00', 'Sucio', 2, NULL, '2013-10-30 01:44:43'),
(2296, 77, 1001, '14:00:00', 'Sucio', 1, NULL, '2013-10-30 01:44:43'),
(2297, 77, 1002, '14:00:00', 'Sucio', 0.275, NULL, '2013-10-30 01:44:43'),
(2298, 77, 1003, '14:00:00', 'Sucio', 1, NULL, '2013-10-30 01:44:43'),
(2299, 77, 1004, '14:00:00', NULL, 0, NULL, '2013-11-02 01:28:06'),
(2300, 77, 1005, '14:00:00', NULL, 0, NULL, '2013-10-30 01:44:04'),
(2301, 77, 1006, '14:00:00', NULL, 0, NULL, '2013-10-30 01:44:04'),
(2302, 77, 1007, '14:00:00', NULL, 0, NULL, '2013-10-30 01:44:04'),
(2303, 77, 1008, '14:00:00', NULL, 0, NULL, '2013-10-30 01:44:04'),
(2304, 77, 1009, '14:00:00', NULL, 0, NULL, '2013-10-30 01:44:04'),
(2305, 77, 1010, '14:00:00', NULL, 0, NULL, '2013-10-30 01:44:04'),
(2306, 77, 1011, '14:00:00', NULL, 0, NULL, '2013-10-30 01:44:04'),
(2307, 77, 1012, '14:00:00', NULL, 0, NULL, '2013-10-30 01:44:04'),
(2308, 77, 1013, '14:00:00', NULL, 0, NULL, '2013-10-30 01:44:04'),
(2309, 77, 1014, '14:00:00', NULL, 0, NULL, '2013-10-30 01:44:04'),
(2310, 77, 1015, '14:00:00', NULL, 0, NULL, '2013-10-30 01:44:04'),
(2311, 77, 1016, '14:00:00', NULL, 0, NULL, '2013-10-30 01:44:04'),
(2312, 77, 1017, '14:00:00', NULL, 0, NULL, '2013-10-30 01:44:04'),
(2313, 77, 1018, '14:00:00', NULL, 0, NULL, '2013-10-30 01:44:04'),
(2314, 77, 1019, '14:00:00', NULL, 0, NULL, '2013-10-30 01:44:04'),
(2315, 77, 1020, '14:00:00', NULL, 0, NULL, '2013-10-30 01:44:04'),
(2316, 77, 1021, '14:00:00', NULL, 0, NULL, '2013-10-30 01:44:04'),
(2317, 77, 1022, '14:00:00', NULL, 0, NULL, '2013-10-30 01:44:04'),
(2318, 77, 1023, '14:00:00', NULL, 0, NULL, '2013-10-30 01:44:04'),
(2319, 77, 1024, '14:00:00', NULL, 0, NULL, '2013-10-30 01:44:04'),
(2320, 77, 1025, '14:00:00', NULL, 0, NULL, '2013-10-30 01:44:04'),
(2321, 77, 1026, '14:00:00', NULL, 0, NULL, '2013-10-30 01:44:04'),
(2322, 77, 1027, '14:00:00', NULL, 0, NULL, '2013-10-30 01:44:04'),
(2323, 77, 1028, '14:00:00', NULL, 0, NULL, '2013-10-30 01:44:04'),
(2324, 77, 1029, '14:00:00', NULL, 0, NULL, '2013-10-30 01:44:04'),
(2325, 77, 1030, '14:00:00', NULL, 0, NULL, '2013-10-30 01:44:04'),
(2326, 78, 1000, '14:00:00', 'Sucio', 2, NULL, '2013-10-30 01:44:43'),
(2327, 78, 1001, '14:00:00', 'Sucio', 1, NULL, '2013-10-30 01:44:43'),
(2328, 78, 1002, '14:00:00', 'Sucio', 0.275, NULL, '2013-10-30 01:44:43'),
(2329, 78, 1003, '14:00:00', 'Sucio', 1, NULL, '2013-10-30 01:44:43'),
(2330, 78, 1004, '14:00:00', NULL, 0, NULL, '2013-11-02 01:28:06'),
(2331, 78, 1005, '14:00:00', NULL, 0, NULL, '2013-10-30 01:44:04'),
(2332, 78, 1006, '14:00:00', NULL, 0, NULL, '2013-10-30 01:44:04'),
(2333, 78, 1007, '14:00:00', NULL, 0, NULL, '2013-10-30 01:44:04'),
(2334, 78, 1008, '14:00:00', NULL, 0, NULL, '2013-10-30 01:44:04'),
(2335, 78, 1009, '14:00:00', NULL, 0, NULL, '2013-10-30 01:44:04'),
(2336, 78, 1010, '14:00:00', NULL, 0, NULL, '2013-10-30 01:44:04'),
(2337, 78, 1011, '14:00:00', NULL, 0, NULL, '2013-10-30 01:44:04'),
(2338, 78, 1012, '14:00:00', NULL, 0, NULL, '2013-10-30 01:44:04'),
(2339, 78, 1013, '14:00:00', NULL, 0, NULL, '2013-10-30 01:44:04'),
(2340, 78, 1014, '14:00:00', NULL, 0, NULL, '2013-10-30 01:44:04'),
(2341, 78, 1015, '14:00:00', NULL, 0, NULL, '2013-10-30 01:44:04'),
(2342, 78, 1016, '14:00:00', NULL, 0, NULL, '2013-10-30 01:44:04'),
(2343, 78, 1017, '14:00:00', NULL, 0, NULL, '2013-10-30 01:44:04'),
(2344, 78, 1018, '14:00:00', NULL, 0, NULL, '2013-10-30 01:44:04'),
(2345, 78, 1019, '14:00:00', NULL, 0, NULL, '2013-10-30 01:44:04'),
(2346, 78, 1020, '14:00:00', NULL, 0, NULL, '2013-10-30 01:44:04'),
(2347, 78, 1021, '14:00:00', NULL, 0, NULL, '2013-10-30 01:44:04'),
(2348, 78, 1022, '14:00:00', NULL, 0, NULL, '2013-10-30 01:44:04'),
(2349, 78, 1023, '14:00:00', NULL, 0, NULL, '2013-10-30 01:44:04'),
(2350, 78, 1024, '14:00:00', NULL, 0, NULL, '2013-10-30 01:44:04'),
(2351, 78, 1025, '14:00:00', NULL, 0, NULL, '2013-10-30 01:44:04'),
(2352, 78, 1026, '14:00:00', NULL, 0, NULL, '2013-10-30 01:44:04'),
(2353, 78, 1027, '14:00:00', NULL, 0, NULL, '2013-10-30 01:44:04'),
(2354, 78, 1028, '14:00:00', NULL, 0, NULL, '2013-10-30 01:44:04'),
(2355, 78, 1029, '14:00:00', NULL, 0, NULL, '2013-10-30 01:44:04'),
(2356, 78, 1030, '14:00:00', NULL, 0, NULL, '2013-10-30 01:44:04'),
(2357, 79, 1000, '14:00:00', 'Sucio', 2, NULL, '2013-10-30 01:44:43'),
(2358, 79, 1001, '14:00:00', 'Sucio', 1, NULL, '2013-10-30 01:44:43'),
(2359, 79, 1002, '14:00:00', 'Sucio', 0.275, NULL, '2013-10-30 01:44:43'),
(2360, 79, 1003, '14:00:00', 'Sucio', 1, NULL, '2013-10-30 01:44:43'),
(2361, 79, 1004, '14:00:00', NULL, 0.8, NULL, '2013-11-02 01:35:28'),
(2362, 79, 1005, '14:00:00', NULL, 0, NULL, '2013-10-30 01:44:04'),
(2363, 79, 1006, '14:00:00', NULL, 0, NULL, '2013-10-30 01:44:04'),
(2364, 79, 1007, '14:00:00', NULL, 0, NULL, '2013-10-30 01:44:04'),
(2365, 79, 1008, '14:00:00', NULL, 0, NULL, '2013-10-30 01:44:04'),
(2366, 79, 1009, '14:00:00', NULL, 0, NULL, '2013-10-30 01:44:04'),
(2367, 79, 1010, '14:00:00', NULL, 0, NULL, '2013-10-30 01:44:04'),
(2368, 79, 1011, '14:00:00', NULL, 0, NULL, '2013-10-30 01:44:04'),
(2369, 79, 1012, '14:00:00', NULL, 0, NULL, '2013-10-30 01:44:04'),
(2370, 79, 1013, '14:00:00', NULL, 0, NULL, '2013-10-30 01:44:04'),
(2371, 79, 1014, '14:00:00', NULL, 0, NULL, '2013-10-30 01:44:04'),
(2372, 79, 1015, '14:00:00', NULL, 0, NULL, '2013-10-30 01:44:04'),
(2373, 79, 1016, '14:00:00', NULL, 0, NULL, '2013-10-30 01:44:04'),
(2374, 79, 1017, '14:00:00', NULL, 0, NULL, '2013-10-30 01:44:04'),
(2375, 79, 1018, '14:00:00', NULL, 0, NULL, '2013-10-30 01:44:04'),
(2376, 79, 1019, '14:00:00', NULL, 0, NULL, '2013-10-30 01:44:04'),
(2377, 79, 1020, '14:00:00', NULL, 0, NULL, '2013-10-30 01:44:04'),
(2378, 79, 1021, '14:00:00', NULL, 0, NULL, '2013-10-30 01:44:04'),
(2379, 79, 1022, '14:00:00', NULL, 0, NULL, '2013-10-30 01:44:04'),
(2380, 79, 1023, '14:00:00', NULL, 0, NULL, '2013-10-30 01:44:04'),
(2381, 79, 1024, '14:00:00', NULL, 0, NULL, '2013-10-30 01:44:04'),
(2382, 79, 1025, '14:00:00', NULL, 0, NULL, '2013-10-30 01:44:04'),
(2383, 79, 1026, '14:00:00', NULL, 0, NULL, '2013-10-30 01:44:04'),
(2384, 79, 1027, '14:00:00', NULL, 0, NULL, '2013-10-30 01:44:04'),
(2385, 79, 1028, '14:00:00', NULL, 0, NULL, '2013-10-30 01:44:04'),
(2386, 79, 1029, '14:00:00', NULL, 0, NULL, '2013-10-30 01:44:04'),
(2387, 79, 1030, '14:00:00', NULL, 0, NULL, '2013-10-30 01:44:04');
INSERT INTO `mantenimiento_detalle` (`id_mantenimiento_detalle`, `id_mantenimiento`, `id_inventario`, `fecha`, `estado`, `cantidad`, `notas`, `registro`) VALUES
(2388, 80, 1000, '14:00:00', 'Sucio', 2, NULL, '2013-10-30 01:44:43'),
(2389, 80, 1001, '14:00:00', 'Sucio', 1, NULL, '2013-10-30 01:44:43'),
(2390, 80, 1002, '14:00:00', 'Sucio', 0.275, NULL, '2013-10-30 01:44:43'),
(2391, 80, 1003, '14:00:00', 'Sucio', 1, NULL, '2013-10-30 01:44:43'),
(2392, 80, 1004, '14:00:00', NULL, 0.8, NULL, '2013-11-02 01:35:38'),
(2393, 80, 1005, '14:00:00', NULL, 0, NULL, '2013-10-30 01:44:04'),
(2394, 80, 1006, '14:00:00', NULL, 0, NULL, '2013-10-30 01:44:04'),
(2395, 80, 1007, '14:00:00', NULL, 0, NULL, '2013-10-30 01:44:04'),
(2396, 80, 1008, '14:00:00', NULL, 0, NULL, '2013-10-30 01:44:04'),
(2397, 80, 1009, '14:00:00', NULL, 0, NULL, '2013-10-30 01:44:04'),
(2398, 80, 1010, '14:00:00', NULL, 0, NULL, '2013-10-30 01:44:04'),
(2399, 80, 1011, '14:00:00', NULL, 0, NULL, '2013-10-30 01:44:04'),
(2400, 80, 1012, '14:00:00', NULL, 0, NULL, '2013-10-30 01:44:04'),
(2401, 80, 1013, '14:00:00', NULL, 0, NULL, '2013-10-30 01:44:04'),
(2402, 80, 1014, '14:00:00', NULL, 0, NULL, '2013-10-30 01:44:04'),
(2403, 80, 1015, '14:00:00', NULL, 0, NULL, '2013-10-30 01:44:04'),
(2404, 80, 1016, '14:00:00', NULL, 0, NULL, '2013-10-30 01:44:04'),
(2405, 80, 1017, '14:00:00', NULL, 0, NULL, '2013-10-30 01:44:04'),
(2406, 80, 1018, '14:00:00', NULL, 0, NULL, '2013-10-30 01:44:04'),
(2407, 80, 1019, '14:00:00', NULL, 0, NULL, '2013-10-30 01:44:04'),
(2408, 80, 1020, '14:00:00', NULL, 0, NULL, '2013-10-30 01:44:04'),
(2409, 80, 1021, '14:00:00', NULL, 0, NULL, '2013-10-30 01:44:04'),
(2410, 80, 1022, '14:00:00', NULL, 0, NULL, '2013-10-30 01:44:04'),
(2411, 80, 1023, '14:00:00', NULL, 0, NULL, '2013-10-30 01:44:04'),
(2412, 80, 1024, '14:00:00', NULL, 0, NULL, '2013-10-30 01:44:04'),
(2413, 80, 1025, '14:00:00', NULL, 0, NULL, '2013-10-30 01:44:04'),
(2414, 80, 1026, '14:00:00', NULL, 0, NULL, '2013-10-30 01:44:04'),
(2415, 80, 1027, '14:00:00', NULL, 0, NULL, '2013-10-30 01:44:04'),
(2416, 80, 1028, '14:00:00', NULL, 0, NULL, '2013-10-30 01:44:04'),
(2417, 80, 1029, '14:00:00', NULL, 0, NULL, '2013-10-30 01:44:04'),
(2418, 80, 1030, '14:00:00', NULL, 0, NULL, '2013-10-30 01:44:04'),
(2419, 81, 1000, '14:00:00', 'Sucio', 2, NULL, '2013-10-30 01:44:43'),
(2420, 81, 1001, '14:00:00', 'Sucio', 1, NULL, '2013-10-30 01:44:43'),
(2421, 81, 1002, '14:00:00', 'Sucio', 0.275, NULL, '2013-10-30 01:44:43'),
(2422, 81, 1003, '14:00:00', 'Sucio', 1, NULL, '2013-10-30 01:44:43'),
(2423, 81, 1004, '14:00:00', NULL, 0, NULL, '2013-11-02 01:28:06'),
(2424, 81, 1005, '14:00:00', NULL, 0, NULL, '2013-10-30 01:44:04'),
(2425, 81, 1006, '14:00:00', NULL, 0, NULL, '2013-10-30 01:44:04'),
(2426, 81, 1007, '14:00:00', NULL, 0, NULL, '2013-10-30 01:44:04'),
(2427, 81, 1008, '14:00:00', NULL, 0, NULL, '2013-10-30 01:44:04'),
(2428, 81, 1009, '14:00:00', NULL, 0, NULL, '2013-10-30 01:44:04'),
(2429, 81, 1010, '14:00:00', NULL, 0, NULL, '2013-10-30 01:44:04'),
(2430, 81, 1011, '14:00:00', NULL, 0, NULL, '2013-10-30 01:44:04'),
(2431, 81, 1012, '14:00:00', NULL, 0, NULL, '2013-10-30 01:44:04'),
(2432, 81, 1013, '14:00:00', NULL, 0, NULL, '2013-10-30 01:44:04'),
(2433, 81, 1014, '14:00:00', NULL, 0, NULL, '2013-10-30 01:44:04'),
(2434, 81, 1015, '14:00:00', NULL, 0, NULL, '2013-10-30 01:44:04'),
(2435, 81, 1016, '14:00:00', NULL, 0, NULL, '2013-10-30 01:44:04'),
(2436, 81, 1017, '14:00:00', NULL, 0, NULL, '2013-10-30 01:44:04'),
(2437, 81, 1018, '14:00:00', NULL, 0, NULL, '2013-10-30 01:44:04'),
(2438, 81, 1019, '14:00:00', NULL, 0, NULL, '2013-10-30 01:44:04'),
(2439, 81, 1020, '14:00:00', NULL, 0, NULL, '2013-10-30 01:44:04'),
(2440, 81, 1021, '14:00:00', NULL, 0, NULL, '2013-10-30 01:44:04'),
(2441, 81, 1022, '14:00:00', NULL, 0, NULL, '2013-10-30 01:44:04'),
(2442, 81, 1023, '14:00:00', NULL, 0, NULL, '2013-10-30 01:44:04'),
(2443, 81, 1024, '14:00:00', NULL, 0, NULL, '2013-10-30 01:44:04'),
(2444, 81, 1025, '14:00:00', NULL, 0, NULL, '2013-10-30 01:44:04'),
(2445, 81, 1026, '14:00:00', NULL, 0, NULL, '2013-10-30 01:44:04'),
(2446, 81, 1027, '14:00:00', NULL, 0, NULL, '2013-10-30 01:44:04'),
(2447, 81, 1028, '14:00:00', NULL, 0, NULL, '2013-10-30 01:44:04'),
(2448, 81, 1029, '14:00:00', NULL, 0, NULL, '2013-10-30 01:44:04'),
(2449, 81, 1030, '14:00:00', NULL, 0, NULL, '2013-10-30 01:44:04'),
(2450, 82, 1000, '14:00:00', 'Sucio', 2, NULL, '2013-10-30 01:44:43'),
(2451, 82, 1001, '14:00:00', 'Sucio', 1, NULL, '2013-10-30 01:44:43'),
(2452, 82, 1002, '14:00:00', 'Sucio', 0.275, NULL, '2013-10-30 01:44:43'),
(2453, 82, 1003, '14:00:00', 'Sucio', 1, NULL, '2013-10-30 01:44:43'),
(2454, 82, 1004, '14:00:00', NULL, 0, NULL, '2013-11-02 01:28:06'),
(2455, 82, 1005, '14:00:00', NULL, 0, NULL, '2013-10-30 01:44:04'),
(2456, 82, 1006, '14:00:00', NULL, 0, NULL, '2013-10-30 01:44:04'),
(2457, 82, 1007, '14:00:00', NULL, 0, NULL, '2013-10-30 01:44:04'),
(2458, 82, 1008, '14:00:00', NULL, 0, NULL, '2013-10-30 01:44:04'),
(2459, 82, 1009, '14:00:00', NULL, 0, NULL, '2013-10-30 01:44:04'),
(2460, 82, 1010, '14:00:00', NULL, 0, NULL, '2013-10-30 01:44:04'),
(2461, 82, 1011, '14:00:00', NULL, 0, NULL, '2013-10-30 01:44:04'),
(2462, 82, 1012, '14:00:00', NULL, 0, NULL, '2013-10-30 01:44:04'),
(2463, 82, 1013, '14:00:00', NULL, 0, NULL, '2013-10-30 01:44:04'),
(2464, 82, 1014, '14:00:00', NULL, 0, NULL, '2013-10-30 01:44:04'),
(2465, 82, 1015, '14:00:00', NULL, 0, NULL, '2013-10-30 01:44:04'),
(2466, 82, 1016, '14:00:00', NULL, 0, NULL, '2013-10-30 01:44:04'),
(2467, 82, 1017, '14:00:00', NULL, 0, NULL, '2013-10-30 01:44:04'),
(2468, 82, 1018, '14:00:00', NULL, 0, NULL, '2013-10-30 01:44:04'),
(2469, 82, 1019, '14:00:00', NULL, 0, NULL, '2013-10-30 01:44:04'),
(2470, 82, 1020, '14:00:00', NULL, 0, NULL, '2013-10-30 01:44:04'),
(2471, 82, 1021, '14:00:00', NULL, 0, NULL, '2013-10-30 01:44:04'),
(2472, 82, 1022, '14:00:00', NULL, 0, NULL, '2013-10-30 01:44:04'),
(2473, 82, 1023, '14:00:00', NULL, 0, NULL, '2013-10-30 01:44:04'),
(2474, 82, 1024, '14:00:00', NULL, 0, NULL, '2013-10-30 01:44:04'),
(2475, 82, 1025, '14:00:00', NULL, 0, NULL, '2013-10-30 01:44:04'),
(2476, 82, 1026, '14:00:00', NULL, 0, NULL, '2013-10-30 01:44:04'),
(2477, 82, 1027, '14:00:00', NULL, 0, NULL, '2013-10-30 01:44:04'),
(2478, 82, 1028, '14:00:00', NULL, 0, NULL, '2013-10-30 01:44:04'),
(2479, 82, 1029, '14:00:00', NULL, 0, NULL, '2013-10-30 01:44:04'),
(2480, 82, 1030, '14:00:00', NULL, 0, NULL, '2013-10-30 01:44:04'),
(2481, 83, 1000, '14:00:00', 'Sucio', 2, NULL, '2013-10-30 01:44:43'),
(2482, 83, 1001, '14:00:00', 'Sucio', 1, NULL, '2013-10-30 01:44:43'),
(2483, 83, 1002, '14:00:00', 'Sucio', 0.275, NULL, '2013-10-30 01:44:43'),
(2484, 83, 1003, '14:00:00', 'Sucio', 1, NULL, '2013-10-30 01:44:43'),
(2485, 83, 1004, '14:00:00', NULL, 0, NULL, '2013-11-02 01:28:06'),
(2486, 83, 1005, '14:00:00', NULL, 0, NULL, '2013-10-30 01:44:04'),
(2487, 83, 1006, '14:00:00', NULL, 0, NULL, '2013-10-30 01:44:04'),
(2488, 83, 1007, '14:00:00', NULL, 0, NULL, '2013-10-30 01:44:04'),
(2489, 83, 1008, '14:00:00', NULL, 0, NULL, '2013-10-30 01:44:04'),
(2490, 83, 1009, '14:00:00', NULL, 0, NULL, '2013-10-30 01:44:04'),
(2491, 83, 1010, '14:00:00', NULL, 0, NULL, '2013-10-30 01:44:04'),
(2492, 83, 1011, '14:00:00', NULL, 0, NULL, '2013-10-30 01:44:04'),
(2493, 83, 1012, '14:00:00', NULL, 0, NULL, '2013-10-30 01:44:04'),
(2494, 83, 1013, '14:00:00', NULL, 0, NULL, '2013-10-30 01:44:04'),
(2495, 83, 1014, '14:00:00', NULL, 0, NULL, '2013-10-30 01:44:04'),
(2496, 83, 1015, '14:00:00', NULL, 0, NULL, '2013-10-30 01:44:04'),
(2497, 83, 1016, '14:00:00', NULL, 0, NULL, '2013-10-30 01:44:04'),
(2498, 83, 1017, '14:00:00', NULL, 0, NULL, '2013-10-30 01:44:04'),
(2499, 83, 1018, '14:00:00', NULL, 0, NULL, '2013-10-30 01:44:04'),
(2500, 83, 1019, '14:00:00', NULL, 0, NULL, '2013-10-30 01:44:04'),
(2501, 83, 1020, '14:00:00', NULL, 0, NULL, '2013-10-30 01:44:04'),
(2502, 83, 1021, '14:00:00', NULL, 0, NULL, '2013-10-30 01:44:04'),
(2503, 83, 1022, '14:00:00', NULL, 0, NULL, '2013-10-30 01:44:04'),
(2504, 83, 1023, '14:00:00', NULL, 0, NULL, '2013-10-30 01:44:04'),
(2505, 83, 1024, '14:00:00', NULL, 0, NULL, '2013-10-30 01:44:04'),
(2506, 83, 1025, '14:00:00', NULL, 0, NULL, '2013-10-30 01:44:04'),
(2507, 83, 1026, '14:00:00', NULL, 0, NULL, '2013-10-30 01:44:04'),
(2508, 83, 1027, '14:00:00', NULL, 0, NULL, '2013-10-30 01:44:04'),
(2509, 83, 1028, '14:00:00', NULL, 0, NULL, '2013-10-30 01:44:04'),
(2510, 83, 1029, '14:00:00', NULL, 0, NULL, '2013-10-30 01:44:04'),
(2511, 83, 1030, '14:00:00', NULL, 0, NULL, '2013-10-30 01:44:04'),
(2512, 84, 1000, '14:00:00', 'Sucio', 2, NULL, '2013-10-30 01:44:43'),
(2513, 84, 1001, '14:00:00', 'Sucio', 1, NULL, '2013-10-30 01:44:43'),
(2514, 84, 1002, '14:00:00', 'Sucio', 0.275, NULL, '2013-10-30 01:44:43'),
(2515, 84, 1003, '14:00:00', 'Sucio', 1, NULL, '2013-10-30 01:44:43'),
(2516, 84, 1004, '14:00:00', NULL, 0, NULL, '2013-11-02 01:28:06'),
(2517, 84, 1005, '14:00:00', NULL, 0, NULL, '2013-10-30 01:44:04'),
(2518, 84, 1006, '14:00:00', NULL, 0, NULL, '2013-10-30 01:44:04'),
(2519, 84, 1007, '14:00:00', NULL, 0, NULL, '2013-10-30 01:44:04'),
(2520, 84, 1008, '14:00:00', NULL, 0, NULL, '2013-10-30 01:44:04'),
(2521, 84, 1009, '14:00:00', NULL, 0, NULL, '2013-10-30 01:44:04'),
(2522, 84, 1010, '14:00:00', NULL, 0, NULL, '2013-10-30 01:44:04'),
(2523, 84, 1011, '14:00:00', NULL, 0, NULL, '2013-10-30 01:44:04'),
(2524, 84, 1012, '14:00:00', NULL, 0, NULL, '2013-10-30 01:44:04'),
(2525, 84, 1013, '14:00:00', NULL, 0, NULL, '2013-10-30 01:44:04'),
(2526, 84, 1014, '14:00:00', NULL, 0, NULL, '2013-10-30 01:44:04'),
(2527, 84, 1015, '14:00:00', NULL, 0, NULL, '2013-10-30 01:44:04'),
(2528, 84, 1016, '14:00:00', NULL, 0, NULL, '2013-10-30 01:44:04'),
(2529, 84, 1017, '14:00:00', NULL, 0, NULL, '2013-10-30 01:44:04'),
(2530, 84, 1018, '14:00:00', NULL, 0, NULL, '2013-10-30 01:44:04'),
(2531, 84, 1019, '14:00:00', NULL, 0, NULL, '2013-10-30 01:44:04'),
(2532, 84, 1020, '14:00:00', NULL, 0, NULL, '2013-10-30 01:44:04'),
(2533, 84, 1021, '14:00:00', NULL, 0, NULL, '2013-10-30 01:44:04'),
(2534, 84, 1022, '14:00:00', NULL, 0, NULL, '2013-10-30 01:44:04'),
(2535, 84, 1023, '14:00:00', NULL, 0, NULL, '2013-10-30 01:44:04'),
(2536, 84, 1024, '14:00:00', NULL, 0, NULL, '2013-10-30 01:44:04'),
(2537, 84, 1025, '14:00:00', NULL, 0, NULL, '2013-10-30 01:44:04'),
(2538, 84, 1026, '14:00:00', NULL, 0, NULL, '2013-10-30 01:44:04'),
(2539, 84, 1027, '14:00:00', NULL, 0, NULL, '2013-10-30 01:44:04'),
(2540, 84, 1028, '14:00:00', NULL, 0, NULL, '2013-10-30 01:44:04'),
(2541, 84, 1029, '14:00:00', NULL, 0, NULL, '2013-10-30 01:44:04'),
(2542, 84, 1030, '14:00:00', NULL, 0, NULL, '2013-10-30 01:44:04'),
(2543, 85, 1000, '14:00:00', 'Sucio', 2, NULL, '2013-10-30 01:44:43'),
(2544, 85, 1001, '14:00:00', 'Sucio', 1, NULL, '2013-10-30 01:44:43'),
(2545, 85, 1002, '14:00:00', 'Sucio', 0.275, NULL, '2013-10-30 01:44:43'),
(2546, 85, 1003, '14:00:00', 'Sucio', 1, NULL, '2013-10-30 01:44:43'),
(2547, 85, 1004, '14:00:00', NULL, 0.8, NULL, '2013-11-02 01:35:50'),
(2548, 85, 1005, '14:00:00', NULL, 0, NULL, '2013-10-30 01:44:04'),
(2549, 85, 1006, '14:00:00', NULL, 0, NULL, '2013-10-30 01:44:04'),
(2550, 85, 1007, '14:00:00', NULL, 0, NULL, '2013-10-30 01:44:04'),
(2551, 85, 1008, '14:00:00', NULL, 0, NULL, '2013-10-30 01:44:04'),
(2552, 85, 1009, '14:00:00', NULL, 0, NULL, '2013-10-30 01:44:04'),
(2553, 85, 1010, '14:00:00', NULL, 0, NULL, '2013-10-30 01:44:04'),
(2554, 85, 1011, '14:00:00', NULL, 0, NULL, '2013-10-30 01:44:04'),
(2555, 85, 1012, '14:00:00', NULL, 0, NULL, '2013-10-30 01:44:04'),
(2556, 85, 1013, '14:00:00', NULL, 0, NULL, '2013-10-30 01:44:04'),
(2557, 85, 1014, '14:00:00', NULL, 0, NULL, '2013-10-30 01:44:04'),
(2558, 85, 1015, '14:00:00', NULL, 0, NULL, '2013-10-30 01:44:04'),
(2559, 85, 1016, '14:00:00', NULL, 0, NULL, '2013-10-30 01:44:04'),
(2560, 85, 1017, '14:00:00', NULL, 0, NULL, '2013-10-30 01:44:04'),
(2561, 85, 1018, '14:00:00', NULL, 0, NULL, '2013-10-30 01:44:04'),
(2562, 85, 1019, '14:00:00', NULL, 0, NULL, '2013-10-30 01:44:04'),
(2563, 85, 1020, '14:00:00', NULL, 0, NULL, '2013-10-30 01:44:04'),
(2564, 85, 1021, '14:00:00', NULL, 0, NULL, '2013-10-30 01:44:04'),
(2565, 85, 1022, '14:00:00', NULL, 0, NULL, '2013-10-30 01:44:04'),
(2566, 85, 1023, '14:00:00', NULL, 0, NULL, '2013-10-30 01:44:04'),
(2567, 85, 1024, '14:00:00', NULL, 0, NULL, '2013-10-30 01:44:04'),
(2568, 85, 1025, '14:00:00', NULL, 0, NULL, '2013-10-30 01:44:04'),
(2569, 85, 1026, '14:00:00', NULL, 0, NULL, '2013-10-30 01:44:04'),
(2570, 85, 1027, '14:00:00', NULL, 0, NULL, '2013-10-30 01:44:04'),
(2571, 85, 1028, '14:00:00', NULL, 0, NULL, '2013-10-30 01:44:04'),
(2572, 85, 1029, '14:00:00', NULL, 0, NULL, '2013-10-30 01:44:04'),
(2573, 85, 1030, '14:00:00', NULL, 0, NULL, '2013-10-30 01:44:04'),
(2574, 86, 1000, '14:00:00', 'Sucio', 2, NULL, '2013-10-30 01:44:43'),
(2575, 86, 1001, '14:00:00', 'Sucio', 1, NULL, '2013-10-30 01:44:43'),
(2576, 86, 1002, '14:00:00', 'Sucio', 0.275, NULL, '2013-10-30 01:44:43'),
(2577, 86, 1003, '14:00:00', 'Sucio', 1, NULL, '2013-10-30 01:44:43'),
(2578, 86, 1004, '14:00:00', NULL, 0, NULL, '2013-11-02 01:28:06'),
(2579, 86, 1005, '14:00:00', NULL, 0, NULL, '2013-10-30 01:44:04'),
(2580, 86, 1006, '14:00:00', NULL, 0, NULL, '2013-10-30 01:44:04'),
(2581, 86, 1007, '14:00:00', NULL, 0, NULL, '2013-10-30 01:44:04'),
(2582, 86, 1008, '14:00:00', NULL, 0, NULL, '2013-10-30 01:44:04'),
(2583, 86, 1009, '14:00:00', NULL, 0, NULL, '2013-10-30 01:44:04'),
(2584, 86, 1010, '14:00:00', NULL, 0, NULL, '2013-10-30 01:44:04'),
(2585, 86, 1011, '14:00:00', NULL, 0, NULL, '2013-10-30 01:44:04'),
(2586, 86, 1012, '14:00:00', NULL, 0, NULL, '2013-10-30 01:44:04'),
(2587, 86, 1013, '14:00:00', NULL, 0, NULL, '2013-10-30 01:44:04'),
(2588, 86, 1014, '14:00:00', NULL, 0, NULL, '2013-10-30 01:44:04'),
(2589, 86, 1015, '14:00:00', NULL, 0, NULL, '2013-10-30 01:44:04'),
(2590, 86, 1016, '14:00:00', NULL, 0, NULL, '2013-10-30 01:44:04'),
(2591, 86, 1017, '14:00:00', NULL, 0, NULL, '2013-10-30 01:44:04'),
(2592, 86, 1018, '14:00:00', NULL, 0, NULL, '2013-10-30 01:44:04'),
(2593, 86, 1019, '14:00:00', NULL, 0, NULL, '2013-10-30 01:44:04'),
(2594, 86, 1020, '14:00:00', NULL, 0, NULL, '2013-10-30 01:44:04'),
(2595, 86, 1021, '14:00:00', NULL, 0, NULL, '2013-10-30 01:44:04'),
(2596, 86, 1022, '14:00:00', NULL, 0, NULL, '2013-10-30 01:44:04'),
(2597, 86, 1023, '14:00:00', NULL, 0, NULL, '2013-10-30 01:44:04'),
(2598, 86, 1024, '14:00:00', NULL, 0, NULL, '2013-10-30 01:44:04'),
(2599, 86, 1025, '14:00:00', NULL, 0, NULL, '2013-10-30 01:44:04'),
(2600, 86, 1026, '14:00:00', NULL, 0, NULL, '2013-10-30 01:44:04'),
(2601, 86, 1027, '14:00:00', NULL, 0, NULL, '2013-10-30 01:44:04'),
(2602, 86, 1028, '14:00:00', NULL, 0, NULL, '2013-10-30 01:44:04'),
(2603, 86, 1029, '14:00:00', NULL, 0, NULL, '2013-10-30 01:44:04'),
(2604, 86, 1030, '14:00:00', NULL, 0, NULL, '2013-10-30 01:44:04'),
(2605, 87, 1000, '14:00:00', 'Sucio', 2, NULL, '2013-10-30 01:44:43'),
(2606, 87, 1001, '14:00:00', 'Sucio', 1, NULL, '2013-10-30 01:44:43'),
(2607, 87, 1002, '14:00:00', 'Sucio', 0.275, NULL, '2013-10-30 01:44:43'),
(2608, 87, 1003, '14:00:00', 'Sucio', 1, NULL, '2013-10-30 01:44:43'),
(2609, 87, 1004, '14:00:00', NULL, 0, NULL, '2013-11-02 01:28:06'),
(2610, 87, 1005, '14:00:00', NULL, 0, NULL, '2013-10-30 01:44:04'),
(2611, 87, 1006, '14:00:00', NULL, 0, NULL, '2013-10-30 01:44:04'),
(2612, 87, 1007, '14:00:00', NULL, 0, NULL, '2013-10-30 01:44:04'),
(2613, 87, 1008, '14:00:00', NULL, 0, NULL, '2013-10-30 01:44:04'),
(2614, 87, 1009, '14:00:00', NULL, 0, NULL, '2013-10-30 01:44:04'),
(2615, 87, 1010, '14:00:00', NULL, 0, NULL, '2013-10-30 01:44:04'),
(2616, 87, 1011, '14:00:00', NULL, 0, NULL, '2013-10-30 01:44:04'),
(2617, 87, 1012, '14:00:00', NULL, 0, NULL, '2013-10-30 01:44:04'),
(2618, 87, 1013, '14:00:00', NULL, 0, NULL, '2013-10-30 01:44:04'),
(2619, 87, 1014, '14:00:00', NULL, 0, NULL, '2013-10-30 01:44:04'),
(2620, 87, 1015, '14:00:00', NULL, 0, NULL, '2013-10-30 01:44:04'),
(2621, 87, 1016, '14:00:00', NULL, 0, NULL, '2013-10-30 01:44:04'),
(2622, 87, 1017, '14:00:00', NULL, 0, NULL, '2013-10-30 01:44:04'),
(2623, 87, 1018, '14:00:00', NULL, 0, NULL, '2013-10-30 01:44:04'),
(2624, 87, 1019, '14:00:00', NULL, 0, NULL, '2013-10-30 01:44:04'),
(2625, 87, 1020, '14:00:00', NULL, 0, NULL, '2013-10-30 01:44:04'),
(2626, 87, 1021, '14:00:00', NULL, 0, NULL, '2013-10-30 01:44:04'),
(2627, 87, 1022, '14:00:00', NULL, 0, NULL, '2013-10-30 01:44:04'),
(2628, 87, 1023, '14:00:00', NULL, 0, NULL, '2013-10-30 01:44:04'),
(2629, 87, 1024, '14:00:00', NULL, 0, NULL, '2013-10-30 01:44:04'),
(2630, 87, 1025, '14:00:00', NULL, 0, NULL, '2013-10-30 01:44:04'),
(2631, 87, 1026, '14:00:00', NULL, 0, NULL, '2013-10-30 01:44:04'),
(2632, 87, 1027, '14:00:00', NULL, 0, NULL, '2013-10-30 01:44:04'),
(2633, 87, 1028, '14:00:00', NULL, 0, NULL, '2013-10-30 01:44:04'),
(2634, 87, 1029, '14:00:00', NULL, 0, NULL, '2013-10-30 01:44:04'),
(2635, 87, 1030, '14:00:00', NULL, 0, NULL, '2013-10-30 01:44:04'),
(2636, 88, 1000, '14:00:00', 'Sucio', 2, NULL, '2013-10-30 01:44:43'),
(2637, 88, 1001, '14:00:00', 'Sucio', 1, NULL, '2013-10-30 01:44:43'),
(2638, 88, 1002, '14:00:00', 'Sucio', 0.275, NULL, '2013-10-30 01:44:43'),
(2639, 88, 1003, '14:00:00', 'Sucio', 1, NULL, '2013-10-30 01:44:43'),
(2640, 88, 1004, '14:00:00', NULL, 0, NULL, '2013-11-02 01:28:06'),
(2641, 88, 1005, '14:00:00', NULL, 0, NULL, '2013-10-30 01:44:04'),
(2642, 88, 1006, '14:00:00', NULL, 0, NULL, '2013-10-30 01:44:04'),
(2643, 88, 1007, '14:00:00', NULL, 0, NULL, '2013-10-30 01:44:04'),
(2644, 88, 1008, '14:00:00', NULL, 0, NULL, '2013-10-30 01:44:04'),
(2645, 88, 1009, '14:00:00', NULL, 0, NULL, '2013-10-30 01:44:04'),
(2646, 88, 1010, '14:00:00', NULL, 0, NULL, '2013-10-30 01:44:04'),
(2647, 88, 1011, '14:00:00', NULL, 0, NULL, '2013-10-30 01:44:04'),
(2648, 88, 1012, '14:00:00', NULL, 0, NULL, '2013-10-30 01:44:04'),
(2649, 88, 1013, '14:00:00', NULL, 0, NULL, '2013-10-30 01:44:04'),
(2650, 88, 1014, '14:00:00', NULL, 0, NULL, '2013-10-30 01:44:04'),
(2651, 88, 1015, '14:00:00', NULL, 0, NULL, '2013-10-30 01:44:04'),
(2652, 88, 1016, '14:00:00', NULL, 0, NULL, '2013-10-30 01:44:04'),
(2653, 88, 1017, '14:00:00', NULL, 0, NULL, '2013-10-30 01:44:04'),
(2654, 88, 1018, '14:00:00', NULL, 0, NULL, '2013-10-30 01:44:04'),
(2655, 88, 1019, '14:00:00', NULL, 0, NULL, '2013-10-30 01:44:04'),
(2656, 88, 1020, '14:00:00', NULL, 0, NULL, '2013-10-30 01:44:04'),
(2657, 88, 1021, '14:00:00', NULL, 0, NULL, '2013-10-30 01:44:04'),
(2658, 88, 1022, '14:00:00', NULL, 0, NULL, '2013-10-30 01:44:04'),
(2659, 88, 1023, '14:00:00', NULL, 0, NULL, '2013-10-30 01:44:04'),
(2660, 88, 1024, '14:00:00', NULL, 0, NULL, '2013-10-30 01:44:04'),
(2661, 88, 1025, '14:00:00', NULL, 0, NULL, '2013-10-30 01:44:04'),
(2662, 88, 1026, '14:00:00', NULL, 0, NULL, '2013-10-30 01:44:04'),
(2663, 88, 1027, '14:00:00', NULL, 0, NULL, '2013-10-30 01:44:04'),
(2664, 88, 1028, '14:00:00', NULL, 0, NULL, '2013-10-30 01:44:04'),
(2665, 88, 1029, '14:00:00', NULL, 0, NULL, '2013-10-30 01:44:04'),
(2666, 88, 1030, '14:00:00', NULL, 0, NULL, '2013-10-30 01:44:04'),
(2667, 89, 1000, '14:00:00', 'Sucio', 2, NULL, '2013-10-30 01:44:43'),
(2668, 89, 1001, '14:00:00', 'Sucio', 1, NULL, '2013-10-30 01:44:43'),
(2669, 89, 1002, '14:00:00', 'Sucio', 0.275, NULL, '2013-10-30 01:44:43'),
(2670, 89, 1003, '14:00:00', 'Sucio', 1, NULL, '2013-10-30 01:44:43'),
(2671, 89, 1004, '14:00:00', NULL, 0.8, NULL, '2013-11-02 01:35:58'),
(2672, 89, 1005, '14:00:00', NULL, 0, NULL, '2013-10-30 01:44:04'),
(2673, 89, 1006, '14:00:00', NULL, 0, NULL, '2013-10-30 01:44:04'),
(2674, 89, 1007, '14:00:00', NULL, 0, NULL, '2013-10-30 01:44:04'),
(2675, 89, 1008, '14:00:00', NULL, 0, NULL, '2013-10-30 01:44:04'),
(2676, 89, 1009, '14:00:00', NULL, 0, NULL, '2013-10-30 01:44:04'),
(2677, 89, 1010, '14:00:00', NULL, 0, NULL, '2013-10-30 01:44:04'),
(2678, 89, 1011, '14:00:00', NULL, 0, NULL, '2013-10-30 01:44:04'),
(2679, 89, 1012, '14:00:00', NULL, 0, NULL, '2013-10-30 01:44:04'),
(2680, 89, 1013, '14:00:00', NULL, 0, NULL, '2013-10-30 01:44:04'),
(2681, 89, 1014, '14:00:00', NULL, 0, NULL, '2013-10-30 01:44:04'),
(2682, 89, 1015, '14:00:00', NULL, 0, NULL, '2013-10-30 01:44:04'),
(2683, 89, 1016, '14:00:00', NULL, 0, NULL, '2013-10-30 01:44:04'),
(2684, 89, 1017, '14:00:00', NULL, 0, NULL, '2013-10-30 01:44:04'),
(2685, 89, 1018, '14:00:00', NULL, 0, NULL, '2013-10-30 01:44:04'),
(2686, 89, 1019, '14:00:00', NULL, 0, NULL, '2013-10-30 01:44:04'),
(2687, 89, 1020, '14:00:00', NULL, 0, NULL, '2013-10-30 01:44:04'),
(2688, 89, 1021, '14:00:00', NULL, 0, NULL, '2013-10-30 01:44:04'),
(2689, 89, 1022, '14:00:00', NULL, 0, NULL, '2013-10-30 01:44:04'),
(2690, 89, 1023, '14:00:00', NULL, 0, NULL, '2013-10-30 01:44:04'),
(2691, 89, 1024, '14:00:00', NULL, 0, NULL, '2013-10-30 01:44:04'),
(2692, 89, 1025, '14:00:00', NULL, 0, NULL, '2013-10-30 01:44:04'),
(2693, 89, 1026, '14:00:00', NULL, 0, NULL, '2013-10-30 01:44:04'),
(2694, 89, 1027, '14:00:00', NULL, 0, NULL, '2013-10-30 01:44:04'),
(2695, 89, 1028, '14:00:00', NULL, 0, NULL, '2013-10-30 01:44:04'),
(2696, 89, 1029, '14:00:00', NULL, 0, NULL, '2013-10-30 01:44:04'),
(2697, 89, 1030, '14:00:00', NULL, 0, NULL, '2013-10-30 01:44:04'),
(2698, 90, 1000, '14:00:00', 'Sucio', 2, NULL, '2013-10-30 01:44:43'),
(2699, 90, 1001, '14:00:00', 'Sucio', 1, NULL, '2013-10-30 01:44:43'),
(2700, 90, 1002, '14:00:00', 'Sucio', 0.275, NULL, '2013-10-30 01:44:43'),
(2701, 90, 1003, '14:00:00', 'Sucio', 1, NULL, '2013-10-30 01:44:43'),
(2702, 90, 1004, '14:00:00', NULL, 0, NULL, '2013-11-02 01:28:06'),
(2703, 90, 1005, '14:00:00', NULL, 0, NULL, '2013-10-30 01:44:04'),
(2704, 90, 1006, '14:00:00', NULL, 0, NULL, '2013-10-30 01:44:04'),
(2705, 90, 1007, '14:00:00', NULL, 0, NULL, '2013-10-30 01:44:04'),
(2706, 90, 1008, '14:00:00', NULL, 0, NULL, '2013-10-30 01:44:04'),
(2707, 90, 1009, '14:00:00', NULL, 0, NULL, '2013-10-30 01:44:04'),
(2708, 90, 1010, '14:00:00', NULL, 0, NULL, '2013-10-30 01:44:04'),
(2709, 90, 1011, '14:00:00', NULL, 0, NULL, '2013-10-30 01:44:04'),
(2710, 90, 1012, '14:00:00', NULL, 0, NULL, '2013-10-30 01:44:04'),
(2711, 90, 1013, '14:00:00', NULL, 0, NULL, '2013-10-30 01:44:04'),
(2712, 90, 1014, '14:00:00', NULL, 0, NULL, '2013-10-30 01:44:04'),
(2713, 90, 1015, '14:00:00', NULL, 0, NULL, '2013-10-30 01:44:04'),
(2714, 90, 1016, '14:00:00', NULL, 0, NULL, '2013-10-30 01:44:04'),
(2715, 90, 1017, '14:00:00', NULL, 0, NULL, '2013-10-30 01:44:04'),
(2716, 90, 1018, '14:00:00', NULL, 0, NULL, '2013-10-30 01:44:04'),
(2717, 90, 1019, '14:00:00', NULL, 0, NULL, '2013-10-30 01:44:04'),
(2718, 90, 1020, '14:00:00', NULL, 0, NULL, '2013-10-30 01:44:04'),
(2719, 90, 1021, '14:00:00', NULL, 0, NULL, '2013-10-30 01:44:04'),
(2720, 90, 1022, '14:00:00', NULL, 0, NULL, '2013-10-30 01:44:04'),
(2721, 90, 1023, '14:00:00', NULL, 0, NULL, '2013-10-30 01:44:04'),
(2722, 90, 1024, '14:00:00', NULL, 0, NULL, '2013-10-30 01:44:04'),
(2723, 90, 1025, '14:00:00', NULL, 0, NULL, '2013-10-30 01:44:04'),
(2724, 90, 1026, '14:00:00', NULL, 0, NULL, '2013-10-30 01:44:04'),
(2725, 90, 1027, '14:00:00', NULL, 0, NULL, '2013-10-30 01:44:04'),
(2726, 90, 1028, '14:00:00', NULL, 0, NULL, '2013-10-30 01:44:04'),
(2727, 90, 1029, '14:00:00', NULL, 0, NULL, '2013-10-30 01:44:04'),
(2728, 90, 1030, '14:00:00', NULL, 0, NULL, '2013-10-30 01:44:04'),
(2729, 91, 1000, '14:00:00', 'Sucio', 2, NULL, '2013-10-30 01:44:43'),
(2730, 91, 1001, '14:00:00', 'Sucio', 1, NULL, '2013-10-30 01:44:43'),
(2731, 91, 1002, '14:00:00', 'Sucio', 0.275, NULL, '2013-10-30 01:44:43'),
(2732, 91, 1003, '14:00:00', 'Sucio', 1, NULL, '2013-10-30 01:44:43'),
(2733, 91, 1004, '14:00:00', NULL, 0, NULL, '2013-11-02 01:28:06'),
(2734, 91, 1005, '14:00:00', NULL, 0, NULL, '2013-10-30 01:44:04'),
(2735, 91, 1006, '14:00:00', NULL, 0, NULL, '2013-10-30 01:44:04'),
(2736, 91, 1007, '14:00:00', NULL, 0, NULL, '2013-10-30 01:44:04'),
(2737, 91, 1008, '14:00:00', NULL, 0, NULL, '2013-10-30 01:44:04'),
(2738, 91, 1009, '14:00:00', NULL, 0, NULL, '2013-10-30 01:44:04'),
(2739, 91, 1010, '14:00:00', NULL, 0, NULL, '2013-10-30 01:44:04'),
(2740, 91, 1011, '14:00:00', NULL, 0, NULL, '2013-10-30 01:44:04'),
(2741, 91, 1012, '14:00:00', NULL, 0, NULL, '2013-10-30 01:44:04'),
(2742, 91, 1013, '14:00:00', NULL, 0, NULL, '2013-10-30 01:44:04'),
(2743, 91, 1014, '14:00:00', NULL, 0, NULL, '2013-10-30 01:44:04'),
(2744, 91, 1015, '14:00:00', NULL, 0, NULL, '2013-10-30 01:44:04'),
(2745, 91, 1016, '14:00:00', NULL, 0, NULL, '2013-10-30 01:44:04'),
(2746, 91, 1017, '14:00:00', NULL, 0, NULL, '2013-10-30 01:44:04'),
(2747, 91, 1018, '14:00:00', NULL, 0, NULL, '2013-10-30 01:44:04'),
(2748, 91, 1019, '14:00:00', NULL, 0, NULL, '2013-10-30 01:44:04'),
(2749, 91, 1020, '14:00:00', NULL, 0, NULL, '2013-10-30 01:44:04'),
(2750, 91, 1021, '14:00:00', NULL, 0, NULL, '2013-10-30 01:44:04'),
(2751, 91, 1022, '14:00:00', NULL, 0, NULL, '2013-10-30 01:44:04'),
(2752, 91, 1023, '14:00:00', NULL, 0, NULL, '2013-10-30 01:44:04'),
(2753, 91, 1024, '14:00:00', NULL, 0, NULL, '2013-10-30 01:44:04'),
(2754, 91, 1025, '14:00:00', NULL, 0, NULL, '2013-10-30 01:44:04'),
(2755, 91, 1026, '14:00:00', NULL, 0, NULL, '2013-10-30 01:44:04'),
(2756, 91, 1027, '14:00:00', NULL, 0, NULL, '2013-10-30 01:44:04'),
(2757, 91, 1028, '14:00:00', NULL, 0, NULL, '2013-10-30 01:44:04'),
(2758, 91, 1029, '14:00:00', NULL, 0, NULL, '2013-10-30 01:44:04'),
(2759, 91, 1030, '14:00:00', NULL, 0, NULL, '2013-10-30 01:44:04'),
(2760, 92, 1000, '14:00:00', 'Sucio', 2, NULL, '2013-10-30 01:44:43'),
(2761, 92, 1001, '14:00:00', 'Sucio', 1, NULL, '2013-10-30 01:44:43'),
(2762, 92, 1002, '14:00:00', 'Sucio', 0.275, NULL, '2013-10-30 01:44:43'),
(2763, 92, 1003, '14:00:00', 'Sucio', 1, NULL, '2013-10-30 01:44:43'),
(2764, 92, 1004, '14:00:00', NULL, 0.8, NULL, '2013-11-02 01:36:07'),
(2765, 92, 1005, '14:00:00', NULL, 0, NULL, '2013-10-30 01:44:04'),
(2766, 92, 1006, '14:00:00', NULL, 0, NULL, '2013-10-30 01:44:04'),
(2767, 92, 1007, '14:00:00', NULL, 0, NULL, '2013-10-30 01:44:04'),
(2768, 92, 1008, '14:00:00', NULL, 0, NULL, '2013-10-30 01:44:04'),
(2769, 92, 1009, '14:00:00', NULL, 0, NULL, '2013-10-30 01:44:04'),
(2770, 92, 1010, '14:00:00', NULL, 0, NULL, '2013-10-30 01:44:04'),
(2771, 92, 1011, '14:00:00', NULL, 0, NULL, '2013-10-30 01:44:04'),
(2772, 92, 1012, '14:00:00', NULL, 0, NULL, '2013-10-30 01:44:04'),
(2773, 92, 1013, '14:00:00', NULL, 0, NULL, '2013-10-30 01:44:04'),
(2774, 92, 1014, '14:00:00', NULL, 0, NULL, '2013-10-30 01:44:04'),
(2775, 92, 1015, '14:00:00', NULL, 0, NULL, '2013-10-30 01:44:04'),
(2776, 92, 1016, '14:00:00', NULL, 0, NULL, '2013-10-30 01:44:04'),
(2777, 92, 1017, '14:00:00', NULL, 0, NULL, '2013-10-30 01:44:04'),
(2778, 92, 1018, '14:00:00', NULL, 0, NULL, '2013-10-30 01:44:04'),
(2779, 92, 1019, '14:00:00', NULL, 0, NULL, '2013-10-30 01:44:04'),
(2780, 92, 1020, '14:00:00', NULL, 0, NULL, '2013-10-30 01:44:04'),
(2781, 92, 1021, '14:00:00', NULL, 0, NULL, '2013-10-30 01:44:04'),
(2782, 92, 1022, '14:00:00', NULL, 0, NULL, '2013-10-30 01:44:04'),
(2783, 92, 1023, '14:00:00', NULL, 0, NULL, '2013-10-30 01:44:04'),
(2784, 92, 1024, '14:00:00', NULL, 0, NULL, '2013-10-30 01:44:04'),
(2785, 92, 1025, '14:00:00', NULL, 0, NULL, '2013-10-30 01:44:04'),
(2786, 92, 1026, '14:00:00', NULL, 0, NULL, '2013-10-30 01:44:04'),
(2787, 92, 1027, '14:00:00', NULL, 0, NULL, '2013-10-30 01:44:04'),
(2788, 92, 1028, '14:00:00', NULL, 0, NULL, '2013-10-30 01:44:04'),
(2789, 92, 1029, '14:00:00', NULL, 0, NULL, '2013-10-30 01:44:04'),
(2790, 92, 1030, '14:00:00', NULL, 0, NULL, '2013-10-30 01:44:04'),
(2791, 93, 1000, '14:00:00', 'Sucio', 2, NULL, '2013-10-30 01:44:43'),
(2792, 93, 1001, '14:00:00', 'Sucio', 1, NULL, '2013-10-30 01:44:43'),
(2793, 93, 1002, '14:00:00', 'Sucio', 0.275, NULL, '2013-10-30 01:44:43'),
(2794, 93, 1003, '14:00:00', 'Sucio', 1, NULL, '2013-10-30 01:44:43'),
(2795, 93, 1004, '14:00:00', NULL, 0, NULL, '2013-11-02 01:28:06'),
(2796, 93, 1005, '14:00:00', NULL, 0, NULL, '2013-10-30 01:44:04'),
(2797, 93, 1006, '14:00:00', NULL, 0, NULL, '2013-10-30 01:44:04'),
(2798, 93, 1007, '14:00:00', NULL, 0, NULL, '2013-10-30 01:44:04'),
(2799, 93, 1008, '14:00:00', NULL, 0, NULL, '2013-10-30 01:44:04'),
(2800, 93, 1009, '14:00:00', NULL, 0, NULL, '2013-10-30 01:44:04'),
(2801, 93, 1010, '14:00:00', NULL, 0, NULL, '2013-10-30 01:44:04'),
(2802, 93, 1011, '14:00:00', NULL, 0, NULL, '2013-10-30 01:44:04'),
(2803, 93, 1012, '14:00:00', NULL, 0, NULL, '2013-10-30 01:44:04'),
(2804, 93, 1013, '14:00:00', NULL, 0, NULL, '2013-10-30 01:44:04'),
(2805, 93, 1014, '14:00:00', NULL, 0, NULL, '2013-10-30 01:44:04'),
(2806, 93, 1015, '14:00:00', NULL, 0, NULL, '2013-10-30 01:44:04'),
(2807, 93, 1016, '14:00:00', NULL, 0, NULL, '2013-10-30 01:44:04'),
(2808, 93, 1017, '14:00:00', NULL, 0, NULL, '2013-10-30 01:44:04'),
(2809, 93, 1018, '14:00:00', NULL, 0, NULL, '2013-10-30 01:44:04'),
(2810, 93, 1019, '14:00:00', NULL, 0, NULL, '2013-10-30 01:44:04'),
(2811, 93, 1020, '14:00:00', NULL, 0, NULL, '2013-10-30 01:44:04'),
(2812, 93, 1021, '14:00:00', NULL, 0, NULL, '2013-10-30 01:44:04'),
(2813, 93, 1022, '14:00:00', NULL, 0, NULL, '2013-10-30 01:44:04'),
(2814, 93, 1023, '14:00:00', NULL, 0, NULL, '2013-10-30 01:44:04'),
(2815, 93, 1024, '14:00:00', NULL, 0, NULL, '2013-10-30 01:44:04'),
(2816, 93, 1025, '14:00:00', NULL, 0, NULL, '2013-10-30 01:44:04'),
(2817, 93, 1026, '14:00:00', NULL, 0, NULL, '2013-10-30 01:44:04'),
(2818, 93, 1027, '14:00:00', NULL, 0, NULL, '2013-10-30 01:44:04'),
(2819, 93, 1028, '14:00:00', NULL, 0, NULL, '2013-10-30 01:44:04'),
(2820, 93, 1029, '14:00:00', NULL, 0, NULL, '2013-10-30 01:44:04'),
(2821, 93, 1030, '14:00:00', NULL, 0, NULL, '2013-10-30 01:44:04'),
(2822, 94, 1000, '14:00:00', 'Sucio', 2, NULL, '2013-10-30 01:44:43'),
(2823, 94, 1001, '14:00:00', 'Sucio', 1, NULL, '2013-10-30 01:44:43'),
(2824, 94, 1002, '14:00:00', 'Sucio', 0.275, NULL, '2013-10-30 01:44:43'),
(2825, 94, 1003, '14:00:00', 'Sucio', 1, NULL, '2013-10-30 01:44:43'),
(2826, 94, 1004, '14:00:00', NULL, 0, NULL, '2013-11-02 01:28:06'),
(2827, 94, 1005, '14:00:00', NULL, 0, NULL, '2013-10-30 01:44:04'),
(2828, 94, 1006, '14:00:00', NULL, 0, NULL, '2013-10-30 01:44:04'),
(2829, 94, 1007, '14:00:00', NULL, 0, NULL, '2013-10-30 01:44:04'),
(2830, 94, 1008, '14:00:00', NULL, 0, NULL, '2013-10-30 01:44:04'),
(2831, 94, 1009, '14:00:00', NULL, 0, NULL, '2013-10-30 01:44:04'),
(2832, 94, 1010, '14:00:00', NULL, 0, NULL, '2013-10-30 01:44:04'),
(2833, 94, 1011, '14:00:00', NULL, 0, NULL, '2013-10-30 01:44:04'),
(2834, 94, 1012, '14:00:00', NULL, 0, NULL, '2013-10-30 01:44:04'),
(2835, 94, 1013, '14:00:00', NULL, 0, NULL, '2013-10-30 01:44:04'),
(2836, 94, 1014, '14:00:00', NULL, 0, NULL, '2013-10-30 01:44:04'),
(2837, 94, 1015, '14:00:00', NULL, 0, NULL, '2013-10-30 01:44:04'),
(2838, 94, 1016, '14:00:00', NULL, 0, NULL, '2013-10-30 01:44:04'),
(2839, 94, 1017, '14:00:00', NULL, 0, NULL, '2013-10-30 01:44:04'),
(2840, 94, 1018, '14:00:00', NULL, 0, NULL, '2013-10-30 01:44:04'),
(2841, 94, 1019, '14:00:00', NULL, 0, NULL, '2013-10-30 01:44:04'),
(2842, 94, 1020, '14:00:00', NULL, 0, NULL, '2013-10-30 01:44:04'),
(2843, 94, 1021, '14:00:00', NULL, 0, NULL, '2013-10-30 01:44:04'),
(2844, 94, 1022, '14:00:00', NULL, 0, NULL, '2013-10-30 01:44:04'),
(2845, 94, 1023, '14:00:00', NULL, 0, NULL, '2013-10-30 01:44:04'),
(2846, 94, 1024, '14:00:00', NULL, 0, NULL, '2013-10-30 01:44:04'),
(2847, 94, 1025, '14:00:00', NULL, 0, NULL, '2013-10-30 01:44:04'),
(2848, 94, 1026, '14:00:00', NULL, 0, NULL, '2013-10-30 01:44:04'),
(2849, 94, 1027, '14:00:00', NULL, 0, NULL, '2013-10-30 01:44:04'),
(2850, 94, 1028, '14:00:00', NULL, 0, NULL, '2013-10-30 01:44:04'),
(2851, 94, 1029, '14:00:00', NULL, 0, NULL, '2013-10-30 01:44:04'),
(2852, 94, 1030, '14:00:00', NULL, 0, NULL, '2013-10-30 01:44:04'),
(2853, 95, 1000, '14:00:00', 'Sucio', 2, NULL, '2013-10-30 01:44:43'),
(2854, 95, 1001, '14:00:00', 'Sucio', 1, NULL, '2013-10-30 01:44:43'),
(2855, 95, 1002, '14:00:00', 'Sucio', 0.275, NULL, '2013-10-30 01:44:43'),
(2856, 95, 1003, '14:00:00', 'Sucio', 1, NULL, '2013-10-30 01:44:43'),
(2857, 95, 1004, '14:00:00', NULL, 0, NULL, '2013-11-02 01:28:06'),
(2858, 95, 1005, '14:00:00', NULL, 0, NULL, '2013-10-30 01:44:04'),
(2859, 95, 1006, '14:00:00', NULL, 0, NULL, '2013-10-30 01:44:04'),
(2860, 95, 1007, '14:00:00', NULL, 0, NULL, '2013-10-30 01:44:04'),
(2861, 95, 1008, '14:00:00', NULL, 0, NULL, '2013-10-30 01:44:04'),
(2862, 95, 1009, '14:00:00', NULL, 0, NULL, '2013-10-30 01:44:04'),
(2863, 95, 1010, '14:00:00', NULL, 0, NULL, '2013-10-30 01:44:04'),
(2864, 95, 1011, '14:00:00', NULL, 0, NULL, '2013-10-30 01:44:04'),
(2865, 95, 1012, '14:00:00', NULL, 0, NULL, '2013-10-30 01:44:04'),
(2866, 95, 1013, '14:00:00', NULL, 0, NULL, '2013-10-30 01:44:04'),
(2867, 95, 1014, '14:00:00', NULL, 0, NULL, '2013-10-30 01:44:04'),
(2868, 95, 1015, '14:00:00', NULL, 0, NULL, '2013-10-30 01:44:04'),
(2869, 95, 1016, '14:00:00', NULL, 0, NULL, '2013-10-30 01:44:04'),
(2870, 95, 1017, '14:00:00', NULL, 0, NULL, '2013-10-30 01:44:04'),
(2871, 95, 1018, '14:00:00', NULL, 0, NULL, '2013-10-30 01:44:04'),
(2872, 95, 1019, '14:00:00', NULL, 0, NULL, '2013-10-30 01:44:04'),
(2873, 95, 1020, '14:00:00', NULL, 0, NULL, '2013-10-30 01:44:04'),
(2874, 95, 1021, '14:00:00', NULL, 0, NULL, '2013-10-30 01:44:04'),
(2875, 95, 1022, '14:00:00', NULL, 0, NULL, '2013-10-30 01:44:04'),
(2876, 95, 1023, '14:00:00', NULL, 0, NULL, '2013-10-30 01:44:04'),
(2877, 95, 1024, '14:00:00', NULL, 0, NULL, '2013-10-30 01:44:04'),
(2878, 95, 1025, '14:00:00', NULL, 0, NULL, '2013-10-30 01:44:04'),
(2879, 95, 1026, '14:00:00', NULL, 0, NULL, '2013-10-30 01:44:04'),
(2880, 95, 1027, '14:00:00', NULL, 0, NULL, '2013-10-30 01:44:04'),
(2881, 95, 1028, '14:00:00', NULL, 0, NULL, '2013-10-30 01:44:04'),
(2882, 95, 1029, '14:00:00', NULL, 0, NULL, '2013-10-30 01:44:04'),
(2883, 95, 1030, '14:00:00', NULL, 0, NULL, '2013-10-30 01:44:04'),
(2884, 96, 1000, '14:00:00', 'Sucio', 2, NULL, '2013-10-30 01:44:43'),
(2885, 96, 1001, '14:00:00', 'Sucio', 1, NULL, '2013-10-30 01:44:43'),
(2886, 96, 1002, '14:00:00', 'Sucio', 0.275, NULL, '2013-10-30 01:44:43'),
(2887, 96, 1003, '14:00:00', 'Sucio', 1, NULL, '2013-10-30 01:44:43'),
(2888, 96, 1004, '14:00:00', NULL, 0, NULL, '2013-11-02 01:28:06'),
(2889, 96, 1005, '14:00:00', NULL, 0, NULL, '2013-10-30 01:44:04'),
(2890, 96, 1006, '14:00:00', NULL, 0, NULL, '2013-10-30 01:44:04'),
(2891, 96, 1007, '14:00:00', NULL, 0, NULL, '2013-10-30 01:44:04'),
(2892, 96, 1008, '14:00:00', NULL, 0, NULL, '2013-10-30 01:44:04'),
(2893, 96, 1009, '14:00:00', NULL, 0, NULL, '2013-10-30 01:44:04'),
(2894, 96, 1010, '14:00:00', NULL, 0, NULL, '2013-10-30 01:44:04'),
(2895, 96, 1011, '14:00:00', NULL, 0, NULL, '2013-10-30 01:44:04'),
(2896, 96, 1012, '14:00:00', NULL, 0, NULL, '2013-10-30 01:44:04'),
(2897, 96, 1013, '14:00:00', NULL, 0, NULL, '2013-10-30 01:44:04'),
(2898, 96, 1014, '14:00:00', NULL, 0, NULL, '2013-10-30 01:44:04'),
(2899, 96, 1015, '14:00:00', NULL, 0, NULL, '2013-10-30 01:44:04'),
(2900, 96, 1016, '14:00:00', NULL, 0, NULL, '2013-10-30 01:44:04'),
(2901, 96, 1017, '14:00:00', NULL, 0, NULL, '2013-10-30 01:44:04'),
(2902, 96, 1018, '14:00:00', NULL, 0, NULL, '2013-10-30 01:44:04'),
(2903, 96, 1019, '14:00:00', NULL, 0, NULL, '2013-10-30 01:44:04'),
(2904, 96, 1020, '14:00:00', NULL, 0, NULL, '2013-10-30 01:44:04'),
(2905, 96, 1021, '14:00:00', NULL, 0, NULL, '2013-10-30 01:44:04'),
(2906, 96, 1022, '14:00:00', NULL, 0, NULL, '2013-10-30 01:44:04'),
(2907, 96, 1023, '14:00:00', NULL, 0, NULL, '2013-10-30 01:44:04'),
(2908, 96, 1024, '14:00:00', NULL, 0, NULL, '2013-10-30 01:44:04'),
(2909, 96, 1025, '14:00:00', NULL, 0, NULL, '2013-10-30 01:44:04'),
(2910, 96, 1026, '14:00:00', NULL, 0, NULL, '2013-10-30 01:44:04'),
(2911, 96, 1027, '14:00:00', NULL, 0, NULL, '2013-10-30 01:44:04'),
(2912, 96, 1028, '14:00:00', NULL, 0, NULL, '2013-10-30 01:44:04'),
(2913, 96, 1029, '14:00:00', NULL, 0, NULL, '2013-10-30 01:44:04'),
(2914, 96, 1030, '14:00:00', NULL, 0, NULL, '2013-10-30 01:44:04'),
(2915, 97, 1000, '14:00:00', 'Sucio', 2, NULL, '2013-10-30 01:44:43'),
(2916, 97, 1001, '14:00:00', 'Sucio', 1, NULL, '2013-10-30 01:44:43'),
(2917, 97, 1002, '14:00:00', 'Sucio', 0.275, NULL, '2013-10-30 01:44:43'),
(2918, 97, 1003, '14:00:00', 'Sucio', 1, NULL, '2013-10-30 01:44:43'),
(2919, 97, 1004, '14:00:00', NULL, 0, NULL, '2013-11-02 01:28:06'),
(2920, 97, 1005, '14:00:00', NULL, 0, NULL, '2013-10-30 01:44:04'),
(2921, 97, 1006, '14:00:00', NULL, 0, NULL, '2013-10-30 01:44:04'),
(2922, 97, 1007, '14:00:00', NULL, 0, NULL, '2013-10-30 01:44:04'),
(2923, 97, 1008, '14:00:00', NULL, 0, NULL, '2013-10-30 01:44:04'),
(2924, 97, 1009, '14:00:00', NULL, 0, NULL, '2013-10-30 01:44:04'),
(2925, 97, 1010, '14:00:00', NULL, 0, NULL, '2013-10-30 01:44:04'),
(2926, 97, 1011, '14:00:00', NULL, 0, NULL, '2013-10-30 01:44:04'),
(2927, 97, 1012, '14:00:00', NULL, 0, NULL, '2013-10-30 01:44:04'),
(2928, 97, 1013, '14:00:00', NULL, 0, NULL, '2013-10-30 01:44:04'),
(2929, 97, 1014, '14:00:00', NULL, 0, NULL, '2013-10-30 01:44:04'),
(2930, 97, 1015, '14:00:00', NULL, 0, NULL, '2013-10-30 01:44:04'),
(2931, 97, 1016, '14:00:00', NULL, 0, NULL, '2013-10-30 01:44:04'),
(2932, 97, 1017, '14:00:00', NULL, 0, NULL, '2013-10-30 01:44:04'),
(2933, 97, 1018, '14:00:00', NULL, 0, NULL, '2013-10-30 01:44:04'),
(2934, 97, 1019, '14:00:00', NULL, 0, NULL, '2013-10-30 01:44:04'),
(2935, 97, 1020, '14:00:00', NULL, 0, NULL, '2013-10-30 01:44:04'),
(2936, 97, 1021, '14:00:00', NULL, 0, NULL, '2013-10-30 01:44:04'),
(2937, 97, 1022, '14:00:00', NULL, 0, NULL, '2013-10-30 01:44:04'),
(2938, 97, 1023, '14:00:00', NULL, 0, NULL, '2013-10-30 01:44:04'),
(2939, 97, 1024, '14:00:00', NULL, 0, NULL, '2013-10-30 01:44:04'),
(2940, 97, 1025, '14:00:00', NULL, 0, NULL, '2013-10-30 01:44:04'),
(2941, 97, 1026, '14:00:00', NULL, 0, NULL, '2013-10-30 01:44:04'),
(2942, 97, 1027, '14:00:00', NULL, 0, NULL, '2013-10-30 01:44:04'),
(2943, 97, 1028, '14:00:00', NULL, 0, NULL, '2013-10-30 01:44:04'),
(2944, 97, 1029, '14:00:00', NULL, 0, NULL, '2013-10-30 01:44:04'),
(2945, 97, 1030, '14:00:00', NULL, 0, NULL, '2013-10-30 01:44:04'),
(2946, 98, 1000, '14:00:00', NULL, 0, NULL, '2013-11-05 03:17:52'),
(2947, 98, 1001, '14:00:00', NULL, 0, NULL, '2013-11-05 03:17:53'),
(2948, 98, 1002, '14:00:00', NULL, 0, NULL, '2013-11-05 03:17:53'),
(2949, 98, 1003, '14:00:00', NULL, 0, NULL, '2013-11-05 03:17:53'),
(2950, 98, 1004, '14:00:00', NULL, 0, NULL, '2013-11-02 01:28:06'),
(2951, 98, 1005, '14:00:00', NULL, 0, NULL, '2013-10-30 01:44:04'),
(2952, 98, 1006, '14:00:00', NULL, 0, NULL, '2013-10-30 01:44:04'),
(2953, 98, 1007, '14:00:00', NULL, 0, NULL, '2013-10-30 01:44:04'),
(2954, 98, 1008, '14:00:00', NULL, 0, NULL, '2013-10-30 01:44:04'),
(2955, 98, 1009, '14:00:00', NULL, 0, NULL, '2013-10-30 01:44:04'),
(2956, 98, 1010, '14:00:00', NULL, 0, NULL, '2013-10-30 01:44:04'),
(2957, 98, 1011, '14:00:00', NULL, 0, NULL, '2013-10-30 01:44:04'),
(2958, 98, 1012, '14:00:00', NULL, 0, NULL, '2013-10-30 01:44:04'),
(2959, 98, 1013, '14:00:00', NULL, 0, NULL, '2013-10-30 01:44:04'),
(2960, 98, 1014, '14:00:00', NULL, 0, NULL, '2013-10-30 01:44:04'),
(2961, 98, 1015, '14:00:00', NULL, 0, NULL, '2013-10-30 01:44:04'),
(2962, 98, 1016, '14:00:00', NULL, 0, NULL, '2013-10-30 01:44:04'),
(2963, 98, 1017, '14:00:00', NULL, 0, NULL, '2013-10-30 01:44:04'),
(2964, 98, 1018, '14:00:00', NULL, 0, NULL, '2013-10-30 01:44:04'),
(2965, 98, 1019, '14:00:00', NULL, 0, NULL, '2013-10-30 01:44:04'),
(2966, 98, 1020, '14:00:00', NULL, 0, NULL, '2013-10-30 01:44:04'),
(2967, 98, 1021, '14:00:00', NULL, 0, NULL, '2013-10-30 01:44:04'),
(2968, 98, 1022, '14:00:00', NULL, 0, NULL, '2013-10-30 01:44:04'),
(2969, 98, 1023, '14:00:00', NULL, 0, NULL, '2013-10-30 01:44:04'),
(2970, 98, 1024, '14:00:00', NULL, 0, NULL, '2013-10-30 01:44:04'),
(2971, 98, 1025, '14:00:00', NULL, 0, NULL, '2013-10-30 01:44:04'),
(2972, 98, 1026, '14:00:00', NULL, 0, NULL, '2013-10-30 01:44:04'),
(2973, 98, 1027, '14:00:00', NULL, 0, NULL, '2013-10-30 01:44:04'),
(2974, 98, 1028, '14:00:00', NULL, 0, NULL, '2013-10-30 01:44:04'),
(2975, 98, 1029, '14:00:00', NULL, 0, NULL, '2013-10-30 01:44:04'),
(2976, 98, 1030, '14:00:00', NULL, 0, NULL, '2013-10-30 01:44:04'),
(2977, 99, 1000, '14:00:00', 'Sucio', 2, NULL, '2013-10-30 01:44:43'),
(2978, 99, 1001, '14:00:00', 'Sucio', 1, NULL, '2013-10-30 01:44:43'),
(2979, 99, 1002, '14:00:00', 'Sucio', 0.275, NULL, '2013-10-30 01:44:43'),
(2980, 99, 1003, '14:00:00', 'Sucio', 1, NULL, '2013-10-30 01:44:43'),
(2981, 99, 1004, '14:00:00', NULL, 0.8, NULL, '2013-11-02 01:36:16'),
(2982, 99, 1005, '14:00:00', NULL, 0, NULL, '2013-10-30 01:44:04'),
(2983, 99, 1006, '14:00:00', NULL, 0, NULL, '2013-10-30 01:44:04'),
(2984, 99, 1007, '14:00:00', NULL, 0, NULL, '2013-10-30 01:44:04'),
(2985, 99, 1008, '14:00:00', NULL, 0, NULL, '2013-10-30 01:44:04'),
(2986, 99, 1009, '14:00:00', NULL, 0, NULL, '2013-10-30 01:44:04'),
(2987, 99, 1010, '14:00:00', NULL, 0, NULL, '2013-10-30 01:44:04'),
(2988, 99, 1011, '14:00:00', NULL, 0, NULL, '2013-10-30 01:44:04'),
(2989, 99, 1012, '14:00:00', NULL, 0, NULL, '2013-10-30 01:44:04'),
(2990, 99, 1013, '14:00:00', NULL, 0, NULL, '2013-10-30 01:44:04'),
(2991, 99, 1014, '14:00:00', NULL, 0, NULL, '2013-10-30 01:44:04'),
(2992, 99, 1015, '14:00:00', NULL, 0, NULL, '2013-10-30 01:44:04'),
(2993, 99, 1016, '14:00:00', NULL, 0, NULL, '2013-10-30 01:44:04'),
(2994, 99, 1017, '14:00:00', NULL, 0, NULL, '2013-10-30 01:44:04'),
(2995, 99, 1018, '14:00:00', NULL, 0, NULL, '2013-10-30 01:44:04'),
(2996, 99, 1019, '14:00:00', NULL, 0, NULL, '2013-10-30 01:44:04'),
(2997, 99, 1020, '14:00:00', NULL, 0, NULL, '2013-10-30 01:44:04'),
(2998, 99, 1021, '14:00:00', NULL, 0, NULL, '2013-10-30 01:44:04'),
(2999, 99, 1022, '14:00:00', NULL, 0, NULL, '2013-10-30 01:44:04'),
(3000, 99, 1023, '14:00:00', NULL, 0, NULL, '2013-10-30 01:44:04'),
(3001, 99, 1024, '14:00:00', NULL, 0, NULL, '2013-10-30 01:44:04'),
(3002, 99, 1025, '14:00:00', NULL, 0, NULL, '2013-10-30 01:44:04'),
(3003, 99, 1026, '14:00:00', NULL, 0, NULL, '2013-10-30 01:44:04'),
(3004, 99, 1027, '14:00:00', NULL, 0, NULL, '2013-10-30 01:44:04'),
(3005, 99, 1028, '14:00:00', NULL, 0, NULL, '2013-10-30 01:44:04'),
(3006, 99, 1029, '14:00:00', NULL, 0, NULL, '2013-10-30 01:44:04'),
(3007, 99, 1030, '14:00:00', NULL, 0, NULL, '2013-10-30 01:44:04'),
(3008, 100, 1000, '14:00:00', 'Sucio', 2, NULL, '2013-10-30 01:44:43'),
(3009, 100, 1001, '14:00:00', 'Sucio', 1, NULL, '2013-10-30 01:44:43'),
(3010, 100, 1002, '14:00:00', 'Sucio', 0.275, NULL, '2013-10-30 01:44:43'),
(3011, 100, 1003, '14:00:00', 'Sucio', 1, NULL, '2013-10-30 01:44:43'),
(3012, 100, 1004, '14:00:00', NULL, 0.8, NULL, '2013-11-02 01:36:24'),
(3013, 100, 1005, '14:00:00', NULL, 0, NULL, '2013-10-30 01:44:04'),
(3014, 100, 1006, '14:00:00', NULL, 0, NULL, '2013-10-30 01:44:04'),
(3015, 100, 1007, '14:00:00', NULL, 0, NULL, '2013-10-30 01:44:04'),
(3016, 100, 1008, '14:00:00', NULL, 0, NULL, '2013-10-30 01:44:04'),
(3017, 100, 1009, '14:00:00', NULL, 0, NULL, '2013-10-30 01:44:04'),
(3018, 100, 1010, '14:00:00', NULL, 0, NULL, '2013-10-30 01:44:04'),
(3019, 100, 1011, '14:00:00', NULL, 0, NULL, '2013-10-30 01:44:04'),
(3020, 100, 1012, '14:00:00', NULL, 0, NULL, '2013-10-30 01:44:04'),
(3021, 100, 1013, '14:00:00', NULL, 0, NULL, '2013-10-30 01:44:04'),
(3022, 100, 1014, '14:00:00', NULL, 0, NULL, '2013-10-30 01:44:04'),
(3023, 100, 1015, '14:00:00', NULL, 0, NULL, '2013-10-30 01:44:04'),
(3024, 100, 1016, '14:00:00', NULL, 0, NULL, '2013-10-30 01:44:04'),
(3025, 100, 1017, '14:00:00', NULL, 0, NULL, '2013-10-30 01:44:04'),
(3026, 100, 1018, '14:00:00', NULL, 0, NULL, '2013-10-30 01:44:04'),
(3027, 100, 1019, '14:00:00', NULL, 0, NULL, '2013-10-30 01:44:04'),
(3028, 100, 1020, '14:00:00', NULL, 0, NULL, '2013-10-30 01:44:04'),
(3029, 100, 1021, '14:00:00', NULL, 0, NULL, '2013-10-30 01:44:04'),
(3030, 100, 1022, '14:00:00', NULL, 0, NULL, '2013-10-30 01:44:04'),
(3031, 100, 1023, '14:00:00', NULL, 0, NULL, '2013-10-30 01:44:04'),
(3032, 100, 1024, '14:00:00', NULL, 0, NULL, '2013-10-30 01:44:04'),
(3033, 100, 1025, '14:00:00', NULL, 0, NULL, '2013-10-30 01:44:04'),
(3034, 100, 1026, '14:00:00', NULL, 0, NULL, '2013-10-30 01:44:04'),
(3035, 100, 1027, '14:00:00', NULL, 0, NULL, '2013-10-30 01:44:04'),
(3036, 100, 1028, '14:00:00', NULL, 0, NULL, '2013-10-30 01:44:04'),
(3037, 100, 1029, '14:00:00', NULL, 0, NULL, '2013-10-30 01:44:04'),
(3038, 100, 1030, '14:00:00', NULL, 0, NULL, '2013-10-30 01:44:04'),
(3039, 101, 1000, '14:00:00', 'Sucio', 2, NULL, '2013-10-30 01:44:43'),
(3040, 101, 1001, '14:00:00', 'Sucio', 1, NULL, '2013-10-30 01:44:43'),
(3041, 101, 1002, '14:00:00', 'Sucio', 0.275, NULL, '2013-10-30 01:44:43'),
(3042, 101, 1003, '14:00:00', 'Sucio', 1, NULL, '2013-10-30 01:44:43'),
(3043, 101, 1004, '14:00:00', NULL, 0.8, NULL, '2013-11-02 01:36:31'),
(3044, 101, 1005, '14:00:00', NULL, 0, NULL, '2013-10-30 01:44:04'),
(3045, 101, 1006, '14:00:00', NULL, 0, NULL, '2013-10-30 01:44:04'),
(3046, 101, 1007, '14:00:00', NULL, 0, NULL, '2013-10-30 01:44:04'),
(3047, 101, 1008, '14:00:00', NULL, 0, NULL, '2013-10-30 01:44:04'),
(3048, 101, 1009, '14:00:00', NULL, 0, NULL, '2013-10-30 01:44:04'),
(3049, 101, 1010, '14:00:00', NULL, 0, NULL, '2013-10-30 01:44:04'),
(3050, 101, 1011, '14:00:00', NULL, 0, NULL, '2013-10-30 01:44:04'),
(3051, 101, 1012, '14:00:00', NULL, 0, NULL, '2013-10-30 01:44:04'),
(3052, 101, 1013, '14:00:00', NULL, 0, NULL, '2013-10-30 01:44:04'),
(3053, 101, 1014, '14:00:00', NULL, 0, NULL, '2013-10-30 01:44:04'),
(3054, 101, 1015, '14:00:00', NULL, 0, NULL, '2013-10-30 01:44:04'),
(3055, 101, 1016, '14:00:00', NULL, 0, NULL, '2013-10-30 01:44:04'),
(3056, 101, 1017, '14:00:00', NULL, 0, NULL, '2013-10-30 01:44:04'),
(3057, 101, 1018, '14:00:00', NULL, 0, NULL, '2013-10-30 01:44:04'),
(3058, 101, 1019, '14:00:00', NULL, 0, NULL, '2013-10-30 01:44:04'),
(3059, 101, 1020, '14:00:00', NULL, 0, NULL, '2013-10-30 01:44:04'),
(3060, 101, 1021, '14:00:00', NULL, 0, NULL, '2013-10-30 01:44:04'),
(3061, 101, 1022, '14:00:00', NULL, 0, NULL, '2013-10-30 01:44:04'),
(3062, 101, 1023, '14:00:00', NULL, 0, NULL, '2013-10-30 01:44:04'),
(3063, 101, 1024, '14:00:00', NULL, 0, NULL, '2013-10-30 01:44:04'),
(3064, 101, 1025, '14:00:00', NULL, 0, NULL, '2013-10-30 01:44:04'),
(3065, 101, 1026, '14:00:00', NULL, 0, NULL, '2013-10-30 01:44:04'),
(3066, 101, 1027, '14:00:00', NULL, 0, NULL, '2013-10-30 01:44:04'),
(3067, 101, 1028, '14:00:00', NULL, 0, NULL, '2013-10-30 01:44:04'),
(3068, 101, 1029, '14:00:00', NULL, 0, NULL, '2013-10-30 01:44:04'),
(3069, 101, 1030, '14:00:00', NULL, 0, NULL, '2013-10-30 01:44:04'),
(3070, 102, 1000, '00:00:00', 'Sucio', 2, NULL, '2013-10-30 06:44:43'),
(3071, 102, 1001, '00:00:00', 'Sucio', 1, NULL, '2013-10-30 06:44:43'),
(3072, 102, 1002, '00:00:00', 'Sucio', 0.275, NULL, '2013-10-30 06:44:43'),
(3073, 102, 1003, '00:00:00', 'Sucio', 1, NULL, '2013-10-30 06:44:43'),
(3074, 102, 1004, '00:00:00', NULL, 0, NULL, '2013-10-30 06:44:04'),
(3075, 102, 1005, '00:00:00', NULL, 0, NULL, '2013-10-30 06:44:04'),
(3076, 102, 1006, '00:00:00', NULL, 0, NULL, '2013-10-30 06:44:04'),
(3077, 102, 1007, '00:00:00', NULL, 0, NULL, '2013-10-30 06:44:04'),
(3078, 102, 1008, '00:00:00', NULL, 0, NULL, '2013-10-30 06:44:04'),
(3079, 102, 1009, '00:00:00', NULL, 0, NULL, '2013-10-30 06:44:04'),
(3080, 102, 1010, '00:00:00', NULL, 0, NULL, '2013-10-30 06:44:04'),
(3081, 102, 1011, '00:00:00', NULL, 0, NULL, '2013-10-30 06:44:04'),
(3082, 102, 1012, '00:00:00', NULL, 0, NULL, '2013-10-30 06:44:04'),
(3083, 102, 1013, '00:00:00', NULL, 0, NULL, '2013-10-30 06:44:04'),
(3084, 102, 1014, '00:00:00', NULL, 0, NULL, '2013-10-30 06:44:04'),
(3085, 102, 1015, '00:00:00', NULL, 0, NULL, '2013-10-30 06:44:04'),
(3086, 102, 1016, '00:00:00', NULL, 0, NULL, '2013-10-30 06:44:04'),
(3087, 102, 1017, '00:00:00', NULL, 0, NULL, '2013-10-30 06:44:04'),
(3088, 102, 1018, '00:00:00', NULL, 0, NULL, '2013-10-30 06:44:04'),
(3089, 102, 1019, '00:00:00', NULL, 0, NULL, '2013-10-30 06:44:04'),
(3090, 102, 1020, '00:00:00', NULL, 0, NULL, '2013-10-30 06:44:04'),
(3091, 102, 1021, '00:00:00', NULL, 0, NULL, '2013-10-30 06:44:04'),
(3092, 102, 1022, '00:00:00', NULL, 0, NULL, '2013-10-30 06:44:04'),
(3093, 102, 1023, '00:00:00', NULL, 0, NULL, '2013-10-30 06:44:04'),
(3094, 102, 1024, '00:00:00', NULL, 0, NULL, '2013-10-30 06:44:04'),
(3095, 102, 1025, '00:00:00', NULL, 0, NULL, '2013-10-30 06:44:04'),
(3096, 102, 1026, '00:00:00', NULL, 0, NULL, '2013-10-30 06:44:04'),
(3097, 102, 1027, '00:00:00', NULL, 0, NULL, '2013-10-30 06:44:04'),
(3098, 102, 1028, '00:00:00', NULL, 0, NULL, '2013-10-30 06:44:04'),
(3099, 102, 1029, '00:00:00', NULL, 0, NULL, '2013-10-30 06:44:04'),
(3100, 102, 1030, '00:00:00', NULL, 0, NULL, '2013-10-30 06:44:04'),
(3101, 103, 1000, '00:00:00', 'Sucio', 2, NULL, '2013-10-30 06:44:43'),
(3102, 103, 1001, '00:00:00', 'Sucio', 1, NULL, '2013-10-30 06:44:43'),
(3103, 103, 1002, '00:00:00', 'Sucio', 0.275, NULL, '2013-10-30 06:44:43'),
(3104, 103, 1003, '00:00:00', 'Sucio', 1, NULL, '2013-10-30 06:44:43'),
(3105, 103, 1004, '00:00:00', NULL, 0.8, NULL, '2013-11-02 06:30:50'),
(3106, 103, 1005, '00:00:00', NULL, 0, NULL, '2013-10-30 06:44:04'),
(3107, 103, 1006, '00:00:00', NULL, 0, NULL, '2013-10-30 06:44:04'),
(3108, 103, 1007, '00:00:00', NULL, 0, NULL, '2013-10-30 06:44:04'),
(3109, 103, 1008, '00:00:00', NULL, 0, NULL, '2013-10-30 06:44:04'),
(3110, 103, 1009, '00:00:00', NULL, 0, NULL, '2013-10-30 06:44:04'),
(3111, 103, 1010, '00:00:00', NULL, 0, NULL, '2013-10-30 06:44:04'),
(3112, 103, 1011, '00:00:00', NULL, 0, NULL, '2013-10-30 06:44:04'),
(3113, 103, 1012, '00:00:00', NULL, 0, NULL, '2013-10-30 06:44:04'),
(3114, 103, 1013, '00:00:00', NULL, 0, NULL, '2013-10-30 06:44:04'),
(3115, 103, 1014, '00:00:00', NULL, 0, NULL, '2013-10-30 06:44:04'),
(3116, 103, 1015, '00:00:00', NULL, 0, NULL, '2013-10-30 06:44:04'),
(3117, 103, 1016, '00:00:00', NULL, 0, NULL, '2013-10-30 06:44:04'),
(3118, 103, 1017, '00:00:00', NULL, 0, NULL, '2013-10-30 06:44:04'),
(3119, 103, 1018, '00:00:00', NULL, 0, NULL, '2013-10-30 06:44:04'),
(3120, 103, 1019, '00:00:00', NULL, 0, NULL, '2013-10-30 06:44:04'),
(3121, 103, 1020, '00:00:00', NULL, 0, NULL, '2013-10-30 06:44:04'),
(3122, 103, 1021, '00:00:00', NULL, 0, NULL, '2013-10-30 06:44:04'),
(3123, 103, 1022, '00:00:00', NULL, 0, NULL, '2013-10-30 06:44:04'),
(3124, 103, 1023, '00:00:00', NULL, 0, NULL, '2013-10-30 06:44:04'),
(3125, 103, 1024, '00:00:00', NULL, 0, NULL, '2013-10-30 06:44:04'),
(3126, 103, 1025, '00:00:00', NULL, 0, NULL, '2013-10-30 06:44:04'),
(3127, 103, 1026, '00:00:00', NULL, 0, NULL, '2013-10-30 06:44:04'),
(3128, 103, 1027, '00:00:00', NULL, 0, NULL, '2013-10-30 06:44:04'),
(3129, 103, 1028, '00:00:00', NULL, 0, NULL, '2013-10-30 06:44:04'),
(3130, 103, 1029, '00:00:00', NULL, 0, NULL, '2013-10-30 06:44:04'),
(3131, 103, 1030, '00:00:00', NULL, 0, NULL, '2013-10-30 06:44:04'),
(3318, 104, 1000, '00:00:00', 'Sucio', 2, NULL, '2013-10-30 06:44:43'),
(3319, 104, 1001, '00:00:00', 'Sucio', 1, NULL, '2013-10-30 06:44:43'),
(3320, 104, 1002, '00:00:00', 'Sucio', 0.275, NULL, '2013-10-30 06:44:43');
INSERT INTO `mantenimiento_detalle` (`id_mantenimiento_detalle`, `id_mantenimiento`, `id_inventario`, `fecha`, `estado`, `cantidad`, `notas`, `registro`) VALUES
(3321, 104, 1003, '00:00:00', 'Sucio', 1, NULL, '2013-10-30 06:44:43'),
(3322, 104, 1004, '00:00:00', NULL, 0.8, NULL, '2013-11-02 06:28:06'),
(3323, 104, 1005, '00:00:00', NULL, 0, NULL, '2013-10-30 06:44:04'),
(3324, 104, 1006, '00:00:00', NULL, 0, NULL, '2013-10-30 06:44:04'),
(3325, 104, 1007, '00:00:00', NULL, 0, NULL, '2013-10-30 06:44:04'),
(3326, 104, 1008, '00:00:00', NULL, 0, NULL, '2013-10-30 06:44:04'),
(3327, 104, 1009, '00:00:00', NULL, 0, NULL, '2013-10-30 06:44:04'),
(3328, 104, 1010, '00:00:00', NULL, 0, NULL, '2013-10-30 06:44:04'),
(3329, 104, 1011, '00:00:00', NULL, 0, NULL, '2013-10-30 06:44:04'),
(3330, 104, 1012, '00:00:00', NULL, 0, NULL, '2013-10-30 06:44:04'),
(3331, 104, 1013, '00:00:00', NULL, 0, NULL, '2013-10-30 06:44:04'),
(3332, 104, 1014, '00:00:00', NULL, 0, NULL, '2013-10-30 06:44:04'),
(3333, 104, 1015, '00:00:00', NULL, 0, NULL, '2013-10-30 06:44:04'),
(3334, 104, 1016, '00:00:00', NULL, 0, NULL, '2013-10-30 06:44:04'),
(3335, 104, 1017, '00:00:00', NULL, 0, NULL, '2013-10-30 06:44:04'),
(3336, 104, 1018, '00:00:00', NULL, 0, NULL, '2013-10-30 06:44:04'),
(3337, 104, 1019, '00:00:00', NULL, 0, NULL, '2013-10-30 06:44:04'),
(3338, 104, 1020, '00:00:00', NULL, 0, NULL, '2013-10-30 06:44:04'),
(3339, 104, 1021, '00:00:00', NULL, 0, NULL, '2013-10-30 06:44:04'),
(3340, 104, 1022, '00:00:00', NULL, 0, NULL, '2013-10-30 06:44:04'),
(3341, 104, 1023, '00:00:00', NULL, 0, NULL, '2013-10-30 06:44:04'),
(3342, 104, 1024, '00:00:00', NULL, 0, NULL, '2013-10-30 06:44:04'),
(3343, 104, 1025, '00:00:00', NULL, 0, NULL, '2013-10-30 06:44:04'),
(3344, 104, 1026, '00:00:00', NULL, 0, NULL, '2013-10-30 06:44:04'),
(3345, 104, 1027, '00:00:00', NULL, 0, NULL, '2013-10-30 06:44:04'),
(3346, 104, 1028, '00:00:00', NULL, 0, NULL, '2013-10-30 06:44:04'),
(3347, 104, 1029, '00:00:00', NULL, 0, NULL, '2013-10-30 06:44:04'),
(3348, 104, 1030, '00:00:00', NULL, 0, NULL, '2013-10-30 06:44:04'),
(3163, 105, 1000, '00:00:00', 'Sucio', 2, NULL, '2013-10-30 06:44:43'),
(3164, 105, 1001, '00:00:00', 'Sucio', 1, NULL, '2013-10-30 06:44:43'),
(3165, 105, 1002, '00:00:00', 'Sucio', 0.275, NULL, '2013-10-30 06:44:43'),
(3166, 105, 1003, '00:00:00', 'Sucio', 1, NULL, '2013-10-30 06:44:43'),
(3167, 105, 1004, '00:00:00', NULL, 0.8, NULL, '2013-11-02 06:28:06'),
(3168, 105, 1005, '00:00:00', NULL, 0, NULL, '2013-10-30 06:44:04'),
(3169, 105, 1006, '00:00:00', NULL, 0, NULL, '2013-10-30 06:44:04'),
(3170, 105, 1007, '00:00:00', NULL, 0, NULL, '2013-10-30 06:44:04'),
(3171, 105, 1008, '00:00:00', NULL, 0, NULL, '2013-10-30 06:44:04'),
(3172, 105, 1009, '00:00:00', NULL, 0, NULL, '2013-10-30 06:44:04'),
(3173, 105, 1010, '00:00:00', NULL, 0, NULL, '2013-10-30 06:44:04'),
(3174, 105, 1011, '00:00:00', NULL, 0, NULL, '2013-10-30 06:44:04'),
(3175, 105, 1012, '00:00:00', NULL, 0, NULL, '2013-10-30 06:44:04'),
(3176, 105, 1013, '00:00:00', NULL, 0, NULL, '2013-10-30 06:44:04'),
(3177, 105, 1014, '00:00:00', NULL, 0, NULL, '2013-10-30 06:44:04'),
(3178, 105, 1015, '00:00:00', NULL, 0, NULL, '2013-10-30 06:44:04'),
(3179, 105, 1016, '00:00:00', NULL, 0, NULL, '2013-10-30 06:44:04'),
(3180, 105, 1017, '00:00:00', NULL, 0, NULL, '2013-10-30 06:44:04'),
(3181, 105, 1018, '00:00:00', NULL, 0, NULL, '2013-10-30 06:44:04'),
(3182, 105, 1019, '00:00:00', NULL, 0, NULL, '2013-10-30 06:44:04'),
(3183, 105, 1020, '00:00:00', NULL, 0, NULL, '2013-10-30 06:44:04'),
(3184, 105, 1021, '00:00:00', NULL, 0, NULL, '2013-10-30 06:44:04'),
(3185, 105, 1022, '00:00:00', NULL, 0, NULL, '2013-10-30 06:44:04'),
(3186, 105, 1023, '00:00:00', NULL, 0, NULL, '2013-10-30 06:44:04'),
(3187, 105, 1024, '00:00:00', NULL, 0, NULL, '2013-10-30 06:44:04'),
(3188, 105, 1025, '00:00:00', NULL, 0, NULL, '2013-10-30 06:44:04'),
(3189, 105, 1026, '00:00:00', NULL, 0, NULL, '2013-10-30 06:44:04'),
(3190, 105, 1027, '00:00:00', NULL, 0, NULL, '2013-10-30 06:44:04'),
(3191, 105, 1028, '00:00:00', NULL, 0, NULL, '2013-10-30 06:44:04'),
(3192, 105, 1029, '00:00:00', NULL, 0, NULL, '2013-10-30 06:44:04'),
(3193, 105, 1030, '00:00:00', NULL, 0, NULL, '2013-10-30 06:44:04'),
(3194, 106, 1000, '00:00:00', 'Sucio', 2, NULL, '2013-10-30 06:44:43'),
(3195, 106, 1001, '00:00:00', 'Sucio', 1, NULL, '2013-10-30 06:44:43'),
(3196, 106, 1002, '00:00:00', 'Sucio', 0.275, NULL, '2013-10-30 06:44:43'),
(3197, 106, 1003, '00:00:00', 'Sucio', 1, NULL, '2013-10-30 06:44:43'),
(3198, 106, 1004, '00:00:00', NULL, 0, NULL, '2013-11-02 06:28:06'),
(3199, 106, 1005, '00:00:00', NULL, 0, NULL, '2013-10-30 06:44:04'),
(3200, 106, 1006, '00:00:00', NULL, 0, NULL, '2013-10-30 06:44:04'),
(3201, 106, 1007, '00:00:00', NULL, 0, NULL, '2013-10-30 06:44:04'),
(3202, 106, 1008, '00:00:00', NULL, 0, NULL, '2013-10-30 06:44:04'),
(3203, 106, 1009, '00:00:00', NULL, 0, NULL, '2013-10-30 06:44:04'),
(3204, 106, 1010, '00:00:00', NULL, 0, NULL, '2013-10-30 06:44:04'),
(3205, 106, 1011, '00:00:00', NULL, 0, NULL, '2013-10-30 06:44:04'),
(3206, 106, 1012, '00:00:00', NULL, 0, NULL, '2013-10-30 06:44:04'),
(3207, 106, 1013, '00:00:00', NULL, 0, NULL, '2013-10-30 06:44:04'),
(3208, 106, 1014, '00:00:00', NULL, 0, NULL, '2013-10-30 06:44:04'),
(3209, 106, 1015, '00:00:00', NULL, 0, NULL, '2013-10-30 06:44:04'),
(3210, 106, 1016, '00:00:00', NULL, 0, NULL, '2013-10-30 06:44:04'),
(3211, 106, 1017, '00:00:00', NULL, 0, NULL, '2013-10-30 06:44:04'),
(3212, 106, 1018, '00:00:00', NULL, 0, NULL, '2013-10-30 06:44:04'),
(3213, 106, 1019, '00:00:00', NULL, 0, NULL, '2013-10-30 06:44:04'),
(3214, 106, 1020, '00:00:00', NULL, 0, NULL, '2013-10-30 06:44:04'),
(3215, 106, 1021, '00:00:00', NULL, 0, NULL, '2013-10-30 06:44:04'),
(3216, 106, 1022, '00:00:00', NULL, 0, NULL, '2013-10-30 06:44:04'),
(3217, 106, 1023, '00:00:00', NULL, 0, NULL, '2013-10-30 06:44:04'),
(3218, 106, 1024, '00:00:00', NULL, 0, NULL, '2013-10-30 06:44:04'),
(3219, 106, 1025, '00:00:00', NULL, 0, NULL, '2013-10-30 06:44:04'),
(3220, 106, 1026, '00:00:00', NULL, 0, NULL, '2013-10-30 06:44:04'),
(3221, 106, 1027, '00:00:00', NULL, 0, NULL, '2013-10-30 06:44:04'),
(3222, 106, 1028, '00:00:00', NULL, 0, NULL, '2013-10-30 06:44:04'),
(3223, 106, 1029, '00:00:00', NULL, 0, NULL, '2013-10-30 06:44:04'),
(3224, 106, 1030, '00:00:00', NULL, 0, NULL, '2013-10-30 06:44:04'),
(3225, 107, 1000, '00:00:00', 'Sucio', 2, NULL, '2013-10-30 06:44:43'),
(3226, 107, 1001, '00:00:00', 'Sucio', 1, NULL, '2013-10-30 06:44:43'),
(3227, 107, 1002, '00:00:00', 'Sucio', 0.275, NULL, '2013-10-30 06:44:43'),
(3228, 107, 1003, '00:00:00', 'Sucio', 1, NULL, '2013-10-30 06:44:43'),
(3229, 107, 1004, '00:00:00', NULL, 0, NULL, '2013-11-02 06:28:06'),
(3230, 107, 1005, '00:00:00', NULL, 0, NULL, '2013-10-30 06:44:04'),
(3231, 107, 1006, '00:00:00', NULL, 0, NULL, '2013-10-30 06:44:04'),
(3232, 107, 1007, '00:00:00', NULL, 0, NULL, '2013-10-30 06:44:04'),
(3233, 107, 1008, '00:00:00', NULL, 0, NULL, '2013-10-30 06:44:04'),
(3234, 107, 1009, '00:00:00', NULL, 0, NULL, '2013-10-30 06:44:04'),
(3235, 107, 1010, '00:00:00', NULL, 0, NULL, '2013-10-30 06:44:04'),
(3236, 107, 1011, '00:00:00', NULL, 0, NULL, '2013-10-30 06:44:04'),
(3237, 107, 1012, '00:00:00', NULL, 0, NULL, '2013-10-30 06:44:04'),
(3238, 107, 1013, '00:00:00', NULL, 0, NULL, '2013-10-30 06:44:04'),
(3239, 107, 1014, '00:00:00', NULL, 0, NULL, '2013-10-30 06:44:04'),
(3240, 107, 1015, '00:00:00', NULL, 0, NULL, '2013-10-30 06:44:04'),
(3241, 107, 1016, '00:00:00', NULL, 0, NULL, '2013-10-30 06:44:04'),
(3242, 107, 1017, '00:00:00', NULL, 0, NULL, '2013-10-30 06:44:04'),
(3243, 107, 1018, '00:00:00', NULL, 0, NULL, '2013-10-30 06:44:04'),
(3244, 107, 1019, '00:00:00', NULL, 0, NULL, '2013-10-30 06:44:04'),
(3245, 107, 1020, '00:00:00', NULL, 0, NULL, '2013-10-30 06:44:04'),
(3246, 107, 1021, '00:00:00', NULL, 0, NULL, '2013-10-30 06:44:04'),
(3247, 107, 1022, '00:00:00', NULL, 0, NULL, '2013-10-30 06:44:04'),
(3248, 107, 1023, '00:00:00', NULL, 0, NULL, '2013-10-30 06:44:04'),
(3249, 107, 1024, '00:00:00', NULL, 0, NULL, '2013-10-30 06:44:04'),
(3250, 107, 1025, '00:00:00', NULL, 0, NULL, '2013-10-30 06:44:04'),
(3251, 107, 1026, '00:00:00', NULL, 0, NULL, '2013-10-30 06:44:04'),
(3252, 107, 1027, '00:00:00', NULL, 0, NULL, '2013-10-30 06:44:04'),
(3253, 107, 1028, '00:00:00', NULL, 0, NULL, '2013-10-30 06:44:04'),
(3254, 107, 1029, '00:00:00', NULL, 0, NULL, '2013-10-30 06:44:04'),
(3255, 107, 1030, '00:00:00', NULL, 0, NULL, '2013-10-30 06:44:04'),
(3256, 108, 1000, '00:00:00', 'Sucio', 2, NULL, '2013-10-30 06:44:43'),
(3257, 108, 1001, '00:00:00', 'Sucio', 1, NULL, '2013-10-30 06:44:43'),
(3258, 108, 1002, '00:00:00', 'Sucio', 0.275, NULL, '2013-10-30 06:44:43'),
(3259, 108, 1003, '00:00:00', 'Sucio', 1, NULL, '2013-10-30 06:44:43'),
(3260, 108, 1004, '00:00:00', NULL, 0.8, NULL, '2013-11-02 06:28:06'),
(3261, 108, 1005, '00:00:00', NULL, 0, NULL, '2013-10-30 06:44:04'),
(3262, 108, 1006, '00:00:00', NULL, 0, NULL, '2013-10-30 06:44:04'),
(3263, 108, 1007, '00:00:00', NULL, 0, NULL, '2013-10-30 06:44:04'),
(3264, 108, 1008, '00:00:00', NULL, 0, NULL, '2013-10-30 06:44:04'),
(3265, 108, 1009, '00:00:00', NULL, 0, NULL, '2013-10-30 06:44:04'),
(3266, 108, 1010, '00:00:00', NULL, 0, NULL, '2013-10-30 06:44:04'),
(3267, 108, 1011, '00:00:00', NULL, 0, NULL, '2013-10-30 06:44:04'),
(3268, 108, 1012, '00:00:00', NULL, 0, NULL, '2013-10-30 06:44:04'),
(3269, 108, 1013, '00:00:00', NULL, 0, NULL, '2013-10-30 06:44:04'),
(3270, 108, 1014, '00:00:00', NULL, 0, NULL, '2013-10-30 06:44:04'),
(3271, 108, 1015, '00:00:00', NULL, 0, NULL, '2013-10-30 06:44:04'),
(3272, 108, 1016, '00:00:00', NULL, 0, NULL, '2013-10-30 06:44:04'),
(3273, 108, 1017, '00:00:00', NULL, 0, NULL, '2013-10-30 06:44:04'),
(3274, 108, 1018, '00:00:00', NULL, 0, NULL, '2013-10-30 06:44:04'),
(3275, 108, 1019, '00:00:00', NULL, 0, NULL, '2013-10-30 06:44:04'),
(3276, 108, 1020, '00:00:00', NULL, 0, NULL, '2013-10-30 06:44:04'),
(3277, 108, 1021, '00:00:00', NULL, 0, NULL, '2013-10-30 06:44:04'),
(3278, 108, 1022, '00:00:00', NULL, 0, NULL, '2013-10-30 06:44:04'),
(3279, 108, 1023, '00:00:00', NULL, 0, NULL, '2013-10-30 06:44:04'),
(3280, 108, 1024, '00:00:00', NULL, 0, NULL, '2013-10-30 06:44:04'),
(3281, 108, 1025, '00:00:00', NULL, 0, NULL, '2013-10-30 06:44:04'),
(3282, 108, 1026, '00:00:00', NULL, 0, NULL, '2013-10-30 06:44:04'),
(3283, 108, 1027, '00:00:00', NULL, 0, NULL, '2013-10-30 06:44:04'),
(3284, 108, 1028, '00:00:00', NULL, 0, NULL, '2013-10-30 06:44:04'),
(3285, 108, 1029, '00:00:00', NULL, 0, NULL, '2013-10-30 06:44:04'),
(3286, 108, 1030, '00:00:00', NULL, 0, NULL, '2013-10-30 06:44:04'),
(3287, 109, 1000, '00:00:00', 'Sucio', 2, NULL, '2013-10-30 06:44:43'),
(3288, 109, 1001, '00:00:00', 'Sucio', 1, NULL, '2013-10-30 06:44:43'),
(3289, 109, 1002, '00:00:00', 'Sucio', 0.275, NULL, '2013-10-30 06:44:43'),
(3290, 109, 1003, '00:00:00', 'Sucio', 1, NULL, '2013-10-30 06:44:43'),
(3291, 109, 1004, '00:00:00', NULL, 0, NULL, '2013-11-02 06:28:06'),
(3292, 109, 1005, '00:00:00', NULL, 0, NULL, '2013-10-30 06:44:04'),
(3293, 109, 1006, '00:00:00', NULL, 0, NULL, '2013-10-30 06:44:04'),
(3294, 109, 1007, '00:00:00', NULL, 0, NULL, '2013-10-30 06:44:04'),
(3295, 109, 1008, '00:00:00', NULL, 0, NULL, '2013-10-30 06:44:04'),
(3296, 109, 1009, '00:00:00', NULL, 0, NULL, '2013-10-30 06:44:04'),
(3297, 109, 1010, '00:00:00', NULL, 0, NULL, '2013-10-30 06:44:04'),
(3298, 109, 1011, '00:00:00', NULL, 0, NULL, '2013-10-30 06:44:04'),
(3299, 109, 1012, '00:00:00', NULL, 0, NULL, '2013-10-30 06:44:04'),
(3300, 109, 1013, '00:00:00', NULL, 0, NULL, '2013-10-30 06:44:04'),
(3301, 109, 1014, '00:00:00', NULL, 0, NULL, '2013-10-30 06:44:04'),
(3302, 109, 1015, '00:00:00', NULL, 0, NULL, '2013-10-30 06:44:04'),
(3303, 109, 1016, '00:00:00', NULL, 0, NULL, '2013-10-30 06:44:04'),
(3304, 109, 1017, '00:00:00', NULL, 0, NULL, '2013-10-30 06:44:04'),
(3305, 109, 1018, '00:00:00', NULL, 0, NULL, '2013-10-30 06:44:04'),
(3306, 109, 1019, '00:00:00', NULL, 0, NULL, '2013-10-30 06:44:04'),
(3307, 109, 1020, '00:00:00', NULL, 0, NULL, '2013-10-30 06:44:04'),
(3308, 109, 1021, '00:00:00', NULL, 0, NULL, '2013-10-30 06:44:04'),
(3309, 109, 1022, '00:00:00', NULL, 0, NULL, '2013-10-30 06:44:04'),
(3310, 109, 1023, '00:00:00', NULL, 0, NULL, '2013-10-30 06:44:04'),
(3311, 109, 1024, '00:00:00', NULL, 0, NULL, '2013-10-30 06:44:04'),
(3312, 109, 1025, '00:00:00', NULL, 0, NULL, '2013-10-30 06:44:04'),
(3313, 109, 1026, '00:00:00', NULL, 0, NULL, '2013-10-30 06:44:04'),
(3314, 109, 1027, '00:00:00', NULL, 0, NULL, '2013-10-30 06:44:04'),
(3315, 109, 1028, '00:00:00', NULL, 0, NULL, '2013-10-30 06:44:04'),
(3316, 109, 1029, '00:00:00', NULL, 0, NULL, '2013-10-30 06:44:04'),
(3317, 109, 1030, '00:00:00', NULL, 0, NULL, '2013-10-30 06:44:04'),
(3349, 110, 1000, '00:00:00', 'Sucio', 2, NULL, '2013-10-30 06:44:43'),
(3350, 110, 1001, '00:00:00', 'Sucio', 1, NULL, '2013-10-30 06:44:43'),
(3351, 110, 1002, '00:00:00', 'Sucio', 0.275, NULL, '2013-10-30 06:44:43'),
(3352, 110, 1003, '00:00:00', 'Sucio', 1, NULL, '2013-10-30 06:44:43'),
(3353, 110, 1004, '00:00:00', NULL, 0, NULL, '2013-11-02 06:28:06'),
(3354, 110, 1005, '00:00:00', NULL, 0, NULL, '2013-10-30 06:44:04'),
(3355, 110, 1006, '00:00:00', NULL, 0, NULL, '2013-10-30 06:44:04'),
(3356, 110, 1007, '00:00:00', NULL, 0, NULL, '2013-10-30 06:44:04'),
(3357, 110, 1008, '00:00:00', NULL, 0, NULL, '2013-10-30 06:44:04'),
(3358, 110, 1009, '00:00:00', NULL, 0, NULL, '2013-10-30 06:44:04'),
(3359, 110, 1010, '00:00:00', NULL, 0, NULL, '2013-10-30 06:44:04'),
(3360, 110, 1011, '00:00:00', NULL, 0, NULL, '2013-10-30 06:44:04'),
(3361, 110, 1012, '00:00:00', NULL, 0, NULL, '2013-10-30 06:44:04'),
(3362, 110, 1013, '00:00:00', NULL, 0, NULL, '2013-10-30 06:44:04'),
(3363, 110, 1014, '00:00:00', NULL, 0, NULL, '2013-10-30 06:44:04'),
(3364, 110, 1015, '00:00:00', NULL, 0, NULL, '2013-10-30 06:44:04'),
(3365, 110, 1016, '00:00:00', NULL, 0, NULL, '2013-10-30 06:44:04'),
(3366, 110, 1017, '00:00:00', NULL, 0, NULL, '2013-10-30 06:44:04'),
(3367, 110, 1018, '00:00:00', NULL, 0, NULL, '2013-10-30 06:44:04'),
(3368, 110, 1019, '00:00:00', NULL, 0, NULL, '2013-10-30 06:44:04'),
(3369, 110, 1020, '00:00:00', NULL, 0, NULL, '2013-10-30 06:44:04'),
(3370, 110, 1021, '00:00:00', NULL, 0, NULL, '2013-10-30 06:44:04'),
(3371, 110, 1022, '00:00:00', NULL, 0, NULL, '2013-10-30 06:44:04'),
(3372, 110, 1023, '00:00:00', NULL, 0, NULL, '2013-10-30 06:44:04'),
(3373, 110, 1024, '00:00:00', NULL, 0, NULL, '2013-10-30 06:44:04'),
(3374, 110, 1025, '00:00:00', NULL, 0, NULL, '2013-10-30 06:44:04'),
(3375, 110, 1026, '00:00:00', NULL, 0, NULL, '2013-10-30 06:44:04'),
(3376, 110, 1027, '00:00:00', NULL, 0, NULL, '2013-10-30 06:44:04'),
(3377, 110, 1028, '00:00:00', NULL, 0, NULL, '2013-10-30 06:44:04'),
(3378, 110, 1029, '00:00:00', NULL, 0, NULL, '2013-10-30 06:44:04'),
(3379, 110, 1030, '00:00:00', NULL, 0, NULL, '2013-10-30 06:44:04'),
(3380, 111, 1000, '00:00:00', 'Sucio', 2, NULL, '2013-10-30 06:44:43'),
(3381, 111, 1001, '00:00:00', 'Sucio', 1, NULL, '2013-10-30 06:44:43'),
(3382, 111, 1002, '00:00:00', 'Sucio', 0.275, NULL, '2013-10-30 06:44:43'),
(3383, 111, 1003, '00:00:00', 'Sucio', 1, NULL, '2013-10-30 06:44:43'),
(3384, 111, 1004, '00:00:00', NULL, 0, NULL, '2013-11-02 06:28:06'),
(3385, 111, 1005, '00:00:00', NULL, 0, NULL, '2013-10-30 06:44:04'),
(3386, 111, 1006, '00:00:00', NULL, 0, NULL, '2013-10-30 06:44:04'),
(3387, 111, 1007, '00:00:00', NULL, 0, NULL, '2013-10-30 06:44:04'),
(3388, 111, 1008, '00:00:00', NULL, 0, NULL, '2013-10-30 06:44:04'),
(3389, 111, 1009, '00:00:00', NULL, 0, NULL, '2013-10-30 06:44:04'),
(3390, 111, 1010, '00:00:00', NULL, 0, NULL, '2013-10-30 06:44:04'),
(3391, 111, 1011, '00:00:00', NULL, 0, NULL, '2013-10-30 06:44:04'),
(3392, 111, 1012, '00:00:00', NULL, 0, NULL, '2013-10-30 06:44:04'),
(3393, 111, 1013, '00:00:00', NULL, 0, NULL, '2013-10-30 06:44:04'),
(3394, 111, 1014, '00:00:00', NULL, 0, NULL, '2013-10-30 06:44:04'),
(3395, 111, 1015, '00:00:00', NULL, 0, NULL, '2013-10-30 06:44:04'),
(3396, 111, 1016, '00:00:00', NULL, 0, NULL, '2013-10-30 06:44:04'),
(3397, 111, 1017, '00:00:00', NULL, 0, NULL, '2013-10-30 06:44:04'),
(3398, 111, 1018, '00:00:00', NULL, 0, NULL, '2013-10-30 06:44:04'),
(3399, 111, 1019, '00:00:00', NULL, 0, NULL, '2013-10-30 06:44:04'),
(3400, 111, 1020, '00:00:00', NULL, 0, NULL, '2013-10-30 06:44:04'),
(3401, 111, 1021, '00:00:00', NULL, 0, NULL, '2013-10-30 06:44:04'),
(3402, 111, 1022, '00:00:00', NULL, 0, NULL, '2013-10-30 06:44:04'),
(3403, 111, 1023, '00:00:00', NULL, 0, NULL, '2013-10-30 06:44:04'),
(3404, 111, 1024, '00:00:00', NULL, 0, NULL, '2013-10-30 06:44:04'),
(3405, 111, 1025, '00:00:00', NULL, 0, NULL, '2013-10-30 06:44:04'),
(3406, 111, 1026, '00:00:00', NULL, 0, NULL, '2013-10-30 06:44:04'),
(3407, 111, 1027, '00:00:00', NULL, 0, NULL, '2013-10-30 06:44:04'),
(3408, 111, 1028, '00:00:00', NULL, 0, NULL, '2013-10-30 06:44:04'),
(3409, 111, 1029, '00:00:00', NULL, 0, NULL, '2013-10-30 06:44:04'),
(3410, 111, 1030, '00:00:00', NULL, 0, NULL, '2013-10-30 06:44:04'),
(3411, 112, 1000, '00:00:00', 'Sucio', 2, NULL, '2013-10-30 06:44:43'),
(3412, 112, 1001, '00:00:00', 'Sucio', 1, NULL, '2013-10-30 06:44:43'),
(3413, 112, 1002, '00:00:00', 'Sucio', 0.275, NULL, '2013-10-30 06:44:43'),
(3414, 112, 1003, '00:00:00', 'Sucio', 1, NULL, '2013-10-30 06:44:43'),
(3415, 112, 1004, '00:00:00', NULL, 0, NULL, '2013-11-02 06:28:06'),
(3416, 112, 1005, '00:00:00', NULL, 0, NULL, '2013-10-30 06:44:04'),
(3417, 112, 1006, '00:00:00', NULL, 0, NULL, '2013-10-30 06:44:04'),
(3418, 112, 1007, '00:00:00', NULL, 0, NULL, '2013-10-30 06:44:04'),
(3419, 112, 1008, '00:00:00', NULL, 0, NULL, '2013-10-30 06:44:04'),
(3420, 112, 1009, '00:00:00', NULL, 0, NULL, '2013-10-30 06:44:04'),
(3421, 112, 1010, '00:00:00', NULL, 0, NULL, '2013-10-30 06:44:04'),
(3422, 112, 1011, '00:00:00', NULL, 0, NULL, '2013-10-30 06:44:04'),
(3423, 112, 1012, '00:00:00', NULL, 0, NULL, '2013-10-30 06:44:04'),
(3424, 112, 1013, '00:00:00', NULL, 0, NULL, '2013-10-30 06:44:04'),
(3425, 112, 1014, '00:00:00', NULL, 0, NULL, '2013-10-30 06:44:04'),
(3426, 112, 1015, '00:00:00', NULL, 0, NULL, '2013-10-30 06:44:04'),
(3427, 112, 1016, '00:00:00', NULL, 0, NULL, '2013-10-30 06:44:04'),
(3428, 112, 1017, '00:00:00', NULL, 0, NULL, '2013-10-30 06:44:04'),
(3429, 112, 1018, '00:00:00', NULL, 0, NULL, '2013-10-30 06:44:04'),
(3430, 112, 1019, '00:00:00', NULL, 0, NULL, '2013-10-30 06:44:04'),
(3431, 112, 1020, '00:00:00', NULL, 0, NULL, '2013-10-30 06:44:04'),
(3432, 112, 1021, '00:00:00', NULL, 0, NULL, '2013-10-30 06:44:04'),
(3433, 112, 1022, '00:00:00', NULL, 0, NULL, '2013-10-30 06:44:04'),
(3434, 112, 1023, '00:00:00', NULL, 0, NULL, '2013-10-30 06:44:04'),
(3435, 112, 1024, '00:00:00', NULL, 0, NULL, '2013-10-30 06:44:04'),
(3436, 112, 1025, '00:00:00', NULL, 0, NULL, '2013-10-30 06:44:04'),
(3437, 112, 1026, '00:00:00', NULL, 0, NULL, '2013-10-30 06:44:04'),
(3438, 112, 1027, '00:00:00', NULL, 0, NULL, '2013-10-30 06:44:04'),
(3439, 112, 1028, '00:00:00', NULL, 0, NULL, '2013-10-30 06:44:04'),
(3440, 112, 1029, '00:00:00', NULL, 0, NULL, '2013-10-30 06:44:04'),
(3441, 112, 1030, '00:00:00', NULL, 0, NULL, '2013-10-30 06:44:04'),
(3442, 113, 1000, '00:00:00', 'Sucio', 2, NULL, '2013-10-30 06:44:43'),
(3443, 113, 1001, '00:00:00', 'Sucio', 1, NULL, '2013-10-30 06:44:43'),
(3444, 113, 1002, '00:00:00', 'Sucio', 0.275, NULL, '2013-10-30 06:44:43'),
(3445, 113, 1003, '00:00:00', 'Sucio', 1, NULL, '2013-10-30 06:44:43'),
(3446, 113, 1004, '00:00:00', NULL, 0, NULL, '2013-11-02 06:28:06'),
(3447, 113, 1005, '00:00:00', NULL, 0, NULL, '2013-10-30 06:44:04'),
(3448, 113, 1006, '00:00:00', NULL, 0, NULL, '2013-10-30 06:44:04'),
(3449, 113, 1007, '00:00:00', NULL, 0, NULL, '2013-10-30 06:44:04'),
(3450, 113, 1008, '00:00:00', NULL, 0, NULL, '2013-10-30 06:44:04'),
(3451, 113, 1009, '00:00:00', NULL, 0, NULL, '2013-10-30 06:44:04'),
(3452, 113, 1010, '00:00:00', NULL, 0, NULL, '2013-10-30 06:44:04'),
(3453, 113, 1011, '00:00:00', NULL, 0, NULL, '2013-10-30 06:44:04'),
(3454, 113, 1012, '00:00:00', NULL, 0, NULL, '2013-10-30 06:44:04'),
(3455, 113, 1013, '00:00:00', NULL, 0, NULL, '2013-10-30 06:44:04'),
(3456, 113, 1014, '00:00:00', NULL, 0, NULL, '2013-10-30 06:44:04'),
(3457, 113, 1015, '00:00:00', NULL, 0, NULL, '2013-10-30 06:44:04'),
(3458, 113, 1016, '00:00:00', NULL, 0, NULL, '2013-10-30 06:44:04'),
(3459, 113, 1017, '00:00:00', NULL, 0, NULL, '2013-10-30 06:44:04'),
(3460, 113, 1018, '00:00:00', NULL, 0, NULL, '2013-10-30 06:44:04'),
(3461, 113, 1019, '00:00:00', NULL, 0, NULL, '2013-10-30 06:44:04'),
(3462, 113, 1020, '00:00:00', NULL, 0, NULL, '2013-10-30 06:44:04'),
(3463, 113, 1021, '00:00:00', NULL, 0, NULL, '2013-10-30 06:44:04'),
(3464, 113, 1022, '00:00:00', NULL, 0, NULL, '2013-10-30 06:44:04'),
(3465, 113, 1023, '00:00:00', NULL, 0, NULL, '2013-10-30 06:44:04'),
(3466, 113, 1024, '00:00:00', NULL, 0, NULL, '2013-10-30 06:44:04'),
(3467, 113, 1025, '00:00:00', NULL, 0, NULL, '2013-10-30 06:44:04'),
(3468, 113, 1026, '00:00:00', NULL, 0, NULL, '2013-10-30 06:44:04'),
(3469, 113, 1027, '00:00:00', NULL, 0, NULL, '2013-10-30 06:44:04'),
(3470, 113, 1028, '00:00:00', NULL, 0, NULL, '2013-10-30 06:44:04'),
(3471, 113, 1029, '00:00:00', NULL, 0, NULL, '2013-10-30 06:44:04'),
(3472, 113, 1030, '00:00:00', NULL, 0, NULL, '2013-10-30 06:44:04'),
(3473, 114, 1000, '00:00:00', 'Sucio', 2, NULL, '2013-10-30 06:44:43'),
(3474, 114, 1001, '00:00:00', 'Sucio', 1, NULL, '2013-10-30 06:44:43'),
(3475, 114, 1002, '00:00:00', 'Sucio', 0.275, NULL, '2013-10-30 06:44:43'),
(3476, 114, 1003, '00:00:00', 'Sucio', 1, NULL, '2013-10-30 06:44:43'),
(3477, 114, 1004, '00:00:00', NULL, 0, NULL, '2013-11-02 06:28:06'),
(3478, 114, 1005, '00:00:00', NULL, 0, NULL, '2013-10-30 06:44:04'),
(3479, 114, 1006, '00:00:00', NULL, 0, NULL, '2013-10-30 06:44:04'),
(3480, 114, 1007, '00:00:00', NULL, 0, NULL, '2013-10-30 06:44:04'),
(3481, 114, 1008, '00:00:00', NULL, 0, NULL, '2013-10-30 06:44:04'),
(3482, 114, 1009, '00:00:00', NULL, 0, NULL, '2013-10-30 06:44:04'),
(3483, 114, 1010, '00:00:00', NULL, 0, NULL, '2013-10-30 06:44:04'),
(3484, 114, 1011, '00:00:00', NULL, 0, NULL, '2013-10-30 06:44:04'),
(3485, 114, 1012, '00:00:00', NULL, 0, NULL, '2013-10-30 06:44:04'),
(3486, 114, 1013, '00:00:00', NULL, 0, NULL, '2013-10-30 06:44:04'),
(3487, 114, 1014, '00:00:00', NULL, 0, NULL, '2013-10-30 06:44:04'),
(3488, 114, 1015, '00:00:00', NULL, 0, NULL, '2013-10-30 06:44:04'),
(3489, 114, 1016, '00:00:00', NULL, 0, NULL, '2013-10-30 06:44:04'),
(3490, 114, 1017, '00:00:00', NULL, 0, NULL, '2013-10-30 06:44:04'),
(3491, 114, 1018, '00:00:00', NULL, 0, NULL, '2013-10-30 06:44:04'),
(3492, 114, 1019, '00:00:00', NULL, 0, NULL, '2013-10-30 06:44:04'),
(3493, 114, 1020, '00:00:00', NULL, 0, NULL, '2013-10-30 06:44:04'),
(3494, 114, 1021, '00:00:00', NULL, 0, NULL, '2013-10-30 06:44:04'),
(3495, 114, 1022, '00:00:00', NULL, 0, NULL, '2013-10-30 06:44:04'),
(3496, 114, 1023, '00:00:00', NULL, 0, NULL, '2013-10-30 06:44:04'),
(3497, 114, 1024, '00:00:00', NULL, 0, NULL, '2013-10-30 06:44:04'),
(3498, 114, 1025, '00:00:00', NULL, 0, NULL, '2013-10-30 06:44:04'),
(3499, 114, 1026, '00:00:00', NULL, 0, NULL, '2013-10-30 06:44:04'),
(3500, 114, 1027, '00:00:00', NULL, 0, NULL, '2013-10-30 06:44:04'),
(3501, 114, 1028, '00:00:00', NULL, 0, NULL, '2013-10-30 06:44:04'),
(3502, 114, 1029, '00:00:00', NULL, 0, NULL, '2013-10-30 06:44:04'),
(3503, 114, 1030, '00:00:00', NULL, 0, NULL, '2013-10-30 06:44:04'),
(3504, 115, 1000, '00:00:00', 'Sucio', 2, NULL, '2013-10-30 06:44:43'),
(3505, 115, 1001, '00:00:00', 'Sucio', 1, NULL, '2013-10-30 06:44:43'),
(3506, 115, 1002, '00:00:00', 'Sucio', 0.275, NULL, '2013-10-30 06:44:43'),
(3507, 115, 1003, '00:00:00', 'Sucio', 1, NULL, '2013-10-30 06:44:43'),
(3508, 115, 1004, '00:00:00', NULL, 0, NULL, '2013-11-02 06:28:06'),
(3509, 115, 1005, '00:00:00', NULL, 0, NULL, '2013-10-30 06:44:04'),
(3510, 115, 1006, '00:00:00', NULL, 0, NULL, '2013-10-30 06:44:04'),
(3511, 115, 1007, '00:00:00', NULL, 0, NULL, '2013-10-30 06:44:04'),
(3512, 115, 1008, '00:00:00', NULL, 0, NULL, '2013-10-30 06:44:04'),
(3513, 115, 1009, '00:00:00', NULL, 0, NULL, '2013-10-30 06:44:04'),
(3514, 115, 1010, '00:00:00', NULL, 0, NULL, '2013-10-30 06:44:04'),
(3515, 115, 1011, '00:00:00', NULL, 0, NULL, '2013-10-30 06:44:04'),
(3516, 115, 1012, '00:00:00', NULL, 0, NULL, '2013-10-30 06:44:04'),
(3517, 115, 1013, '00:00:00', NULL, 0, NULL, '2013-10-30 06:44:04'),
(3518, 115, 1014, '00:00:00', NULL, 0, NULL, '2013-10-30 06:44:04'),
(3519, 115, 1015, '00:00:00', NULL, 0, NULL, '2013-10-30 06:44:04'),
(3520, 115, 1016, '00:00:00', NULL, 0, NULL, '2013-10-30 06:44:04'),
(3521, 115, 1017, '00:00:00', NULL, 0, NULL, '2013-10-30 06:44:04'),
(3522, 115, 1018, '00:00:00', NULL, 0, NULL, '2013-10-30 06:44:04'),
(3523, 115, 1019, '00:00:00', NULL, 0, NULL, '2013-10-30 06:44:04'),
(3524, 115, 1020, '00:00:00', NULL, 0, NULL, '2013-10-30 06:44:04'),
(3525, 115, 1021, '00:00:00', NULL, 0, NULL, '2013-10-30 06:44:04'),
(3526, 115, 1022, '00:00:00', NULL, 0, NULL, '2013-10-30 06:44:04'),
(3527, 115, 1023, '00:00:00', NULL, 0, NULL, '2013-10-30 06:44:04'),
(3528, 115, 1024, '00:00:00', NULL, 0, NULL, '2013-10-30 06:44:04'),
(3529, 115, 1025, '00:00:00', NULL, 0, NULL, '2013-10-30 06:44:04'),
(3530, 115, 1026, '00:00:00', NULL, 0, NULL, '2013-10-30 06:44:04'),
(3531, 115, 1027, '00:00:00', NULL, 0, NULL, '2013-10-30 06:44:04'),
(3532, 115, 1028, '00:00:00', NULL, 0, NULL, '2013-10-30 06:44:04'),
(3533, 115, 1029, '00:00:00', NULL, 0, NULL, '2013-10-30 06:44:04'),
(3534, 115, 1030, '00:00:00', NULL, 0, NULL, '2013-10-30 06:44:04'),
(3535, 116, 1000, '00:00:00', 'Sucio', 2, NULL, '2013-10-30 06:44:43'),
(3536, 116, 1001, '00:00:00', 'Sucio', 1, NULL, '2013-10-30 06:44:43'),
(3537, 116, 1002, '00:00:00', 'Sucio', 0.275, NULL, '2013-10-30 06:44:43'),
(3538, 116, 1003, '00:00:00', 'Sucio', 1, NULL, '2013-10-30 06:44:43'),
(3539, 116, 1004, '00:00:00', NULL, 0, NULL, '2013-11-02 06:28:06'),
(3540, 116, 1005, '00:00:00', NULL, 0, NULL, '2013-10-30 06:44:04'),
(3541, 116, 1006, '00:00:00', NULL, 0, NULL, '2013-10-30 06:44:04'),
(3542, 116, 1007, '00:00:00', NULL, 0, NULL, '2013-10-30 06:44:04'),
(3543, 116, 1008, '00:00:00', NULL, 0, NULL, '2013-10-30 06:44:04'),
(3544, 116, 1009, '00:00:00', NULL, 0, NULL, '2013-10-30 06:44:04'),
(3545, 116, 1010, '00:00:00', NULL, 0, NULL, '2013-10-30 06:44:04'),
(3546, 116, 1011, '00:00:00', NULL, 0, NULL, '2013-10-30 06:44:04'),
(3547, 116, 1012, '00:00:00', NULL, 0, NULL, '2013-10-30 06:44:04'),
(3548, 116, 1013, '00:00:00', NULL, 0, NULL, '2013-10-30 06:44:04'),
(3549, 116, 1014, '00:00:00', NULL, 0, NULL, '2013-10-30 06:44:04'),
(3550, 116, 1015, '00:00:00', NULL, 0, NULL, '2013-10-30 06:44:04'),
(3551, 116, 1016, '00:00:00', NULL, 0, NULL, '2013-10-30 06:44:04'),
(3552, 116, 1017, '00:00:00', NULL, 0, NULL, '2013-10-30 06:44:04'),
(3553, 116, 1018, '00:00:00', NULL, 0, NULL, '2013-10-30 06:44:04'),
(3554, 116, 1019, '00:00:00', NULL, 0, NULL, '2013-10-30 06:44:04'),
(3555, 116, 1020, '00:00:00', NULL, 0, NULL, '2013-10-30 06:44:04'),
(3556, 116, 1021, '00:00:00', NULL, 0, NULL, '2013-10-30 06:44:04'),
(3557, 116, 1022, '00:00:00', NULL, 0, NULL, '2013-10-30 06:44:04'),
(3558, 116, 1023, '00:00:00', NULL, 0, NULL, '2013-10-30 06:44:04'),
(3559, 116, 1024, '00:00:00', NULL, 0, NULL, '2013-10-30 06:44:04'),
(3560, 116, 1025, '00:00:00', NULL, 0, NULL, '2013-10-30 06:44:04'),
(3561, 116, 1026, '00:00:00', NULL, 0, NULL, '2013-10-30 06:44:04'),
(3562, 116, 1027, '00:00:00', NULL, 0, NULL, '2013-10-30 06:44:04'),
(3563, 116, 1028, '00:00:00', NULL, 0, NULL, '2013-10-30 06:44:04'),
(3564, 116, 1029, '00:00:00', NULL, 0, NULL, '2013-10-30 06:44:04'),
(3565, 116, 1030, '00:00:00', NULL, 0, NULL, '2013-10-30 06:44:04'),
(3566, 117, 1000, '00:00:00', 'Falto', 0.125, NULL, '2013-10-30 06:44:43'),
(3567, 117, 1001, '00:00:00', NULL, 0, NULL, '2013-10-30 06:44:43'),
(3568, 117, 1002, '00:00:00', NULL, 0, NULL, '2013-10-30 06:44:43'),
(3569, 117, 1003, '00:00:00', NULL, 0, NULL, '2013-10-30 06:44:43'),
(3570, 117, 1004, '00:00:00', NULL, 0, NULL, '2013-11-02 06:28:06'),
(3571, 117, 1005, '00:00:00', NULL, 0, NULL, '2013-10-30 06:44:04'),
(3572, 117, 1006, '00:00:00', NULL, 0, NULL, '2013-10-30 06:44:04'),
(3573, 117, 1007, '00:00:00', NULL, 0, NULL, '2013-10-30 06:44:04'),
(3574, 117, 1008, '00:00:00', NULL, 0, NULL, '2013-10-30 06:44:04'),
(3575, 117, 1009, '00:00:00', NULL, 0, NULL, '2013-10-30 06:44:04'),
(3576, 117, 1010, '00:00:00', NULL, 0, NULL, '2013-10-30 06:44:04'),
(3577, 117, 1011, '00:00:00', NULL, 0, NULL, '2013-10-30 06:44:04'),
(3578, 117, 1012, '00:00:00', NULL, 0, NULL, '2013-10-30 06:44:04'),
(3579, 117, 1013, '00:00:00', NULL, 0, NULL, '2013-10-30 06:44:04'),
(3580, 117, 1014, '00:00:00', NULL, 0, NULL, '2013-10-30 06:44:04'),
(3581, 117, 1015, '00:00:00', NULL, 0, NULL, '2013-10-30 06:44:04'),
(3582, 117, 1016, '00:00:00', NULL, 0, NULL, '2013-10-30 06:44:04'),
(3583, 117, 1017, '00:00:00', NULL, 0, NULL, '2013-10-30 06:44:04'),
(3584, 117, 1018, '00:00:00', NULL, 0, NULL, '2013-10-30 06:44:04'),
(3585, 117, 1019, '00:00:00', NULL, 0, NULL, '2013-10-30 06:44:04'),
(3586, 117, 1020, '00:00:00', NULL, 0, NULL, '2013-10-30 06:44:04'),
(3587, 117, 1021, '00:00:00', NULL, 0, NULL, '2013-10-30 06:44:04'),
(3588, 117, 1022, '00:00:00', NULL, 0, NULL, '2013-10-30 06:44:04'),
(3589, 117, 1023, '00:00:00', NULL, 0, NULL, '2013-10-30 06:44:04'),
(3590, 117, 1024, '00:00:00', NULL, 0, NULL, '2013-10-30 06:44:04'),
(3591, 117, 1025, '00:00:00', NULL, 0, NULL, '2013-10-30 06:44:04'),
(3592, 117, 1026, '00:00:00', NULL, 0, NULL, '2013-10-30 06:44:04'),
(3593, 117, 1027, '00:00:00', NULL, 0, NULL, '2013-10-30 06:44:04'),
(3594, 117, 1028, '00:00:00', NULL, 0, NULL, '2013-10-30 06:44:04'),
(3595, 117, 1029, '00:00:00', NULL, 0, NULL, '2013-10-30 06:44:04'),
(3596, 117, 1030, '00:00:00', NULL, 0, NULL, '2013-10-30 06:44:04');

-- --------------------------------------------------------

--
-- Table structure for table `proveedor`
--

CREATE TABLE IF NOT EXISTS `proveedor` (
  `id_proveedor` varchar(13) NOT NULL,
  `id_ciudad` smallint(5) unsigned DEFAULT NULL,
  `id_contacto` smallint(5) unsigned DEFAULT NULL,
  `nombre` varchar(150) NOT NULL,
  `direccion` varchar(500) NOT NULL,
  `telefono` varchar(15) NOT NULL,
  `email` varchar(30) DEFAULT NULL,
  `credito` tinyint(1) DEFAULT NULL,
  `notas` mediumtext,
  `registro` timestamp NOT NULL DEFAULT CURRENT_TIMESTAMP ON UPDATE CURRENT_TIMESTAMP,
  PRIMARY KEY (`id_proveedor`),
  KEY `fk_proveedor_contacto` (`id_contacto`),
  KEY `fk_proveedor_ciudad` (`id_ciudad`)
) ENGINE=InnoDB DEFAULT CHARSET=latin1 COMMENT='Entidad encargada de registrar los datos básicos de proeedor de materiales \n		y repuestos de vehículos';

--
-- Dumping data for table `proveedor`
--

INSERT INTO `proveedor` (`id_proveedor`, `id_ciudad`, `id_contacto`, `nombre`, `direccion`, `telefono`, `email`, `credito`, `notas`, `registro`) VALUES
('099001865001', 53, NULL, 'ConAuto', 'Av. 10 De Agosto N 4012 Y Av. Gaspar De Villarroel', '2241555-2269208', NULL, NULL, 'Aceites 5w90', '2013-10-03 02:41:12'),
('1711093169001', 53, NULL, 'Filtro Mundo', 'El Inca 1813 e Isla Seymar', '2446828', '2447757', 0, 'Exijir descuento', '2013-10-18 23:50:10'),
('1790202321001', 53, NULL, 'Erco Tires', 'Av.10 De Agosto Y Rafael Bustamante', '6036205 - 2403-', 'pgavilanez@tire-experts.com.ec', NULL, 'Aceites 2w50 ', '2013-10-03 02:38:31');

-- --------------------------------------------------------

--
-- Table structure for table `provincia`
--

CREATE TABLE IF NOT EXISTS `provincia` (
  `id_provincia` smallint(5) unsigned NOT NULL AUTO_INCREMENT,
  `nombre` varchar(100) DEFAULT NULL,
  PRIMARY KEY (`id_provincia`)
) ENGINE=InnoDB  DEFAULT CHARSET=latin1 COMMENT='Entidad encargada de registrar, las provincias del Ecuador' AUTO_INCREMENT=25 ;

--
-- Dumping data for table `provincia`
--

INSERT INTO `provincia` (`id_provincia`, `nombre`) VALUES
(1, 'Azuay'),
(2, 'Bolívar'),
(3, 'Cañar'),
(4, 'Carchi'),
(5, 'Chimborazo'),
(6, 'Cotopaxi'),
(7, 'Esmeraldas'),
(8, 'El Oro'),
(9, 'Galápagos'),
(10, 'Guayas'),
(11, 'Imbabura'),
(12, 'Loja'),
(13, 'Los Ríos'),
(14, 'Manabí'),
(15, 'Morona Santiago'),
(16, 'Napo'),
(17, 'Orellana'),
(18, 'Pastaza'),
(19, 'Pichincha'),
(20, 'Santa Elena'),
(21, 'Santo Domingo de los Tsáchilas'),
(22, 'Sucumbíos'),
(23, 'Tungurahua'),
(24, 'Zamora Chinchipe');

-- --------------------------------------------------------

--
-- Table structure for table `reparacion`
--

CREATE TABLE IF NOT EXISTS `reparacion` (
  `id_reparacion` smallint(5) unsigned NOT NULL AUTO_INCREMENT,
  `id_viaje` smallint(5) unsigned NOT NULL,
  `id_vehiculo` char(17) NOT NULL,
  `id_ciudad` smallint(5) unsigned DEFAULT NULL,
  `periodo` smallint(5) unsigned NOT NULL,
  `fecha_entrada` datetime NOT NULL,
  `fecha_salida` datetime DEFAULT NULL,
  `notas` mediumtext,
  `registro` timestamp NOT NULL DEFAULT CURRENT_TIMESTAMP ON UPDATE CURRENT_TIMESTAMP,
  `kilometros` varchar(45) NOT NULL,
  PRIMARY KEY (`id_reparacion`),
  KEY `fk_reparacion_vehiculo` (`id_vehiculo`),
  KEY `fk_reparacion_viaje` (`id_viaje`),
  KEY `fk_reparacion_ciudad` (`id_ciudad`)
) ENGINE=InnoDB  DEFAULT CHARSET=latin1 COMMENT='Entidad encargada de registrar las reparaciones realizadas a los vehiculos polaris,\n		cada reparacion al vehiculo se registra en reparacion_detalle' AUTO_INCREMENT=17 ;

--
-- Dumping data for table `reparacion`
--

INSERT INTO `reparacion` (`id_reparacion`, `id_viaje`, `id_vehiculo`, `id_ciudad`, `periodo`, `fecha_entrada`, `fecha_salida`, `notas`, `registro`, `kilometros`) VALUES
(1, 10, '4XATH76A4D2290792', NULL, 0, '2013-10-22 00:00:00', '2013-10-22 00:00:00', 'Cambio del caucho guardagrasa del eje trasero izquierdo del vehiculo.\r\nNo se realizo el cambio de aceite recpectivo. ', '2013-10-26 00:22:45', ''),
(2, 10, '4XATH76A1D2290751', NULL, 0, '2013-10-22 00:00:00', '2013-10-22 00:00:00', 'Cambio del caucho guardagrasa del eje trasero izquierdo del vehiculo.\r\nNo se realizo el cambio respectivo del aceite al vehiculo.', '2013-10-26 00:26:30', ''),
(3, 10, '4XATH76A7D4317665', NULL, 0, '2013-10-22 00:00:00', '2013-10-22 00:00:00', 'Se cambio el caucho guardagrasa del eje izquierdo del vehiculo,\r\nSe repara el eje que estaba fuera de lugar.\r\nNOTA: EL EJE SE RECALIENTA MUCHO', '2013-10-26 00:32:38', ''),
(4, 1, '4XATH76A5D4315591', NULL, 0, '2013-07-23 00:00:00', '2013-07-23 00:00:00', 'Se Remplaza la abrazadera del eje trasero izquierdo del vehiculo.', '2013-10-26 00:49:16', ''),
(5, 7, '4XATH76A7D4315592', NULL, 0, '2013-10-02 00:00:00', '2013-10-02 00:00:00', 'Reparacion del caucho del eje trasero izquierdo del vehiculo.', '2013-10-26 00:51:45', ''),
(6, 7, '4XATH76A5D4315591', NULL, 0, '2013-10-04 00:00:00', '2013-10-04 00:00:00', 'Se cambio el caucho guardagrasa de eje izquierdo del vehiculo.', '2013-10-26 00:53:35', ''),
(7, 11, '4XATH76A7D4317665', NULL, 0, '2013-10-30 00:00:00', '2013-10-30 00:00:00', 'Se cambio nuevamente el caucho guardagrasa de eje trasero del vehiculo porque el que se abia colocado anteriormente no soporto y se puso un nuevo.este vehiculo se le retiro el eje derecho para probarlo en el vehiculo con numero de vin 4XATH76A7D437665 para verificar el calentamiento del lado izquierdo trasero este carro esta embancado para reparación de ejes.', '2013-11-01 00:44:16', ''),
(8, 11, '4XATH76A4D2290792', NULL, 0, '2013-10-30 00:00:00', '2013-10-30 00:00:00', 'Se cambio por segunda ves el caucho guardagrase del eje trasero del vehiculo porque el que estaba instalado anteriormente no soporto y se rompio.', '2013-11-01 00:45:48', ''),
(9, 11, '4XATH76A1D2290751', NULL, 0, '2013-10-30 00:00:00', '2013-10-30 00:00:00', 'Se cambio por segunda ves el caucho guardagrase del eje trasero del vehiculo porque el que estaba instalado anteriormente no soporto y se rompio.', '2013-11-01 00:46:57', ''),
(10, 12, '4XATH76AXD229831', 223, 31, '2013-11-04 00:00:00', '2013-11-05 00:00:00', 'Se reviso el vehiculo con el problema mensionado que no encendia razones por las cuales nos pudimos dar cuenta que el carro no encendia por la razon que en tanque dispensador de gasolina tenia puesto agua la cual realizamos el proceso de limpiado sacado de la bomba, limpiado de bujias, luejo de esto conectamos nuevamente la bomba y pudimos darnos cuenta que funciono correctamente.', '2013-11-26 20:15:00', ''),
(11, 12, '4XATH76A6D4317687', 209, 118, '2013-11-05 00:00:00', '2013-11-05 00:00:00', 'El vehiculo presentaba el check engine del vehiculo encendido por lo que se reviso sin presentar ningun problema se completo 18 de aceite.\r\n\r\nrevisado para facturacion', '2013-12-02 17:23:58', ''),
(12, 13, '4XATH76A1D2291043', NULL, 80, '2013-11-22 00:00:00', '2013-11-22 00:00:00', 'Se procede con la inspección del vehículo con número de VIN  4XATH76AXD2291043,  a cargo del Ing. JAIME ÑIETO.\r\n\r\nObservaciones:\r\nEl tanque  de gasolina contenía  agua\r\nSe limpió el tanque  de gasolina por completo\r\nSe realizó los respectivos  chequeos  al vehículos \r\nY se limpió las bujías  del  vehículos', '2013-12-02 16:36:12', '0'),
(13, 13, '4XATH76A4D2290792', 110, 47, '2013-11-22 00:00:00', '2013-11-22 00:00:00', 'Cambio de caucho Eje Trasero lado izquierdo, se cambia el eje trasero por uno nuevo ya que el anterior se encontraba quemado.', '2013-12-02 16:45:40', '1176'),
(14, 13, '4XATH76A5D2293197', 102, 23, '2013-11-21 00:00:00', '2013-11-21 00:00:00', 'Se le coloca los dos Ejes, Este carro está envancado, con la colocación de los ejes queda habilitado para funcionar.', '2013-12-02 16:51:01', '700'),
(15, 13, '4XATH76A1D2290751', 104, 40, '2013-11-21 00:00:00', '2013-12-21 00:00:00', 'Se repara El eje trasero del lado izquiero, se lo reemplaza por un eje nuevo, se realiza pruebas al vehículo y éste sigue recalentando el eje despues de 15 min de pruebas.', '2013-12-02 16:56:45', '1167'),
(16, 13, '4XATH76A7D4317665', 229, 52, '2013-11-21 00:00:00', '2013-11-21 00:00:00', 'Se reemplaza el caucho del eje trasero', '2013-12-02 17:03:37', '1164');

-- --------------------------------------------------------

--
-- Table structure for table `reparacion_detalle`
--

CREATE TABLE IF NOT EXISTS `reparacion_detalle` (
  `id_reparacion_detalle` smallint(5) unsigned NOT NULL,
  `id_reparacion` smallint(5) unsigned NOT NULL,
  `id_inventario` smallint(5) unsigned NOT NULL,
  `fecha` time NOT NULL,
  `estado` varchar(25) DEFAULT NULL COMMENT 'bueno, exelente,reparar,dañado,necesita cambio',
  `cantidad` smallint(5) unsigned NOT NULL,
  `notas` varchar(600) DEFAULT NULL,
  `registro` timestamp NOT NULL DEFAULT CURRENT_TIMESTAMP ON UPDATE CURRENT_TIMESTAMP,
  PRIMARY KEY (`id_reparacion_detalle`),
  KEY `fk_reparacion_detalle_reparacion` (`id_reparacion`),
  KEY `fk_reparacion_detalle_inventario` (`id_inventario`)
) ENGINE=InnoDB DEFAULT CHARSET=latin1 COMMENT='Entidad encargada de registrar los detalles de las reparaciones cada detalle puede \n				contener una salida de inventario';

-- --------------------------------------------------------

--
-- Table structure for table `tecnico`
--

CREATE TABLE IF NOT EXISTS `tecnico` (
  `id_tecnico` varchar(10) NOT NULL,
  `nombres` varchar(200) NOT NULL,
  `telefono` varchar(15) DEFAULT NULL,
  `celular` varchar(15) DEFAULT NULL,
  `email` varchar(100) DEFAULT NULL,
  `notas` mediumtext,
  `registro` timestamp NOT NULL DEFAULT CURRENT_TIMESTAMP ON UPDATE CURRENT_TIMESTAMP,
  PRIMARY KEY (`id_tecnico`)
) ENGINE=InnoDB DEFAULT CHARSET=latin1 COMMENT='Entidad encargada de registrar los tecnicos';

--
-- Dumping data for table `tecnico`
--

INSERT INTO `tecnico` (`id_tecnico`, `nombres`, `telefono`, `celular`, `email`, `notas`, `registro`) VALUES
('0803550466', 'Galo Sinchiguano Taipe ', NULL, '0981913856', 'galo.st10@hotmail.com', NULL, '2013-10-18 23:51:51'),
('1234567890', 'Richard Catagña', '022226906', NULL, NULL, NULL, '2013-11-14 15:18:51'),
('1711938025', 'Marco Llumiquinga', NULL, NULL, NULL, NULL, '2013-10-18 23:51:50'),
('1722919725', 'Eduardo Villota', '025119785', '0992936569', 'eduardouio7@gmail.com', NULL, '2013-10-20 01:11:32');

-- --------------------------------------------------------

--
-- Table structure for table `tecnico_viaje`
--

CREATE TABLE IF NOT EXISTS `tecnico_viaje` (
  `id_tecnico` varchar(10) NOT NULL,
  `id_viaje` smallint(5) unsigned NOT NULL,
  `registro` timestamp NOT NULL DEFAULT CURRENT_TIMESTAMP,
  PRIMARY KEY (`id_tecnico`,`id_viaje`),
  KEY `fk_tecnico_viaje` (`id_viaje`)
) ENGINE=InnoDB DEFAULT CHARSET=latin1 COMMENT='Registra a los técnicos en los mantenimientos para cada viaje';

--
-- Dumping data for table `tecnico_viaje`
--

INSERT INTO `tecnico_viaje` (`id_tecnico`, `id_viaje`, `registro`) VALUES
('0803550466', 1, '2013-11-14 15:12:54'),
('0803550466', 2, '2013-11-14 15:14:04'),
('0803550466', 3, '2013-11-14 15:20:28'),
('0803550466', 4, '2013-11-14 15:20:28'),
('0803550466', 5, '2013-11-14 15:20:28'),
('0803550466', 6, '2013-11-14 15:20:28'),
('0803550466', 7, '2013-11-14 15:20:28'),
('0803550466', 8, '2013-11-14 15:20:28'),
('0803550466', 10, '2013-11-14 15:20:29'),
('1234567890', 9, '2013-11-14 15:20:28'),
('1234567890', 12, '2013-11-14 15:26:04'),
('1711938025', 1, '2013-11-14 15:12:54'),
('1711938025', 2, '2013-11-14 15:14:04'),
('1711938025', 3, '2013-11-14 15:20:28'),
('1711938025', 5, '2013-11-14 15:20:28'),
('1711938025', 6, '2013-11-14 15:20:28'),
('1711938025', 7, '2013-11-14 15:20:28'),
('1711938025', 8, '2013-11-14 15:20:28'),
('1711938025', 10, '2013-11-14 15:20:29'),
('1711938025', 11, '2013-11-14 15:20:29'),
('1711938025', 12, '2013-11-14 15:26:04'),
('1722919725', 4, '2013-11-14 15:20:28'),
('1722919725', 9, '2013-11-14 15:20:28'),
('1722919725', 11, '2013-11-14 15:20:29');

-- --------------------------------------------------------

--
-- Table structure for table `vehiculo`
--

CREATE TABLE IF NOT EXISTS `vehiculo` (
  `id_vehiculo` char(17) NOT NULL,
  `id_cliente` char(13) NOT NULL,
  `id_contacto` smallint(5) unsigned DEFAULT NULL,
  `id_ciudad` smallint(5) unsigned DEFAULT NULL,
  `modelo` varchar(45) DEFAULT NULL,
  `nro_motor` varchar(25) DEFAULT NULL,
  `ingreso` datetime DEFAULT NULL,
  `notas` mediumtext,
  `registro` timestamp NOT NULL DEFAULT CURRENT_TIMESTAMP ON UPDATE CURRENT_TIMESTAMP,
  PRIMARY KEY (`id_vehiculo`),
  KEY `idx_vehiculo` (`id_vehiculo`),
  KEY `fk_vehiculo_cliente` (`id_cliente`),
  KEY `fk_vehiculo_contacto` (`id_contacto`),
  KEY `fk_vehiculo_ciudad` (`id_ciudad`)
) ENGINE=InnoDB DEFAULT CHARSET=latin1 COMMENT='Entidad encargada de registrar los vehículos el ingreso es la fecha\n				en la que el vehiculo fue entregado al MAGAP';

--
-- Dumping data for table `vehiculo`
--

INSERT INTO `vehiculo` (`id_vehiculo`, `id_cliente`, `id_contacto`, `id_ciudad`, `modelo`, `nro_motor`, `ingreso`, `notas`, `registro`) VALUES
('4AXTH76A0D2293219', '0360015690001', NULL, 152, 'Ranger 800 4X4 Of Road', NULL, NULL, NULL, '2013-10-26 01:38:35'),
('4XATH762AD4317220', '0560022430001', NULL, 196, 'Ranger 800 4X4 Of Road', NULL, NULL, NULL, '2013-10-26 01:38:35'),
('4XATH76A0D2290773', '1865012760001', NULL, 93, 'Ranger 800 4X4 Of Road', NULL, NULL, NULL, '2013-10-26 01:38:35'),
('4XATH76A0D2290787', '260004750001', NULL, 89, 'Ranger 800 4X4 Of Road', NULL, NULL, NULL, '2013-10-26 01:38:35'),
('4XATH76A0D2290790', '1865012760001', NULL, 197, 'Ranger 800 4X4 Of Road', NULL, NULL, NULL, '2013-10-26 01:38:35'),
('4XATH76A0D2290806', '0360015690001', NULL, 148, 'Ranger 800 4X4 Of Road', NULL, NULL, NULL, '2013-10-26 01:38:35'),
('4XATH76A0D2291065', '260004750001', NULL, 92, 'Ranger 800 4X4 Of Road', NULL, NULL, NULL, '2013-10-26 01:38:35'),
('4XATH76A0D2291079', '1865012760001', NULL, 92, 'Ranger 800 4X4 Of Road', NULL, NULL, NULL, '2013-10-26 01:38:35'),
('4XATH76A0D2291101', '0560022430001', NULL, 198, 'Ranger 800 4X4 Of Road', NULL, NULL, NULL, '2013-10-26 01:38:35'),
('4XATH76A0D2293205', '0560022430001', NULL, 80, 'Ranger 800 4X4 Of Road', NULL, NULL, NULL, '2013-10-26 01:38:35'),
('4XATH76A0D2293222', '0560022430001', NULL, 84, 'Ranger 800 4X4 Of Road', NULL, NULL, NULL, '2013-10-26 01:38:35'),
('4XATH76A0D2293253', '0660819660001', NULL, 101, 'Ranger 800 4X4 Of Road', NULL, NULL, NULL, '2013-10-26 01:38:35'),
('4XATH76A0D4315504', '260004750001', NULL, 89, 'Ranger 800 4X4 Of Road', NULL, NULL, NULL, '2013-10-26 01:38:35'),
('4XATH76A0D4315563', '260004750001', NULL, 90, 'Ranger 800 4X4 Of Road', NULL, NULL, NULL, '2013-10-26 01:38:35'),
('4XATH76A0D4317667', '0660819660001', NULL, 110, 'Ranger 800 4X4 Of Road', NULL, NULL, NULL, '2013-10-26 01:38:35'),
('4XATH76A0D4317684', '0560022430001', NULL, 199, 'Ranger 800 4X4 Of Road', NULL, NULL, NULL, '2013-10-26 01:38:35'),
('4XATH76A1D2290751', '0660819660001', NULL, 102, 'Ranger 800 4X4 Of Road', NULL, NULL, NULL, '2013-12-02 16:54:55'),
('4XATH76A1D2290765', '0560022430001', NULL, 225, NULL, NULL, NULL, NULL, '2013-11-26 19:51:41'),
('4XATH76A1D2290779', '0660819660001', NULL, 101, 'Ranger 800 4X4 Of Road', NULL, NULL, NULL, '2013-10-26 01:38:35'),
('4XATH76A1D2291043', '0360015690001', NULL, 200, 'Ranger 800 4X4 Of Road', NULL, NULL, NULL, '2013-12-02 16:32:32'),
('4XATH76A1D2293262', '0360015690001', NULL, 151, 'Ranger 800 4X4 Of Road', NULL, NULL, NULL, '2013-10-26 01:38:35'),
('4XATH76A2D2290757', '0560022430001', NULL, 226, NULL, NULL, NULL, 'Segundo cambio de aceite el primer cambio no esta registrado.', '2013-11-26 20:00:17'),
('4XATH76A2D2291049', '260004750001', NULL, 201, 'Ranger 800 4X4 Of Road', NULL, NULL, NULL, '2013-10-26 01:38:35'),
('4XATH76A2D2293206', '0360015690001', NULL, 152, 'Ranger 800 4X4 Of Road', NULL, NULL, NULL, '2013-10-26 01:38:35'),
('4XATH76A2D4315550', '0360015690001', NULL, 149, 'Ranger 800 4X4 Of Road', NULL, NULL, NULL, '2013-10-26 01:38:35'),
('4XATH76A2D4315564', '260004750001', NULL, 89, 'Ranger 800 4X4 Of Road', NULL, NULL, NULL, '2013-10-26 01:38:35'),
('4XATH76A2D4315595', '260004750001', NULL, 89, 'Ranger 800 4X4 Of Road', NULL, NULL, NULL, '2013-10-26 01:38:35'),
('4XATH76A2D4315598', '0360015690001', NULL, 149, 'Ranger 800 4X4 Of Road', NULL, NULL, NULL, '2013-10-26 01:38:35'),
('4XATH76A2D4315600', '260004750001', NULL, 87, 'Ranger 800 4X4 Of Road', NULL, NULL, NULL, '2013-10-26 01:38:35'),
('4XATH76A2D4317640', '0660819660001', NULL, 104, 'Ranger 800 4X4 Of Road', NULL, NULL, NULL, '2013-10-26 01:38:35'),
('4XATH76A2D4317668', '0660819660001', NULL, 104, 'Ranger 800 4X4 Of Road', NULL, NULL, NULL, '2013-10-26 01:38:35'),
('4XATH76A3D2290749', '0660819660001', NULL, 11, 'Ranger 800 4X4 Of Road', NULL, NULL, NULL, '2013-10-26 01:38:35'),
('4XATH76A3D2290802', '160023480001', NULL, 202, 'Ranger 800 4X4 Of Road', NULL, NULL, NULL, '2013-11-14 14:51:33'),
('4XATH76A3D2290816', '1865012760001', NULL, 96, 'Ranger 800 4X4 Of Road', NULL, NULL, NULL, '2013-10-26 01:38:35'),
('4XATH76A3D2291075', '260004750001', NULL, 90, 'Ranger 800 4X4 Of Road', NULL, NULL, NULL, '2013-10-26 01:38:35'),
('4XATH76A3D2293201', '260004750001', NULL, 90, 'Ranger 800 4X4 Of Road', NULL, NULL, NULL, '2013-10-26 01:38:35'),
('4XATH76A4D2290050', '260004750001', NULL, 87, 'Ranger 800 4X4 Of Road', NULL, NULL, NULL, '2013-10-26 01:38:35'),
('4XATH76A4D2290713', '0560022430001', NULL, 203, 'Ranger 800 4X4 Of Road', NULL, NULL, NULL, '2013-10-26 01:38:35'),
('4XATH76A4D2290761', '0560022430001', NULL, 81, 'Ranger 800 4X4 Of Road', NULL, NULL, NULL, '2013-10-26 01:38:35'),
('4XATH76A4D2290775', '1865012760001', NULL, 97, 'Ranger 800 4X4 Of Road', NULL, NULL, NULL, '2013-10-26 01:38:35'),
('4XATH76A4D2290792', '0660819660001', NULL, 110, 'Ranger 800 4X4 Of Road', NULL, NULL, NULL, '2013-10-26 01:38:35'),
('4XATH76A4D2290808', '0660819660001', NULL, 104, 'Ranger 800 4X4 Of Road', NULL, NULL, NULL, '2013-10-26 01:38:35'),
('4XATH76A4D2290825', '0660819660001', NULL, 108, 'Ranger 800 4X4 Of Road', NULL, NULL, NULL, '2013-10-26 01:38:35'),
('4XATH76A4D2291055', '0360015690001', NULL, 141, 'Ranger 800 4X4 Of Road', NULL, NULL, NULL, '2013-10-26 01:38:35'),
('4XATH76A4D2291120', '0660819660001', NULL, 101, 'Ranger 800 4X4 Of Road', NULL, NULL, NULL, '2013-10-26 01:38:35'),
('4XATH76A4D2293255', '0360015690001', NULL, 148, 'Ranger 800 4X4 Of Road', NULL, NULL, NULL, '2013-10-26 01:38:35'),
('4XATH76A4D4315565', '260004750001', NULL, 87, 'Ranger 800 4X4 Of Road', NULL, NULL, NULL, '2013-10-26 01:38:35'),
('4XATH76A4D4315579', '260004750001', NULL, 87, 'Ranger 800 4X4 Of Road', NULL, NULL, NULL, '2013-10-26 01:38:35'),
('4XATH76A4D4315601', '260004750001', NULL, 87, 'Ranger 800 4X4 Of Road', NULL, NULL, NULL, '2013-10-26 01:38:35'),
('4XATH76A4D4317638', '0660819660001', NULL, 102, NULL, NULL, NULL, NULL, '2013-11-26 22:08:42'),
('4XATH76A4D4317641', '0560022430001', NULL, 83, 'Ranger 800 4X4 Of Road', NULL, NULL, NULL, '2013-10-26 01:38:35'),
('4XATH76A5D2291045', '1865012760001', NULL, 96, 'Ranger 800 4X4 Of Road', NULL, NULL, NULL, '2013-10-26 01:38:35'),
('4XATH76A5D2291112', '260004750001', NULL, 90, 'Ranger 800 4X4 Of Road', NULL, NULL, NULL, '2013-10-26 01:38:35'),
('4XATH76A5D2292065', '0560022430001', NULL, 204, 'Ranger 800 4X4 Of Road', NULL, NULL, NULL, '2013-10-26 01:38:35'),
('4XATH76A5D2293197', '0660819660001', NULL, 102, 'Ranger 800 4X4 Of Road', NULL, NULL, NULL, '2013-10-26 01:38:35'),
('4XATH76A5D2293216', '0660819660001', NULL, 102, 'Ranger 800 4X4 Of Road', NULL, NULL, NULL, '2013-10-26 01:38:35'),
('4XATH76A5D4315591', '0360015690001', NULL, 148, 'Ranger 800 4X4 Of Road', NULL, NULL, NULL, '2013-10-26 01:38:35'),
('4XATH76A5D4317664', '0560022430001', NULL, 205, 'Ranger 800 4X4 Of Road', NULL, NULL, NULL, '2013-10-26 01:38:35'),
('4XATH76A5D4317678', '0660819660001', NULL, 102, 'Ranger 800 4X4 Of Road', NULL, NULL, NULL, '2013-10-26 01:38:35'),
('4XATH76A5D4317681', '0560022430001', NULL, 206, 'Ranger 800 4X4 Of Road', NULL, NULL, NULL, '2013-10-26 01:38:35'),
('4XATH76A6D2290745', '0660819660001', NULL, 104, 'Ranger 800 4X4 Of Road', NULL, NULL, NULL, '2013-10-26 01:38:35'),
('4XATH76A6D2290759', '0660819660001', NULL, 108, 'Ranger 800 4X4 Of Road', NULL, NULL, NULL, '2013-10-26 01:38:35'),
('4XATH76A6D2290812', '260004750001', NULL, 207, 'Ranger 800 4X4 Of Road', NULL, NULL, NULL, '2013-10-26 01:38:35'),
('4XATH76A6D2291037', '0560022430001', NULL, 208, 'Ranger 800 4X4 Of Road', NULL, NULL, NULL, '2013-10-26 01:38:35'),
('4XATH76A6D2291071', '260004750001', NULL, 207, 'Ranger 800 4X4 Of Road', NULL, NULL, NULL, '2013-10-26 01:38:35'),
('4XATH76A6D2291118', '260004750001', NULL, 89, 'Ranger 800 4X4 Of Road', NULL, NULL, NULL, '2013-10-26 01:38:35'),
('4XATH76A6D2291121', '1865012760001', NULL, 92, 'Ranger 800 4X4 Of Road', NULL, NULL, NULL, '2013-10-26 01:38:35'),
('4XATH76A6D2293208', '0660819660001', NULL, 102, 'Ranger 800 4X4 Of Road', NULL, NULL, NULL, '2013-10-26 01:38:35'),
('4XATH76A6D2293287', '0360015690001', NULL, 148, 'Ranger 800 4X4 Of Road', NULL, NULL, NULL, '2013-10-26 01:38:35'),
('4XATH76A6D4317687', '0560022430001', NULL, 209, 'Ranger 800 4X4 Of Road', NULL, NULL, NULL, '2013-10-26 01:38:35'),
('4XATH76A7D2290771', '0560022430001', NULL, 210, 'Ranger 800 4X4 Of Road', NULL, NULL, NULL, '2013-10-26 01:38:35'),
('4XATH76A7D2290804', '0560022430001', NULL, 211, 'Ranger 800 4X4 Of Road', NULL, NULL, NULL, '2013-10-26 01:38:35'),
('4XATH76A7D2290818', '0560022430001', NULL, 81, 'Ranger 800 4X4 Of Road', NULL, NULL, NULL, '2013-10-26 01:38:35'),
('4XATH76A7D2290821', '260004750001', NULL, 207, 'Ranger 800 4X4 Of Road', NULL, NULL, NULL, '2013-10-26 01:38:35'),
('4XATH76A7D2291063', '0560022430001', NULL, 212, 'Ranger 800 4X4 Of Road', NULL, NULL, NULL, '2013-10-26 01:38:35'),
('4XATH76A7D2291077', '0660819660001', NULL, 102, 'Ranger 800 4X4 Of Road', NULL, NULL, NULL, '2013-10-26 01:38:35'),
('4XATH76A7D4315575', '0360015690001', NULL, 148, 'Ranger 800 4X4 Of Road', NULL, NULL, NULL, '2013-10-26 01:38:35'),
('4XATH76A7D4315592', '0360015690001', NULL, 149, 'Ranger 800 4X4 Of Road', NULL, NULL, NULL, '2013-10-26 01:38:35'),
('4XATH76A7D4317665', '0660819660001', NULL, 108, 'Ranger 800 4X4 Of Road', NULL, NULL, 'Se recalienta las pistas del homosinetico pasando un recorrido de 10 minutos maximo.', '2013-10-26 01:38:35'),
('4XATH76A7D4317682', '0560022430001', NULL, 214, 'Ranger 800 4X4 Of Road', NULL, NULL, NULL, '2013-10-26 01:38:35'),
('4XATH76A8D2290729', '0560022430001', NULL, 213, 'Ranger 800 4X4 Of Road', NULL, NULL, NULL, '2013-10-26 01:38:35'),
('4XATH76A8D2290763', '0560022430001', NULL, 198, 'Ranger 800 4X4 Of Road', NULL, NULL, NULL, '2013-10-26 01:38:35'),
('4XATH76A8D2290777', '1865012760001', NULL, 93, 'Ranger 800 4X4 Of Road', NULL, NULL, NULL, '2013-10-26 01:38:35'),
('4XATH76A8D2290794', '0560022430001', NULL, 198, 'Ranger 800 4X4 Of Road', NULL, NULL, NULL, '2013-10-26 01:38:35'),
('4XATH76A8D2290813', '0660819660001', NULL, 102, NULL, NULL, NULL, NULL, '2013-11-26 22:09:22'),
('4XATH76A8D2290830', '1865012760001', NULL, 96, 'Ranger 800 4X4 Of Road', NULL, NULL, NULL, '2013-10-26 01:38:35'),
('4XATH76A8D2291069', '260004750001', NULL, 207, 'Ranger 800 4X4 Of Road', NULL, NULL, NULL, '2013-10-26 01:38:35'),
('4XATH76A9D2290755', '1865012760001', NULL, 215, 'Ranger 800 4X4 Of Road', NULL, NULL, NULL, '2013-10-26 01:38:35'),
('4XATH76A9D2291033', '1865012760001', NULL, 93, 'Ranger 800 4X4 Of Road', NULL, NULL, NULL, '2013-10-26 01:38:35'),
('4XATH76A9D2291114', '0660819660001', NULL, 108, 'Ranger 800 4X4 Of Road', NULL, NULL, NULL, '2013-10-26 01:38:35'),
('4XATH76A9D2293199', '0660819660001', NULL, 101, 'Ranger 800 4X4 Of Road', NULL, NULL, NULL, '2013-10-26 01:38:35'),
('4XATH76A9D2293204', '1865012760001', NULL, 216, 'Ranger 800 4X4 Of Road', NULL, NULL, NULL, '2013-10-26 01:38:35'),
('4XATH76A9D4315562', '0360015690001', NULL, 149, 'Ranger 800 4X4 Of Road', NULL, NULL, NULL, '2013-10-26 01:38:35'),
('4XATH76AXD2290828', '1865012760001', NULL, 217, 'Ranger 800 4X4 Of Road', NULL, NULL, NULL, '2013-10-26 01:38:35'),
('4XATH76AXD2291039', '0560022430001', NULL, 224, NULL, NULL, NULL, NULL, '2013-11-26 19:47:41'),
('4XATH76AXD2291073', '0560022430001', NULL, 82, 'Ranger 800 4X4 Of Road', NULL, NULL, NULL, '2013-10-26 01:38:35'),
('4XATH76AXD2292062', '260004750001', NULL, 87, 'Ranger 800 4X4 Of Road', NULL, NULL, NULL, '2013-10-26 01:38:35'),
('4XATH76AXD2293213', '260004750001', NULL, 207, 'Ranger 800 4X4 Of Road', NULL, NULL, NULL, '2013-10-26 01:38:35'),
('4XATH76AXD2298231', '1865012760001', NULL, 223, NULL, NULL, NULL, NULL, '2013-11-26 19:43:45'),
('4XATH76AXD229831', '1865012760001', NULL, 223, NULL, NULL, NULL, NULL, '2013-11-26 20:10:46'),
('4XATH76AXD4315568', '0360015690001', NULL, 218, 'Ranger 800 4X4 Of Road', NULL, NULL, NULL, '2013-11-05 02:02:10');

-- --------------------------------------------------------

--
-- Table structure for table `viaje`
--

CREATE TABLE IF NOT EXISTS `viaje` (
  `id_viaje` smallint(5) unsigned NOT NULL AUTO_INCREMENT,
  `fecha_salida` date DEFAULT NULL,
  `fecha_regreso` date DEFAULT NULL,
  `nro_vehiculos` smallint(5) unsigned NOT NULL COMMENT 'Cuantos veiculos se piensa reparar',
  `provincias_destino` varchar(500) NOT NULL COMMENT 'Nmbre de las provincias que se quiere visitar, separadas por comas',
  `varlor_caja` decimal(5,2) DEFAULT NULL,
  `informe` text,
  `registro` timestamp NOT NULL DEFAULT CURRENT_TIMESTAMP,
  PRIMARY KEY (`id_viaje`),
  UNIQUE KEY `fecha_salida` (`fecha_salida`,`fecha_regreso`)
) ENGINE=InnoDB  DEFAULT CHARSET=latin1 COMMENT='Registra los viajes realizados por los técincos, los mantenimientos dependen de los \n		viajes para existir, ya que los mantenimientos se los realiza con un viaje, se necesita\n		ingresar un viaje a Quito para los mantenimientos y reparaciones realizados en Quito' AUTO_INCREMENT=15 ;

--
-- Dumping data for table `viaje`
--

INSERT INTO `viaje` (`id_viaje`, `fecha_salida`, `fecha_regreso`, `nro_vehiculos`, `provincias_destino`, `varlor_caja`, `informe`, `registro`) VALUES
(1, '2013-07-22', '2013-10-24', 7, 'Cañar', 200.00, 'Quito  22 de julio  2013\r\n \r\n                                  REPORTE DE TRABAJO\r\n\r\nSalida  de Quito 3:30 am dirigiéndonos  a muestro lugar de trabajo, la novedad fue en trascurso del viaje, que la autopsita   surgió  un accidente vehicular, y nos tocó coger la carretera Ambato. \r\n\r\nPara llegar al lugar establecido para hacerle manteamiento a los vehículos.\r\nLlegada al  suscal , vía Azogues  12: 45  PM y nos dirigimos  al colegio Anbrosis Andrade y procedimos a realizar con el manteamiento establecido  por el ING.GUSTAVO VACA, y cumpliendo con el cronograma de trabajo .\r\n\r\nVehículo\r\nLugar \r\nFecha \r\nPeriodo\r\nEstado \r\nObservaciones\r\n4XATH76A7D4315592\r\nCAÑAR-SUSCAL \r\n23/07/2013\r\n50.H\r\n\r\nNinguna \r\n4XATH76A9D4315562\r\nNinguna\r\n4XATH76A2D4315550\r\nNinguna\r\n4XATH76A8D4315598\r\nNinguna\r\n   \r\n Quito 23 de julio \r\n\r\nEntada al trabajo a las 8:00 am, y procedimos a terminar el ultimo vehículo, pendiente en  el CAÑAR –SUSCAL, nos dirigimos a La Trocal a realizar los trabajos  pendiente  de los dos  vehículos.\r\n\r\nVehículo\r\nLugar \r\nFecha \r\nPeriodo\r\nEstado \r\nObservaciones\r\n4XATH76A5D4315591\r\nLA TRONCAL \r\n23/07/2013\r\n50.H\r\n\r\nAceite de la caja delantera:\r\nNos presenta el siguiente  detalle  al momento  de cambiar el aceite, el Aceite con limallas  con dos objetos muy pequeños, trozos de aluminio.\r\n\r\nEn la parte  trasera del eje , de rueda derecha , procedimos a colocar grasa , en eje de en gramaje , y una abrazadera de acero  en la parte  del caucho que cubre  el eje.\r\n4XATH76A7D4315575\r\nNinguna\r\nQuito 24 de julio\r\nCulminación del trabajo  y del  manteamiento de vehículos POLARIS,  y regreso a QUITO, para la  entrega del vehículo, alquilado.\r\n\r\nEste el problema que presta los vehículos en  zona de la Troncal me supieron informa que era los do vehículo que tienes el mismo problema .\r\n El problema: el problema que podemos observar son los cauchos  de suspensión trasera que  se rompieron . ', '2013-10-25 22:04:32'),
(2, '2013-08-21', '2013-10-23', 20, 'Chimborazo', 200.00, 'MIERCOLES 21 AGOSTO 2013\r\nSolidad de QUITO 4 am y nos dirigimos a Riobamba  al centro de agricultura y pesca , a realizar el manteniendo  establecido en el cronograma . \r\nY nos dirigimos a  GUANO a realizar el manteniendo a los vehículos. Y retomarnos a RIOBAMBA a las 7.40 pm pasar la noche.\r\n4XATH76A6D2293208\r\nRIOBAMBA \r\n4XATH76A5D2293216\r\nRIOBAMBA\r\n4XATH76A5D4317678\r\nRIOBAMBA\r\nEsto vehículos  se le hizo el manteamiento   y cambio de aceite  a los tres vehículos \r\nGUANO\r\n4XATH76A1D2290779\r\nGUANO   \r\n4XATH76A9D2293199\r\nGUANO\r\n4XATH76A0D2293253\r\nGUANO\r\n4XATH76A4D2291120\r\nGUANO\r\n4XATH76A3D2290749\r\nGUANO\r\nA estos  vehículo le  adatada ron los siguientes   objetos. Pitos  retrovisores (delanteros y traseros) guías traseras  neblineros delanteros .\r\n( 4XATH76A1D2290779) (4XATH76A4D2291120) (4XATH76A3D2290749)\r\n22 DE AGOSTO 2013\r\nSalida de RIOBAMBA  a las 7:40  AM  y nos dirigimos a COLTA a cumplir el manteamiento establecido. \r\nY salidad desde COLTA 1:30  PM y nos dirigimos a ALAUSI llegada 3:10 PM a proceder el manteniendo hora de terminar el manteniendo 6.30 PM y nos dirigimos a CHUNCHI  a pasar la noche \r\nCOLTA\r\n4XATH76A2D4317668\r\nCOLTA\r\n4XATH76A6D2290745\r\nCOLTA\r\n4XATH76A4D2290808\r\nCOLTA \r\n4XATH76A1D2290751\r\nCOLTA\r\n4XATH76A2D4317640\r\nCOLTA\r\nEsto vehículos  se le hizo el manteamiento   y cambio de aceite .\r\nALAUSI\r\n4XATH76A7D4317665\r\nALAUSI\r\n4XATH76A4D2290825\r\nALAUSI\r\n4XATH76A6D2290759\r\nALAUSI\r\n4XATH76A9D2291114\r\nALAUSI\r\nSolo se realizó los chuequeo respectivos  del vehículos  .No se realizó el cambio de aceite\r\n(4XATH76A7D4317665)\r\nA estos  vehículo le  adatada ron los siguientes   objetos. Pitos  retrovisores (delanteros y traseros) guías traseras  neblineros delanteros .\r\n(4XATH76A4D2290825)  (4XATH76A6D2290759)  (4XATH76A9D2291114)\r\n\r\n23 DE AGOSTO 2013\r\nRealizamos el manteamiento a los vehículos   Y salimos desde CHUNCHI  a las 11.30 ,\r\nY nos dirigimos  a LASSO  a llegada a LASSO a 3.30cumplir el ultimo manteniendo y salida para QUITO  \r\nCHUNCHI\r\n4XATH76A0D4317667\r\nCHUNCHI\r\n4XATH76A4D2290792\r\nCHUNCHI\r\nEsto vehículos  se le hizo el manteamiento   y cambio de aceite .\r\n (4XATH76A0D4317667)\r\nA estos  vehículo le  adatada ron los siguientes   objetos. Pitos  retrovisores (delanteros y traseros) guías traseras  neblineros delanteros .\r\nTenía dañado  el caucho del eje  trasero de la rueda. Y procedimos a la reparación del caucho, a coser el caucho con una piola y cubrir con una cinta  alrededor  Al del caucho del eje trasero. \r\nA este vehículo no se cambió el aceite , del motor , de caja delantera, caja de trasmisión \r\n(4XATH76A4D2290792)\r\nLASSO\r\nEsto vehículos  se le hizo el manteamiento   y cambio de aceite .\r\n4XATH76A7D2291063\r\n26 DE AGOSTO 2013\r\nSolidad de QUITO 9:20 am y nos dirigimos a SIGCHOS   al centro de agricultura y pesca , a realizar el manteniendo  establecido en el cronograma . \r\n4XATH76A0D2293205\r\nSe le completo el Líquido de freno , líquido  refrigerante  , tuerca  trasera dañada.\r\n Y  se envió un 1.L aceite  del motor para el vehículo . que estaba  con el problema del aceite bajo. en pueblo de PALO QUEMADO  para que completen el nivel de aceite  \r\n27 DE AGOSTO 2013\r\nSolidad de QUITO 9:40 am y nos dirigimos a LATACUNGA     al centro de agricultura y pesca , a realizar el manteniendo  establecido en el cronograma . y nos dirigimos a PULIJI para verificar el vehículo que tuvo el accidente \r\nEl vehículo  tiene  cambiado   dos  tuercas, de  la rueda trasera, por  dos turcas  de roscas diferente porque cuando  estaban cambiando la rueda  se aislaron  las  tuercas y la válvula  de la rueda ya también fue relanzada  por una de aluminio \r\n4XATH76AXD2291073\r\n PUJILI \r\nEste   vehículo  se le reviso  el sistema  de aceleración y comprobamos los  niveles de líquidos, aceite, freno y refrigerante.\r\n Y no se  cambió del aceite  del motor , caja delantera  , caja de transición \r\n4XATH76A0D2293222\r\nA este  fue del problema que se quedó acelerado y se golpeó con otro vehículo.', '2013-10-25 22:12:03'),
(3, '2013-08-26', '2013-10-27', 2, 'Cotopaxi', 50.00, '26 DE AGOSTO 2013\r\nSolidad de QUITO 9:20 am y nos dirigimos a SIGCHOS   al centro de agricultura y pesca , a realizar el manteniendo  establecido en el cronograma . \r\n\r\n4XATH76A0D2293205\r\nSe le completo el Líquido de freno , líquido  refrigerante  , tuerca  trasera dañada.\r\n Y  se envió un 1.L aceite  del motor para el vehículo . que estaba  con el problema del aceite bajo. en pueblo de PALO QUEMADO  para que completen el nivel de aceite  \r\n27 DE AGOSTO 2013\r\nSolidad de QUITO 9:40 am y nos dirigimos a LATACUNGA     al centro de agricultura y pesca , a realizar el manteniendo  establecido en el cronograma . y nos dirigimos a PULIJI para verificar el vehículo que tuvo el accidente \r\nEl vehículo  tiene  cambiado   dos  tuercas, de  la rueda trasera, por  dos turcas  de roscas diferente porque cuando  estaban cambiando la rueda  se aislaron  las  tuercas y la válvula  de la rueda ya también fue relanzada  por una de aluminio \r\n4XATH76AXD2291073\r\n PUJILI \r\nEste   vehículo  se le reviso  el sistema  de aceleración y comprobamos los  niveles de líquidos, aceite, freno y refrigerante.\r\n Y no se  cambió del aceite  del motor , caja delantera  , caja de transición \r\n4XATH76A0D2293222\r\n A este  fue del problema que se quedó acelerado y se golpeó con otro vehículo.', '2013-10-25 22:17:39'),
(4, '2013-08-09', '2013-10-09', 2, 'Cotopaxi', 50.00, 'Informe Viaje Mantenimiento\r\n\r\nInforme No: IV-2013-04\r\nQuito, 10 de agosto 2013\r\nFecha Salida:  09 de Agosto del 2013\r\nFecha Retorno: 09 de Agosto del 2013\r\nTécnicos: Eduardo Villota, Galo Sinchiguano\r\nProvincias de Destino: Cotopaxi\r\nNro. De Vehículos: 2 vehículos\r\nValor de Caja: 50\r\n\r\nHistorial de Mantenimientos:\r\nSe realiza el mantenimiento de dos vehículos cerca a Latacunga\r\n\r\nÍtem\r\nLugar\r\nCantidad\r\n1\r\nGuangaje\r\n1\r\n2\r\nPujili\r\n1\r\n\r\nNovedades:\r\nVIN: 4ATH76A4D2290713\r\nVehículo con el tapón dañado, se aíslo la cabeza del tapón de la caja delantera\r\nAtentamente: \r\nEduardo Villota', '2013-10-25 22:36:03'),
(5, '2013-09-10', '2013-10-11', 3, 'Cotopaxi', 40.00, 'QUITO 11 SEPTIEMBRE 2013\r\nEn la provincia de Cotopaxi  - LA ESPERANZA (tingo) nos dirigimos a realizar el último mantenimiento  del  vehículo, a cargo de DR. VANESSA ALAJO.\r\nVIN: 4XATH76A0D4317684\r\nObservación:\r\nComo podemos observar las fotos con cables cortados, era  el causante  del problema que se encendía  la luz roja del aceite, luego de hacer las respectivas pruebas   sobre el sistema electrónico del vehículo, el problema de la luz roja del aceite no se apagaba. Procedimos  a  la reparación del daño uniendo  los cables con sus colores respectivos, luego de terminar con el arreglo., la luz roja del aceite ya desapareció \r\nObservaciones generales:\r\nEste cable cortado  un cable muy importante  porque conectad con los sensores de aceite, temperatura.\r\n                        REPORTE DE MANTENIMIENTO POLARIS \r\nSe realizó el  mantenimiento 3 vehículos  con las reglas establecidas en la provincia de COTOPAXI.\r\nVEHÍCULO\r\nLUGAR \r\nFECHA \r\nPERIODO\r\nOBSERVACIONES\r\n4XATH76A6D4317687\r\nTanicuchi-Cotopaxi\r\n23/07/2013\r\n60.H\r\nMantenimiento completo, El aro de la rueda derecha se encuentra doblada un poco en parte de abajo. Y se ajustó el tornillo del desfogue del motor.\r\n4XATH76A5D2292065\r\nCanchagua-Cotopaxi\r\n61.H\r\nMantenimiento completo, El filtro tenía mucho polvo.\r\n4XATH76A0D4317684\r\nLa esperanza(tingo)-Cotopaxi \r\n52.H\r\nMantenimiento completo, Tenía cortados los cables que conectan con los sensores, del aceite, temperatura. \r\n\r\nOBSERVACIONES:\r\nSe le entrego SR. JAVIER  MOYA  2 LTS aceite del motor  los siguientes SR.\r\nIng. Alba zarita. 1.LTS\r\nSr. Romel  Cevallos . 1.LTS \r\nLa entrega de estos 2 lts  era para completar el nivel de aceite, para que sigan trabajando por que no cumplen las 50 .horas establecidas para el cambio de aceite.\r\nAtentamente:\r\n\r\nTec. Galo Sinchiguano                                           Marcos llumiquinga \r\n\r\n\r\n', '2013-10-25 22:44:10'),
(6, '2013-09-16', '2013-09-20', 16, 'Tungurahua, Cotopaxi', 220.00, ' 17  SEPTIEMBRE  2013\r\nSalida de QUITO  las 8:00 am, y nos dirigimos  a  realizar  los mantenimiento   establecido  en la provincia  de Tungurahua- Ambato.\r\nFecha \r\nLugar \r\nProvincia \r\nVehículo \r\n17/09/2013\r\nPillarlo \r\nTungurahua \r\n3\r\n\r\nObservación: en la provincia  de Tungurahua – Ambato  sin novedad.\r\n18 SEPTIEMBRE 2013\r\nSalida de AMBATO  a  PELILEO a las 7:30 am   a realizar el mantenimiento establecido en  el cronograma. \r\nFecha \r\nLugar \r\nProvincia \r\nVehículo \r\n18/09/2013\r\nPELILEO-QUINCHICOTO- YANAYACU–CEVALLOS– PILAHUIN –QUISAPINCHA \r\nTungurahua \r\n8\r\nObservación:En la zona de Quinchicoto, el siguiente vehículo: 4XATH76AXD220828presenta un sonido en la parte  trasera, del vehículo,  este sonido se produce  al momento que el vehículo se pone en marcha, y recorre a cierta velocidad. Y se realizó el chequeo respectivo  del vehículo , analizando las siguiente , piezas se verificó , las cruceta , los ejes trasero , o algún tornillo flojos , estas piezas estaban bien, y el sonido seguía  presente en el vehículo .\r\nY el encargado de la zona de Tungurahua – Ambato decidió que el vehículo se trasportado  a QUITO para que se realice un chequeo íntegro.\r\nObservación:En PELILEO el siguiente vehículo:4XATH76A8D2290830, este vehículo  se recalentó, no tenía refrigerante y se colocó 3 litros de refrigerante, no presentaba  ninguna  falla del motor. \r\n19 SEPTIEMBRE 2013\r\nSalida  de AMBATO –PULIJI  a las 8:am no dirigimos  la provincia de Cotopaxi –LA MANA   a realizar los manteamiento establecido en el cronograma  , en trascurso del camino  de vía PULIJI  para LA MANA  , la novedad fue que la vía estaba cerrada  por un derrumbé  , nos tocó  esperar  hasta que la vía se habilite .\r\nY llegada  a LA MANA 2:40 pm   a realizar el mantenimiento establecido.\r\nFecha \r\nLugar \r\nProvincia \r\nVehículo \r\n19/09/2013\r\nLa mana \r\nCOTOPAXI \r\n2\r\nObservación: sin novedad. \r\n20  septiembre 2013\r\nSalida de LA MANA – MORASPUNGO  a las 7:30 am   a realizar el mantenimiento establecido en  el cronograma en la zona del corazón.\r\nFecha \r\nLugar \r\nProvincia \r\nVehículo \r\n19/09/2013\r\nMORASPUNGO \r\nCOTOPAXI \r\n1\r\n19/09/2013\r\nEL CORAZÓN \r\nCOTOPAXI \r\n3\r\n\r\nObservación:Este vehículo:4XATH76A0D2291101 tiene un problema cuando se enciende el vehículo  las luces trasera se enciende y no se pagan.\r\n    19 septiembre 2013\r\nVEHÍCULOS ACCIDENTADOS\r\nEste  vehículo: 4XATH76A4D2290761 accidentado  en LA MANA presenta los siguientes daños:\r\n1) Prestada el dañado el frente delantero del guarda choque.\r\n2) Tiene dañado la superficie izquierda  de la mascarilla.\r\n3)  Y no presenta daños  mayores en elvehículo.\r\n18 septiembre 2013\r\n                                      VEHÍCULOS  PARA REVISIÓN COMPLETA \r\nEn la zona de Quinchicoto, el siguiente vehículo: 4XATH76AXD220828 presenta un sonido en la parte  trasera, del vehículo,  este sonido se produce, al momento que el vehículo se pone en marcha, y recorre a cierta velocidad.\r\n Y se realizó el chequeo respectivo  del vehículo , analizando las siguiente , piezas  que verificó , las cruceta , los ejes trasero , o algún tornillo flojos , estas piezas estaban bien, y el sonido seguía  presente en el vehículo .\r\nObservación: El encargado de  zona de Tungurahua – quiere transportar el vehículo  para la cuidad de QUITO para realizar la reparación  del sonido del vehículo.\r\nLuego de  observar  y analizar el sonido que presentaba el vehículo, la conclusión final es desarmar la caja de cambio para revisar los engranajes, para ver si están en su estado normal.', '2013-10-25 22:46:50'),
(7, '2013-10-02', '2013-10-04', 14, 'Cañar', 200.00, 'Informe Viaje Mantenimiento\nInforme No: IV-2013-07\nQuito, 05 de Octubre del 2013\nFecha Salida: 2de Octubre del 2013\nFecha Retorno: 4de Octubre del 2013\nTécnicos: Marco Llumiquinga, Galo Sinchiguano\nProvincias de Destino: Azogues\nNro. De Vehículos: 15 vehículos\nValor de Caja: \nHistorial de Mantenimientos:\n5 de Octubre del 2013 (azogues)\nSalida de Quito a las 06 00 con destino a azogues  realizando el manteamiento  a 2 vehículos, y  1  reparación del caucho o  guarda grasa  del eje trasero derecho realizados en los siguientes lugares:\nÍtem\nLugar\nCantidad\n1\nshut\n1\n2\nsuscal\nCaucho  reparar\n3\npicalpata\n1\nSalimos a  cañar para pasar la noche.\n3 de Octubre del 2013 (azogues)\nEn cañar   5 mantenimientos, realizados en los siguientes lugares:\nÍtem\nLugar\nCantidad\n1\ncañar\n2\n2\nbiblian\n2\n3\nazogues\n1\nPasamos la noche en cañar \n4 de octubre del 2013 (azogues)\nSalimos 07: am  dirección la troncal   7 mantenimientos, realizados en los  siguientes lugares\nÍtem\nLugar\nCantidad\n1\ntroncal\n4\n2\nTroncal suya\n1\n3\nGualle turo  troncal\n2\n\nNovedades:\nEl vehiculo con numero de vin  4XATH76A9D4315562  tiene doblado el protector de la parte de debajo de motor  es el segundo cambio de aceite  este vehículo  tiene desgastadas  las ruedas traseras   en un 70 %,  también se prendió la luz del motor cuando se aceleraba a 90 kilómetros por hora.\nEl vehiculo con numero de vin 4XATH76A7D4315575 tiene dañado el cable de inyección, Se le iso el cambio de  aceite y de filtro de aceite, tiene dañado el tapón de cambio de aceite del motor. Se le puso un tapón  nuevo en la caja frontal\nEl vehiculo con numero de vin 4XATH765D4315591  este vehículo se le cambio el caucho del eje trasero   y por lo cual no se realizó el mantenimiento respectivo.\n\nAtentamente: \nMarco Llumiquinga', '2013-10-19 01:38:03'),
(8, '2013-10-15', '2013-10-18', 23, 'Bolivar', 250.00, '15  OCTUBRE  2013\r\nSalida de QUITO  las 1:30 pm, y nos dirigimos  a  realizar  los mantenimiento   establecido  en la provincia  de Guaranda \r\nFecha \r\nLugar \r\nProvincia \r\nVehículo \r\n15/10/2013\r\nGuaranda \r\nBolívar \r\n3\r\nObservación: sin novedad. \r\nY luego nos dirigimos a  salinas a  seguir  con mantenimiento establecido en cronograma.\r\nFecha \r\nLugar \r\nProvincia \r\nVehículo \r\n15/10/2013\r\nGuaranda \r\nSalinas  \r\n3\r\nObservación: sin novedad. \r\n16 OCTUBRE  2013\r\nNos dirigimos a san pablo  a realizar el  mantenimiento.\r\nFecha \r\nLugar \r\nProvincia \r\nVehículo \r\n16/10/2013\r\nGuaranda \r\nSan pablo \r\n5\r\nObservación: sin novedad. \r\nFecha \r\nLugar \r\nProvincia \r\nVehículo \r\n16/10/2013\r\nGuaranda \r\nChimbo \r\n4\r\nObservación: Este vehículo:4XATH76A0D4315563 tiene un sonido, en la parte  trasera del motor , cuando el vehículo  está en marcha . \r\n17 OCTUBRE 2013\r\nNos dirigimos a caluma  a realizar el  mantenimiento.\r\nFecha \r\nLugar \r\nProvincia \r\nVehículo \r\n17/10/2013\r\nGuaranda \r\nCaluma \r\n5\r\nObservación: Este vehículo:4XATH76A2D4315564  a este vehículo , le faltaba  aceite en el motor .\r\nLos tornillos de la rueda  trasera  fueron sustituidos por otros tornillos, porque la rueda se salió del vehículo. \r\n18 OCTUBRE 2013\r\nNos dirigimos a Ambato  a realizar el  mantenimiento.\r\nFecha \r\nLugar \r\nProvincia \r\nVehículo \r\n18/10/2013\r\nAmbato \r\nAmbato \r\n2\r\nObservación: Este vehículo:4XATH76A8D229077 Solo se realizó el chequeo respectivos porque no se encendida , y se le reviso el cable de las bujías y se limpió las bujías y se comprobó  el pase de gasolina al motor , luego de realizar estos chequeos respectivos el vehículo se encendió. Y no se realizó el cambio de aceite   \r\n\r\nVEHICULOS DAÑADOS \r\n Este vehículo 4XATH76A4D2290050 en Guaranda  presenta el siguiente daño no se enciende, se chequeo los cables de la bujía, el paso de gasolina del tanque al motor,  solo nos faltó chequear las bujías, del motor  y realizo el cambio del aceite.\r\nEste vehículo tiene que trasportarlo a QUITO para hacer las revisiones  respectivas  y  solucionar el daño del dicho vehículo.  ', '2013-10-22 01:08:54'),
(9, '2013-10-16', '2013-10-17', 7, 'Cotopaxi, Pichincha', 100.00, 'Informe Viaje Mantenimiento\nInforme No: IV-2013-09\nQuito, 18 de Octubre del 2013\nFecha Salida: 16 de Octubre del 2013\nFecha Retorno: 17 de Octubre del 2013\nTécnicos: Eduardo Villota, Richard Catagña\nProvincias de Destino: Cotopaxi, Pichincha\nNro. De Vehículos: 7 vehículos\nValor de Caja: 100,00\nHistorial de Mantenimientos:\n16 de Octubre del 2013 (Cotopaxi)\nSalida de Quito a las 06:30am con destino a Latacunga realizando manteamiento sin novedades a cinco vehículos, mantenimientos realizados en los siguientes lugares:\nÍtem\nlugar 		Cantidad\n1\nJosé Guango Bajo\n1\n2\nMulliquindil\n1\n3\nMulalillo\n1\n4\nSaquisili\n1\n5\nCusubamba\n1\nSalida de Latacunga con destino a Machachi para pasar la noche.\n17 de Octubre del 2013 (Pichincha)\nSalida de Machachi a las 7:00am  con destino a Tandapi (Santo Domingo) realizando manteamiento sin novedades a cinco vehículos, mantenimientos realizados en los siguientes lugares:\nÍtem\nLugar\nCantidad\n1\nTandapi\n2\nNovedades:\nS/N\nAtentamente:\nEduardo Villota', '2013-10-19 00:40:54'),
(10, '2013-10-22', '2013-10-22', 6, 'Chimborazo, Tungurahua', 60.00, '                                 POLARIS INFORME 22 OCTUBRE\n  Salidad de Quitó a las 6 am y nos dirigimos a Riobamba a realizar el mantenimiento \n 6 vehículo . 1 cambio de aceite en Ambato  .5 en Riobamba  reparación del  caucho de eje trasero.\n\nRIOBAMBA \nEste vehiculo 4XAT76A7D221077 tiene un degastes de los bocines de la cruceta de la rueda derecha, esto causa que la rueda se ubique a un lado vertical\n\n 4XATH76A4D2290792 reparación del caucho  no se realizó el cambio de aceite.\nEste caucho fue reparado  y cómo podemos  observar en la imagen.\n4XATH76AD4317665 Este vehículo se le reparo el caucho \nEste caucho del lado, izquierdo fue reparado, y se probó el vehículo  para ver sí el caucho resistía, este lado estaba más caliente que el otro .esto podría ser las consecuencia que los caucho se rompan, (tenía la punta fuera  de la caja de cambio)\n.\nEste 4XATH76A1D2290751  Reparación del caucho y no se realizó el cambio de aceite.\n                                   VEHÍCULO DAÑADO \n4XATH76A5D2293197 Este vehículo tenía salido el eje de la  rueda trasera. Y procedimos  a la reparación del daño, los rulimanes  estaban con fisuras. \nComo podemos observar el desgaste de pieza de este el vehículo hay que sustituir totalmente la pieza  .', '2013-10-25 22:49:49'),
(11, '2013-10-30', '2013-10-30', 4, 'Riobamba, Tungurahua', 80.00, 'Informe Viaje Mantenimiento\n\nInforme No: IV-2013-11\nQuito, 31 de Octubre del 2013\n\nFecha Salida: 30 de Octubre del 2013\nFecha Retorno: 30 de Octubre del 2013\nTécnicos: Eduardo Villota, Marco Llumiquinga\nProvincias de Destino: Riobamba\nNro. De Vehículos: 3 vehículos\nValor de Caja: 80\n\n\nHistorial de Mantenimientos:\n\n30 de Octubre del 2013 (Riobamba)\nSalida de Quito a las 06 00 con destino a Riobamba, y  3  cambios  del caucho o  guarda grasa  del eje trasero izquierdo de los vehículos que anteriormente se los habían cambiado realizando en cambio en los siguientes lugares:\nÍtem	Lugar	Cantidad\n1	MAPAG Riobamba la quinta Macagi	3\n\n3 de Octubre del 2013 (Riobamba)\nLuego nos dirigimos al Triunfo pasando por Baños pasadas las 4 de la tarde para realizar el mantenimiento al vehiculo en los  siguientes lugares:\n\nÍtem	Lugar	Cantidad\n1	El Triunfo	1\n\n\nNovedades:\n•	El vehiculo con numero de vin  4XATH76A1D2290751 este vehiculo presentaba la punta del  eje desgastada se le remplazo con el eje del vehiculo 4XATH76A7D437665 para déjalo en un buen funcionamiento \n•	El vehiculo con numero de vin 4XATH76A5D2293197 este vehiculo se le retiro el eje derecho para probarlo en el vehiculo con numero de vin 4XATH76A7D437665 para verificar el calentamiento del lado izquierdo trasero este carro esta embancado para reparación de ejes.\n\n•	El vehiculo con numero de vin  4XATH76A3D2290802  a este vehiculo solo se le hizo el cambio de aceites respectivos del primer cambio.\n\n\n\nAtentamente: \n\n\n\nMarco Llumiquinga\n', '2013-11-01 00:30:12'),
(12, '2013-11-04', '2013-11-05', 8, 'Cotopaxi, Tungurahua', 120.00, '\nInforme Viaje Mantenimiento\n\nInforme No: 12-2013-12\nQuito, 06 de noviembre del 2013\n\n\nFecha Salida: 04 NOVIEMBRE DEL 2013\nFecha Retorno: 05 NOVIEMBRE DEL2013\nTécnicos:, Marco Llumiquinga, Richard Catagña\nProvincias de Destino: Ambato   Latacunga\nNro. De Vehículos: 8 vehículos\nValor de Caja: 120\n\nHistorial de Mantenimientos:\n\n04 de noviembre de 2013 (Ambato Latacunga)\nSalida de Quito a las 10 45 con destino  Ambato,  parroquia Montalvo  4XATH76AXD229831 este vehículo estaba dañado  tenia  agua en el tanque de gasolina procedimos a  sacar el agua del tanque  de gasolina, limpiar y secar y calibrar las bujías,  limpiar  el agua que había en la bomba de gasolina  comprobamos q el vehículo  encendía  correctamente. Luego  nos dirigimos alaquez  Latacunga\nÍtem\nLugar\nCantidad\n1\nMontalvo   \n1\n2\nalaquez\n1\n\n04 de noviembre del 2013 (Latacunga)\nLuego nos dirigimos a pilalo que  está a 2 horas de Latacunga a pasar la noche  para empezar en la mañana  realizamos mantenimiento  en  los siguientes lugares:\n05 de noviembre de 2013\nÍtem\nLugar\nCantidad\n1\nPilalo\n1\n2\nAngamarca\n1\n3\nLa victoria\n1\n4\nBelisario Quevedo\n1\n5\nLasso\n1\n6\nTanicuchi      \n1\n\n\nNovedades:\nTanicuchi el  vehículo con numero de vin  4XATH76A6D4317687 este vehículo se le encendía el chec engine y perdía fuerza se le completo el aceite de motor.  llamar  para saber si está trabajando bien el vehículo\n\n\nAtentamente:\n\nTec : Marco Llumiquinga\n', '2013-11-14 15:23:04'),
(13, '2013-11-20', '2013-11-22', 12, 'Riobamba, Azoguez', 120.00, 'Informe Viaje Mantenimiento\r\n\r\nInforme No: IV-2013-13\r\nQuito,  24 de noviembre del 2013\r\n\r\n\r\nFecha Salida: 20 NOVIEMBRE DEL 2013\r\nFecha Retorno: 22 NOVIEMBRE DEL2013\r\nTécnicos:, Marco Llumiquinga, Galo Sinchiguano\r\nProvincias de Destino: Riobamba, Azoguez\r\nNro. De Vehículos: 12 vehículos\r\nValor de Caja: 120\r\n\r\nHistorial de Mantenimientos:\r\n\r\n20 de noviembre de 2013 (Riobamba)\r\nSalida de Quito a las 16:00 con destino a Riobamba para pasar la noche ahi y en la mañana del siguiente dia realizar el mantenimiento en los siguientes lugares.\r\n\r\nAl siguiente vehículo se le hizo el cambio de aceite el 21 de Noviembre del 2013:\r\n\r\nÍtem\r\nLugar\r\nCantidad\r\n1\r\nRiobamba\r\n3\r\n2\r\nAlausi\r\n3\r\n\r\nNovedades:\r\nAl vehiculo ubicado en Riobamba con numero de vin 4XATH76A5D2293197 este vehiculo era el que anteriormente estaba enbamcado por lo cual rectifico  de los ejes traseros y se cambio loas homosineticos y los cauchos respectivos del guardagrasa.\r\n Al vehiculo ubicado en Riobamba con el numero de vin 4XATH76A1D2290751 a este vehiculo se cambio el eje trasero izquierdo completo. Se le iso las pruebas correspondientes y nos pudimos dar cuenta que el homosinetico seguia calenteandose un poco.\r\nAl vehiculo ubicado en Tizan/Riobamba con numero de vin 4XATH76A7D4317665 a este vehiculo se le iso el cambio del caucho guardagrasa trasero izquierdo.\r\n\r\n\r\n\r\nLuego nos dirigimos a Chunchi para poder pasar la noche\r\n\r\n22 de noviembre de 2013\r\nAl siguiente vehiculo se le iso el cambio de aceite.\r\n\r\nÍtem\r\nLugar\r\nCantidad\r\n1\r\nChunchi/ Riobamba\r\n1\r\n\r\n\r\nNovedades:\r\nAl vehiculo ubicado en Chunchi / Riobamba con numero de vin 4XATH76A4D2290792 a este vehiculo ademas de acerle el cambio de aceites respectivos tambien se le iso el cambio del homosinetico y caucho respectivo.\r\nLuego de esto no dirigimos a Azoguez para acer las revisiones.\r\nAl vehiculo ubicado en Suscal / Azoguez con el numero de vin 4XATH76A1D2291043 a este vehiculo se le reviso la bomba de gasolina y podimos encontrar que estaba oxidada motivo por la cual el tanque de gasolina se encontraba con agua. LA BOMBA SE ENCUENTRA EN QUITO.\r\nAl vehiculo ubicado en Biblian / Azoguez con el numero de vin 4XATH76AXD4315568 este vehiculo tenia un golpe en la rueda delantera izquierda por lo que esta doblado los brasos de la mesa y el chasis. \r\n\r\n\r\nAtentamente:\r\n\r\nTec: Marco Llumiquinga', '2013-11-26 22:10:35');

-- --------------------------------------------------------

--
-- Stand-in structure for view `v_mantenimientos`
--
CREATE TABLE IF NOT EXISTS `v_mantenimientos` (
`id_mantenimiento` smallint(5) unsigned
,`id_viaje` smallint(5) unsigned
,`id_vehiculo` char(17)
,`periodo` smallint(5) unsigned
,`fecha` date
,`kilometros` varchar(10)
,`nombre` varchar(100)
);
-- --------------------------------------------------------

--
-- Structure for view `ciudades`
--
DROP TABLE IF EXISTS `ciudades`;

CREATE ALGORITHM=UNDEFINED DEFINER=`root`@`localhost` SQL SECURITY DEFINER VIEW `ciudades` AS select `b`.`nombre` AS `Cuidad`,`a`.`nombre` AS `Provincia` from (`ciudad` `a` join `provincia` `b` on((`a`.`id_provincia` = `b`.`id_provincia`)));

-- --------------------------------------------------------

--
-- Structure for view `v_mantenimientos`
--
DROP TABLE IF EXISTS `v_mantenimientos`;

CREATE ALGORITHM=UNDEFINED DEFINER=`root`@`localhost` SQL SECURITY DEFINER VIEW `v_mantenimientos` AS select `a`.`id_mantenimiento` AS `id_mantenimiento`,`a`.`id_viaje` AS `id_viaje`,`a`.`id_vehiculo` AS `id_vehiculo`,`a`.`periodo` AS `periodo`,`a`.`fecha` AS `fecha`,`a`.`kilometros` AS `kilometros`,`b`.`nombre` AS `nombre` from (`mantenimiento` `a` join `ciudad` `b` on((`a`.`id_ciudad` = `b`.`id_ciudad`)));

--
-- Constraints for dumped tables
--

--
-- Constraints for table `ciudad`
--
ALTER TABLE `ciudad`
  ADD CONSTRAINT `fk_ciudad_provincia` FOREIGN KEY (`id_provincia`) REFERENCES `provincia` (`id_provincia`) ON UPDATE CASCADE;

--
-- Constraints for table `cliente`
--
ALTER TABLE `cliente`
  ADD CONSTRAINT `fk_cliente_ciudad` FOREIGN KEY (`id_ciudad`) REFERENCES `ciudad` (`id_ciudad`) ON UPDATE CASCADE,
  ADD CONSTRAINT `fk_cliente_contacto` FOREIGN KEY (`id_contacto`) REFERENCES `contacto` (`id_contacto`) ON UPDATE CASCADE;

--
-- Constraints for table `compra`
--
ALTER TABLE `compra`
  ADD CONSTRAINT `fk_compra_inventario` FOREIGN KEY (`id_inventario`) REFERENCES `inventario` (`id_inventario`) ON UPDATE CASCADE,
  ADD CONSTRAINT `fk_compra_proveedor` FOREIGN KEY (`id_proveedor`) REFERENCES `proveedor` (`id_proveedor`) ON UPDATE CASCADE;

--
-- Constraints for table `contacto`
--
ALTER TABLE `contacto`
  ADD CONSTRAINT `fk_contacto_ciudad` FOREIGN KEY (`id_ciudad`) REFERENCES `ciudad` (`id_ciudad`) ON UPDATE CASCADE;

--
-- Constraints for table `factura`
--
ALTER TABLE `factura`
  ADD CONSTRAINT `fk_factura_cliente` FOREIGN KEY (`id_cliente`) REFERENCES `cliente` (`id_cliente`) ON UPDATE CASCADE,
  ADD CONSTRAINT `fk_factura_contacto` FOREIGN KEY (`id_contacto`) REFERENCES `contacto` (`id_contacto`) ON UPDATE CASCADE;

--
-- Constraints for table `factura_detalle`
--
ALTER TABLE `factura_detalle`
  ADD CONSTRAINT `fk_factura_detalle_factura` FOREIGN KEY (`id_factura`) REFERENCES `factura` (`id_factura`) ON UPDATE CASCADE,
  ADD CONSTRAINT `fk_factura_detalle_mantenimiento` FOREIGN KEY (`id_mantenimiento`) REFERENCES `mantenimiento` (`id_mantenimiento`) ON UPDATE CASCADE,
  ADD CONSTRAINT `fk_factura_detalle_reparacion` FOREIGN KEY (`id_reparacion`) REFERENCES `reparacion` (`id_reparacion`) ON UPDATE CASCADE;

--
-- Constraints for table `gastos_viaje`
--
ALTER TABLE `gastos_viaje`
  ADD CONSTRAINT `fk_gastos_viaje_viaje` FOREIGN KEY (`id_viaje`) REFERENCES `viaje` (`id_viaje`) ON UPDATE CASCADE;

--
-- Constraints for table `inspeccion`
--
ALTER TABLE `inspeccion`
  ADD CONSTRAINT `fk_inspeccion_ciudad` FOREIGN KEY (`id_ciudad`) REFERENCES `ciudad` (`id_ciudad`) ON UPDATE CASCADE,
  ADD CONSTRAINT `fk_inspeccion_contacto` FOREIGN KEY (`id_contacto`) REFERENCES `contacto` (`id_contacto`) ON UPDATE CASCADE,
  ADD CONSTRAINT `fk_inspeccion_tecnico` FOREIGN KEY (`id_tecnico`) REFERENCES `tecnico` (`id_tecnico`) ON UPDATE CASCADE,
  ADD CONSTRAINT `fk_inspeccion_vehiculo` FOREIGN KEY (`id_vehiculo`) REFERENCES `vehiculo` (`id_vehiculo`) ON UPDATE CASCADE;

--
-- Constraints for table `mantenimiento`
--
ALTER TABLE `mantenimiento`
  ADD CONSTRAINT `fk_mantenimiento_ciudad` FOREIGN KEY (`id_ciudad`) REFERENCES `ciudad` (`id_ciudad`) ON UPDATE CASCADE,
  ADD CONSTRAINT `fk_mantenimiento_vehiculo` FOREIGN KEY (`id_vehiculo`) REFERENCES `vehiculo` (`id_vehiculo`) ON UPDATE CASCADE,
  ADD CONSTRAINT `fk_mantenimiento_viaje` FOREIGN KEY (`id_viaje`) REFERENCES `viaje` (`id_viaje`) ON UPDATE CASCADE;

--
-- Constraints for table `mantenimiento_detalle`
--
ALTER TABLE `mantenimiento_detalle`
  ADD CONSTRAINT `fk_mantenimiento_detalle_inventario` FOREIGN KEY (`id_inventario`) REFERENCES `inventario` (`id_inventario`) ON UPDATE CASCADE,
  ADD CONSTRAINT `fk_mantenimiento_detalle_mantenimiento` FOREIGN KEY (`id_mantenimiento`) REFERENCES `mantenimiento` (`id_mantenimiento`) ON UPDATE CASCADE;

--
-- Constraints for table `proveedor`
--
ALTER TABLE `proveedor`
  ADD CONSTRAINT `fk_proveedor_ciudad` FOREIGN KEY (`id_ciudad`) REFERENCES `ciudad` (`id_ciudad`) ON UPDATE CASCADE,
  ADD CONSTRAINT `fk_proveedor_contacto` FOREIGN KEY (`id_contacto`) REFERENCES `contacto` (`id_contacto`) ON UPDATE CASCADE;

--
-- Constraints for table `reparacion`
--
ALTER TABLE `reparacion`
  ADD CONSTRAINT `fk_reparacion_ciudad` FOREIGN KEY (`id_ciudad`) REFERENCES `ciudad` (`id_ciudad`) ON UPDATE CASCADE,
  ADD CONSTRAINT `fk_reparacion_vehiculo` FOREIGN KEY (`id_vehiculo`) REFERENCES `vehiculo` (`id_vehiculo`) ON UPDATE CASCADE,
  ADD CONSTRAINT `fk_reparacion_viaje` FOREIGN KEY (`id_viaje`) REFERENCES `viaje` (`id_viaje`) ON UPDATE CASCADE;

--
-- Constraints for table `reparacion_detalle`
--
ALTER TABLE `reparacion_detalle`
  ADD CONSTRAINT `fk_reparacion_detalle_inventario` FOREIGN KEY (`id_inventario`) REFERENCES `inventario` (`id_inventario`) ON UPDATE CASCADE,
  ADD CONSTRAINT `fk_reparacion_detalle_reparacion` FOREIGN KEY (`id_reparacion`) REFERENCES `reparacion` (`id_reparacion`) ON UPDATE CASCADE;

--
-- Constraints for table `tecnico_viaje`
--
ALTER TABLE `tecnico_viaje`
  ADD CONSTRAINT `fk_tecnico_viaje` FOREIGN KEY (`id_viaje`) REFERENCES `viaje` (`id_viaje`) ON UPDATE CASCADE,
  ADD CONSTRAINT `fk_tecnico_viaje_tecnico` FOREIGN KEY (`id_tecnico`) REFERENCES `tecnico` (`id_tecnico`) ON UPDATE CASCADE;

--
-- Constraints for table `vehiculo`
--
ALTER TABLE `vehiculo`
  ADD CONSTRAINT `fk_vehiculo_ciudad` FOREIGN KEY (`id_ciudad`) REFERENCES `ciudad` (`id_ciudad`) ON UPDATE CASCADE,
  ADD CONSTRAINT `fk_vehiculo_cliente` FOREIGN KEY (`id_cliente`) REFERENCES `cliente` (`id_cliente`) ON UPDATE CASCADE,
  ADD CONSTRAINT `fk_vehiculo_contacto` FOREIGN KEY (`id_contacto`) REFERENCES `contacto` (`id_contacto`) ON UPDATE CASCADE;

/*!40101 SET CHARACTER_SET_CLIENT=@OLD_CHARACTER_SET_CLIENT */;
/*!40101 SET CHARACTER_SET_RESULTS=@OLD_CHARACTER_SET_RESULTS */;
/*!40101 SET COLLATION_CONNECTION=@OLD_COLLATION_CONNECTION */;