-- phpMyAdmin SQL Dump
-- version 4.1.12
-- http://www.phpmyadmin.net
--
-- Servidor: localhost
-- Tiempo de generación: 03-04-2014 a las 19:13:15
-- Versión del servidor: 5.5.35-0ubuntu0.13.10.2
-- Versión de PHP: 5.5.3-1ubuntu2.2

SET SQL_MODE = "NO_AUTO_VALUE_ON_ZERO";
SET time_zone = "+00:00";


/*!40101 SET @OLD_CHARACTER_SET_CLIENT=@@CHARACTER_SET_CLIENT */;
/*!40101 SET @OLD_CHARACTER_SET_RESULTS=@@CHARACTER_SET_RESULTS */;
/*!40101 SET @OLD_COLLATION_CONNECTION=@@COLLATION_CONNECTION */;
/*!40101 SET NAMES utf8 */;

--
-- Base de datos: `gelvsrm_polaris`
--

-- --------------------------------------------------------

--
-- Estructura de tabla para la tabla `ciudad`
--

CREATE TABLE IF NOT EXISTS `ciudad` (
  `id_ciudad` smallint(5) unsigned NOT NULL AUTO_INCREMENT,
  `id_provincia` smallint(5) unsigned NOT NULL,
  `nombre` varchar(100) CHARACTER SET latin1 DEFAULT NULL,
  PRIMARY KEY (`id_ciudad`),
  KEY `fk_ciudad_provincia` (`id_provincia`)
) ENGINE=InnoDB  DEFAULT CHARSET=utf8 COLLATE=utf8_bin COMMENT='Entidad encargada de registrar, ciudades del Ecuador guarda una relacion 		con la provincia a la que corresponde, en caso de no tener una ciudad en		la lista de ciudades, se crea una nueva permitiendole al usuario ingresarla' AUTO_INCREMENT=238 ;

--
-- Volcado de datos para la tabla `ciudad`
--

INSERT INTO `ciudad` (`id_ciudad`, `id_provincia`, `nombre`) VALUES
(1, 7, 'San Lorenzo'),
(2, 7, 'Eloy Alfaro'),
(3, 7, 'Río Verde'),
(4, 7, 'Esmeraldas'),
(5, 7, 'Atacames'),
(6, 7, 'Quinindé'),
(7, 4, 'Tulcán'),
(8, 4, 'Mira'),
(9, 4, 'Espejo'),
(10, 4, 'Montúfar'),
(11, 4, 'San Pedro de Huaca'),
(12, 4, 'Bolívar-Carchi'),
(13, 11, 'Ibarra'),
(14, 11, 'San Miguel de Urcuquí'),
(15, 11, 'Cotacachi'),
(16, 11, 'Antonio Ante'),
(17, 11, 'Otavalo'),
(18, 11, 'Pimampiro'),
(19, 22, 'Sucumbios'),
(20, 22, 'Gonzalo Pizarro'),
(21, 22, 'Cascales'),
(22, 22, 'Lago Agrio'),
(23, 22, 'Putumayo'),
(24, 22, 'Cuyabeno'),
(25, 22, 'Shushufindi'),
(26, 14, 'Pedernales'),
(27, 14, 'Chone'),
(28, 14, 'Flavio Alfaro'),
(29, 14, 'El Carmen'),
(30, 14, 'Jama'),
(31, 14, 'San Vicente'),
(32, 14, 'Sucre'),
(33, 14, 'Tosagua'),
(34, 14, 'Rocafuerte'),
(35, 14, 'Junín'),
(36, 14, 'Bolívar (Manabí)'),
(37, 14, 'Pichincha'),
(38, 14, 'Portoviejo'),
(39, 14, 'Jaramijó'),
(40, 14, 'Manta'),
(41, 14, 'Montecristi'),
(42, 14, 'Santa Ana'),
(43, 14, 'Jipijapa'),
(44, 14, 'Veinticuatro de Mayo'),
(45, 14, 'Olmedo (Manabí)'),
(46, 14, 'Puerto López'),
(47, 14, 'Paján'),
(48, 21, 'La Concordia'),
(49, 21, 'Santo Domingo'),
(50, 19, 'Puerto Quito'),
(51, 19, 'Pedro Vicente Maldonado'),
(52, 19, 'San Miguel de Los Bancos'),
(53, 19, 'Quito'),
(54, 19, 'Pedro Moncayo'),
(55, 19, 'Cayambe'),
(56, 19, 'Rumiñahui'),
(57, 19, 'Mejía'),
(58, 16, 'El Chaco'),
(59, 16, 'Archidona'),
(60, 16, 'Tena'),
(61, 17, 'Loreto'),
(62, 17, 'Francisco de Orellana'),
(63, 17, 'La Joya de los Sachas'),
(64, 17, 'Orellana'),
(65, 18, 'Mera'),
(66, 18, 'Pastaza'),
(67, 13, 'Buena Fe'),
(68, 13, 'Valencia'),
(69, 13, 'Quevedo'),
(70, 13, 'Quinsaloma'),
(71, 13, 'Palenque'),
(72, 13, 'Mocache'),
(73, 13, 'Ventanas'),
(74, 13, 'Vinces'),
(75, 13, 'Baba'),
(76, 13, 'Puebloviejo'),
(77, 13, 'Urdaneta'),
(78, 13, 'Babahoyo'),
(79, 13, 'Montalvo'),
(80, 6, 'Sigchos'),
(81, 6, 'La Maná'),
(82, 6, 'Latacunga'),
(83, 6, 'Saquisilí'),
(84, 6, 'Pujilí'),
(85, 6, 'Pangua'),
(86, 6, 'Ingapilca'),
(87, 2, 'Guaranda'),
(88, 2, 'Echeandía'),
(89, 2, 'Caluma'),
(90, 2, 'Chimbo'),
(91, 2, 'Chillanes'),
(92, 23, 'Ambato'),
(93, 23, 'Píllaro'),
(94, 23, 'Patate'),
(95, 23, 'Baños'),
(96, 23, 'Pelileo'),
(97, 23, 'Cevallos'),
(98, 23, 'Tisaleo'),
(99, 23, 'Mocha'),
(100, 23, 'Quero'),
(101, 5, 'Guano'),
(102, 5, 'Riobamba'),
(103, 5, 'Penipe'),
(104, 5, 'Colta'),
(105, 5, 'Chambo'),
(106, 5, 'Pallatanga'),
(107, 5, 'Guamote'),
(108, 5, 'Alausí'),
(109, 5, 'Cumandá'),
(110, 5, 'Chunchi'),
(111, 15, 'Palora'),
(112, 15, 'Huamboya'),
(113, 15, 'Morona'),
(114, 15, 'Taisha'),
(115, 15, 'Sucúa'),
(116, 15, 'Santiago'),
(117, 15, 'Tiwintza'),
(118, 15, 'Limón Indanza'),
(119, 15, 'Gualaquiza'),
(120, 10, 'El Empalme'),
(121, 10, 'Balzar'),
(122, 10, 'Colimes'),
(123, 10, 'Palestina'),
(124, 10, 'Santa Lucía'),
(125, 10, 'Pedro Carbo'),
(126, 10, 'Isidro Ayora'),
(127, 10, 'Lomas de Sargentillo'),
(128, 10, 'Nobol'),
(129, 10, 'Daule'),
(130, 10, 'Salitre'),
(131, 10, 'Samborondón'),
(132, 10, 'Yaguachi'),
(133, 10, 'Alfredo Baquerizo Moreno'),
(134, 10, 'Milagro'),
(135, 10, 'Simón Bolívar'),
(136, 10, 'Naranjito'),
(137, 10, 'General Antonio Elizalde'),
(138, 10, 'Coronel Marcelino Maridueña'),
(139, 10, 'El Triunfo'),
(140, 10, 'Durán'),
(141, 10, 'Guayaquil'),
(142, 10, 'Playas'),
(143, 10, 'Naranjal'),
(144, 10, 'Balao'),
(145, 20, 'Santa Elena'),
(146, 20, 'La Libertad'),
(147, 20, 'Cantón Salinas'),
(148, 3, 'La Troncal'),
(149, 3, 'Cañar'),
(150, 3, 'El Tambo'),
(151, 3, 'Azogues'),
(152, 3, 'Biblián'),
(153, 3, 'Déleg'),
(154, 1, 'Paute'),
(155, 1, 'Gualaceo'),
(156, 1, 'Chordeleg'),
(157, 1, 'Sígsig'),
(158, 1, 'Cuenca'),
(159, 1, 'Santa Isabel'),
(160, 1, 'Pucará'),
(161, 1, 'Camilo Ponce Enríquez'),
(162, 1, 'Girón'),
(163, 1, 'Nabón'),
(164, 1, 'Oña'),
(165, 8, 'El Guabo'),
(166, 8, 'Machala'),
(167, 8, 'Pasaje'),
(168, 8, 'Zaruma'),
(169, 8, 'Santa Rosa'),
(170, 8, 'Arenillas'),
(171, 8, 'Huaquillas'),
(172, 8, 'Balsas'),
(173, 8, 'Piñas'),
(174, 8, 'Portovelo'),
(175, 12, 'Saraguro'),
(176, 12, 'Loja'),
(177, 12, 'Chaguarpamba'),
(178, 12, 'Catamayo'),
(179, 12, 'Paltas'),
(180, 12, 'Puyango'),
(181, 12, 'Pindal'),
(182, 12, 'Celica'),
(183, 12, 'Zapotillo'),
(184, 12, 'Macará'),
(185, 12, 'Sozoranga'),
(186, 12, 'Calvas'),
(187, 12, 'Gonzanamá'),
(188, 12, 'Espíndola'),
(189, 24, 'Yantzaza'),
(190, 24, 'El Pangui'),
(191, 24, 'Zamora'),
(192, 24, 'Palanda'),
(193, 24, 'Chinchipe'),
(194, 9, 'San Cristóbal'),
(195, 9, 'Santa Cruz'),
(196, 6, 'Guangaje'),
(197, 23, 'Quisapincha'),
(198, 6, 'El Corazon'),
(199, 6, 'La Esperanza'),
(200, 3, 'Gualletoño'),
(201, 2, 'Guaranda-Salinas'),
(202, 23, 'El Triunfo Tungurahua'),
(203, 6, 'Pujilí La Victoria'),
(204, 6, 'Canchagua'),
(205, 6, 'Cusubamba'),
(206, 6, 'Mulalillo'),
(207, 2, 'San Pablo'),
(208, 6, 'Mulliquindil'),
(209, 6, 'Tanicuchi'),
(210, 6, 'Moraspungo'),
(211, 6, 'Palo Quemado'),
(212, 6, 'Lasso'),
(213, 6, 'Las Pampas'),
(214, 6, 'José Guango Bajo'),
(215, 23, 'Pilahuín'),
(216, 23, 'Yanayacu'),
(217, 23, 'Quinchicoto'),
(218, 3, 'General Maizales'),
(219, 3, 'Parroquia Gualletoro'),
(220, 3, 'Picalpato'),
(221, 3, 'Suscal'),
(222, 2, 'Salinas'),
(223, 2, 'Margarita'),
(224, 6, 'Alaquez'),
(225, 6, 'Pilalo'),
(226, 6, 'Belizario Quevedo'),
(227, 6, 'Angamarca'),
(228, 6, 'La Victoria'),
(229, 5, 'Tixan'),
(230, 6, 'Juan Montalvo'),
(231, 6, 'Pastocalle'),
(232, 6, 'Zumbahua'),
(233, 23, 'Los Andes'),
(234, 3, 'Ingapilca'),
(235, 6, 'Toacazo'),
(236, 6, 'Las Parcelas'),
(237, 23, 'Samanga');

-- --------------------------------------------------------

--
-- Estructura de tabla para la tabla `cliente`
--

CREATE TABLE IF NOT EXISTS `cliente` (
  `id_cliente` char(13) NOT NULL,
  `id_contacto` smallint(5) unsigned DEFAULT NULL,
  `id_ciudad` smallint(5) unsigned DEFAULT NULL,
  `nombre` varchar(200) NOT NULL,
  `direccion` varchar(600) NOT NULL,
  `telefono` varchar(15) NOT NULL,
  `fax` varchar(15) DEFAULT NULL,
  `mail` varchar(100) DEFAULT NULL,
  `notas` mediumtext,
  `registro` timestamp NOT NULL DEFAULT CURRENT_TIMESTAMP ON UPDATE CURRENT_TIMESTAMP,
  PRIMARY KEY (`id_cliente`),
  KEY `fk_cliente_contacto` (`id_contacto`),
  KEY `fk_cliente_ciudad` (`id_ciudad`)
) ENGINE=InnoDB DEFAULT CHARSET=latin1 COMMENT='Entidad encargada de registrar a los cliente\n				se sugiere que el telefono sea de la persona encargada \n				de la facturacio';

--
-- Volcado de datos para la tabla `cliente`
--

INSERT INTO `cliente` (`id_cliente`, `id_contacto`, `id_ciudad`, `nombre`, `direccion`, `telefono`, `fax`, `mail`, `notas`, `registro`) VALUES
('0160023480001', NULL, 151, 'Dirrecion Provincial Agropecuaria Del Azuay', 'Vega Muños 2-40 Y Tomas Ordoñes - Cuenca', '07-2843550', NULL, NULL, 'Se cambia el numero de R_uC', '2014-02-20 23:14:25'),
('0360015690001', NULL, 149, 'Dirección Provincial Agropecuaria Del Cañar', 'Andres F, Cordoba Sn Y Humberto Rodrguez Edf Shopin Jerez 2do Piso', '07-2842139', NULL, NULL, '<b>hola</b>', '2014-02-20 23:23:06'),
('0560022430001', 3, 82, ' Director Tecnico Area De Cotopaxi', 'Av Atahualpa Y Zamora', '03-2812808', NULL, NULL, NULL, '2013-10-28 22:54:26'),
('0660819660001', 5, 102, 'Dirección Provincial Agropecuaria De Chimborazo', 'Av 9 De Octubre Junto A La Quinta Macaji', '03-2610035', '03-2610043', NULL, NULL, '2013-10-21 23:29:45'),
('1865012760001', NULL, 92, 'Dirección Provincial Agropecuaria De Tunguragua', 'Centro Comercial Ambato Bloque Nro 2 Av. 12 De Noviembre Y Mariano Wgues', '03-2823900 / 03', NULL, NULL, NULL, '2014-02-20 23:15:59'),
('260004750001', NULL, 87, 'Direccion Provincial Agropecuaria De Bolivar', 'Guaranda, Av. Circunvalacion S/N Y Ambato', '03-2981818', NULL, NULL, NULL, '2013-10-02 03:13:45');

-- --------------------------------------------------------

--
-- Estructura de tabla para la tabla `compra`
--

CREATE TABLE IF NOT EXISTS `compra` (
  `id_compra` smallint(5) unsigned NOT NULL AUTO_INCREMENT,
  `id_inventario` smallint(5) unsigned NOT NULL,
  `id_proveedor` varchar(13) NOT NULL,
  `id_tecnico` varchar(10) NOT NULL,
  `nro_factura` varchar(12) NOT NULL,
  `fecha` date NOT NULL,
  `cantidad` smallint(5) unsigned NOT NULL,
  `costo` decimal(5,2) DEFAULT NULL COMMENT 'costo por unidad',
  `notas` mediumtext,
  `registro` timestamp NOT NULL DEFAULT CURRENT_TIMESTAMP ON UPDATE CURRENT_TIMESTAMP,
  PRIMARY KEY (`id_compra`),
  KEY `fk_compra_inventario` (`id_inventario`),
  KEY `fk_compra_proveedor` (`id_proveedor`),
  KEY `fk_compra_tecnico` (`id_tecnico`)
) ENGINE=InnoDB  DEFAULT CHARSET=latin1 COMMENT='Entidad encargada de manejar la entrada de stock al inventario\n				las unidades de los productos son las mimas que el detalle del inventario' AUTO_INCREMENT=13 ;

--
-- Volcado de datos para la tabla `compra`
--

INSERT INTO `compra` (`id_compra`, `id_inventario`, `id_proveedor`, `id_tecnico`, `nro_factura`, `fecha`, `cantidad`, `costo`, `notas`, `registro`) VALUES
(1, 1031, '1704244670001', '1722919725', '000001', '2013-11-11', 1, NULL, NULL, '2013-12-30 05:16:34'),
(2, 1032, '1704244670001', '1722919725', '000001', '2013-11-11', 4, NULL, NULL, '2013-12-30 05:16:34'),
(3, 1033, '1704244670001', '1722919725', '000001', '2013-11-11', 24, NULL, NULL, '2013-12-30 05:16:34'),
(4, 1034, '1704244670001', '1722919725', '000001', '2013-11-11', 36, NULL, NULL, '2013-12-30 05:16:34'),
(5, 1035, '1704244670001', '1722919725', '000001', '2013-11-11', 24, NULL, NULL, '2013-12-30 05:16:34'),
(6, 1036, '1704244670001', '1722919725', '000001', '2013-11-11', 12, NULL, NULL, '2013-12-30 05:16:34'),
(7, 1037, '1704244670001', '1722919725', '000001', '2013-11-11', 24, NULL, NULL, '2013-12-30 05:16:34'),
(8, 1038, '1704244670001', '1722919725', '000001', '2013-11-11', 12, NULL, NULL, '2013-12-30 05:16:34'),
(9, 1039, '1704244670001', '1722919725', '000001', '2013-11-11', 2, NULL, NULL, '2013-12-30 05:16:34'),
(10, 1039, '1704244670001', '1722919725', '000002', '2013-12-05', 33, NULL, NULL, '2013-12-30 05:16:34'),
(11, 1032, '1704244670001', '1722919725', '000002', '2013-12-05', 1, NULL, NULL, '2013-12-30 05:16:34'),
(12, 1031, '1704244670001', '1722919725', '000002', '2013-12-05', 3, NULL, NULL, '2013-12-30 05:16:34');

-- --------------------------------------------------------

--
-- Estructura de tabla para la tabla `contacto`
--

CREATE TABLE IF NOT EXISTS `contacto` (
  `id_contacto` smallint(5) unsigned NOT NULL AUTO_INCREMENT,
  `id_ciudad` smallint(5) unsigned DEFAULT NULL,
  `nombre` varchar(50) NOT NULL,
  `telefono` varchar(15) DEFAULT NULL,
  `celular` varchar(15) DEFAULT NULL,
  `email` varchar(100) DEFAULT NULL,
  `notas` mediumtext,
  `registro` timestamp NOT NULL DEFAULT CURRENT_TIMESTAMP ON UPDATE CURRENT_TIMESTAMP,
  PRIMARY KEY (`id_contacto`),
  KEY `fk_contacto_ciudad` (`id_ciudad`)
) ENGINE=InnoDB  DEFAULT CHARSET=latin1 COMMENT='Entidad encargada de registrar los contactos de la base de datos\n		Estos contactos son luego referenciados a las entidades que lo requieran,\n		debe tener un registro cero' AUTO_INCREMENT=93 ;

--
-- Volcado de datos para la tabla `contacto`
--

INSERT INTO `contacto` (`id_contacto`, `id_ciudad`, `nombre`, `telefono`, `celular`, `email`, `notas`, `registro`) VALUES
(1, 87, 'ING. Luis Rivera Guerra', '03-2981818', '09-7455567', NULL, NULL, '2013-10-02 02:48:32'),
(2, 82, 'ING.  Franklin Pilatasig Molina', '03-2812986', '095883022', NULL, NULL, '2013-10-02 03:03:30'),
(3, 82, 'ING. Javier Moya', '03-2812808', '0969050433', 'jmoya@magap.gob.ec', NULL, '2013-10-21 23:21:01'),
(4, 92, 'Dr. Jorge Cifuentes Carrión', '03-2827383', NULL, 'jcifuentes@magap.gob.ec', 'Ext 108', '2013-10-19 02:02:03'),
(5, 102, 'Ing. Bolivar Garrido', '03-2610035', NULL, NULL, 'Ext: ', '2013-10-21 23:29:10'),
(6, NULL, 'Tania Calle', NULL, '0991201683', NULL, NULL, '2014-01-15 20:32:08'),
(7, NULL, 'Victor Lema', NULL, '0998360974', NULL, NULL, '2014-01-15 20:32:46'),
(8, NULL, 'Silverio Allaico', NULL, '0983196676', NULL, NULL, '2014-01-15 20:33:25'),
(9, NULL, 'Joel Quimis', NULL, '0968929320', NULL, NULL, '2014-01-15 20:34:07'),
(10, NULL, 'Carala Quisphe', NULL, '0992920642', NULL, NULL, '2014-01-15 20:35:35'),
(11, NULL, 'Vanessa Alajo', NULL, '0995730775', NULL, NULL, '2014-01-15 20:36:16'),
(12, NULL, 'Narcisa Herrera', NULL, '0984786617', NULL, NULL, '2014-01-15 20:36:54'),
(13, NULL, 'Andrea Ruiz', NULL, '0998639505', NULL, NULL, '2014-01-15 20:37:36'),
(14, NULL, 'Veronica Hilaño', NULL, '0998083876', NULL, NULL, '2014-01-15 20:38:06'),
(15, NULL, 'Ing. Rosa Espin', NULL, '0990828916', NULL, NULL, '2014-01-15 20:38:50'),
(16, NULL, 'Norma Pilco', NULL, '0984005050', NULL, NULL, '2014-01-15 20:39:22'),
(17, NULL, 'Senen Lopez', NULL, '0992367713', NULL, NULL, '2014-01-15 20:40:09'),
(18, NULL, 'Luis Chisag', NULL, '0986584065', NULL, NULL, '2014-01-15 20:40:49'),
(19, NULL, 'Darwin Diaz', NULL, '0984264878', NULL, NULL, '2014-01-15 20:41:24'),
(20, NULL, 'Dra. Nelly Viera', NULL, '0995064141', NULL, NULL, '2014-01-15 20:41:57'),
(21, NULL, 'Jose Castro', NULL, '0987776241', NULL, NULL, '2014-01-15 20:42:42'),
(22, NULL, 'Henry Peñaherrera', NULL, '0987278358', NULL, NULL, '2014-01-15 20:43:20'),
(23, NULL, 'Luis Mania', '032693116', '0939730581', NULL, NULL, '2014-01-15 20:43:59'),
(24, NULL, 'Dario Basantes', NULL, '0992646613', NULL, NULL, '2014-01-15 20:45:05'),
(25, NULL, 'Ing. Alba Zurita', NULL, '0994920767', NULL, NULL, '2014-01-15 20:45:47'),
(26, NULL, 'Luis Martinez', NULL, '0983597717', NULL, NULL, '2014-01-15 20:46:32'),
(27, NULL, 'Victor Fiallos', NULL, '0995788833', NULL, NULL, '2014-01-15 20:47:01'),
(28, NULL, 'Lorena Panchi', NULL, '0984471139', NULL, NULL, '2014-01-15 20:47:35'),
(29, NULL, 'Jose Carrera', NULL, '0998810515', NULL, NULL, '2014-01-15 20:48:25'),
(30, NULL, 'Dra. Viviana Villamarin', NULL, '0992570651', NULL, NULL, '2014-01-15 20:49:12'),
(31, NULL, 'Darwin Molina', NULL, '0984701936', NULL, NULL, '2014-01-15 20:49:56'),
(32, NULL, 'Juan Calle', NULL, '0998090559', NULL, NULL, '2014-01-15 20:50:49'),
(33, NULL, 'Carlos Valdez', NULL, '0984449642', NULL, NULL, '2014-01-15 20:52:13'),
(34, NULL, 'Calos Nivelo', '0301612545', '0984189857', NULL, NULL, '2014-01-15 20:53:05'),
(35, NULL, 'Karina Muñoz', NULL, '0998847014', NULL, NULL, '2014-01-15 20:54:35'),
(36, NULL, 'Mienda Guama', NULL, '0992591102', NULL, NULL, '2014-01-15 20:55:13'),
(37, NULL, 'Magaly Saula', NULL, '0998445623', NULL, NULL, '2014-01-15 20:55:46'),
(38, NULL, 'Rrodrigo Macao', NULL, '0981457840', NULL, NULL, '2014-01-15 20:56:32'),
(39, NULL, 'Luis Parrales', NULL, '0993862626', NULL, NULL, '2014-01-15 20:57:26'),
(40, NULL, 'Neil Merchan', NULL, '0989151515', NULL, NULL, '2014-01-15 20:59:34'),
(41, NULL, 'Dra. Maria Garcia', '03206608', '0988124735', NULL, NULL, '2014-01-15 21:00:24'),
(42, NULL, 'Maria Vallejo', NULL, '0988480204', NULL, NULL, '2014-01-15 21:01:16'),
(43, NULL, 'Rolando Meza', '0995959675', '0981120114', NULL, NULL, '2014-01-15 21:01:44'),
(44, NULL, 'Ruben Saltos', NULL, '0981389026', NULL, NULL, '2014-01-15 21:02:23'),
(45, NULL, 'Sinero Sanchez', NULL, '0984749466', NULL, NULL, '2014-01-15 21:03:21'),
(46, NULL, 'Segundo Patin', NULL, '0985807566', NULL, NULL, '2014-01-15 21:03:52'),
(47, NULL, 'Diego Trujillo', NULL, '0980436903', NULL, NULL, '2014-01-15 21:04:22'),
(48, NULL, 'Roberto Benavides', NULL, '0986568116', NULL, NULL, '2014-01-15 21:04:49'),
(49, NULL, 'Robermay Sanchez', NULL, '0994562598', NULL, NULL, '2014-01-15 21:05:23'),
(50, NULL, 'Juan Pablo Conseicle', NULL, '0986317549', NULL, NULL, '2014-01-15 21:06:03'),
(51, NULL, 'Maria Aurora Rea', NULL, '0981309372', NULL, NULL, '2014-01-15 21:06:33'),
(52, NULL, 'Wladimir Morillo', NULL, '0997595308', NULL, NULL, '2014-01-15 21:07:09'),
(53, NULL, 'Heidi Espin', NULL, '0993303204', NULL, NULL, '2014-01-15 21:07:29'),
(54, NULL, 'David Cruz', NULL, '0993602769', NULL, NULL, '2014-01-15 21:08:10'),
(55, NULL, 'Jairo Figueroa', NULL, '098077894', NULL, NULL, '2014-01-15 21:08:56'),
(56, NULL, 'Carlos Veloz', NULL, '0992035588', NULL, NULL, '2014-01-15 21:09:25'),
(57, NULL, 'Stalyn Orellana', NULL, '0981006756', NULL, NULL, '2014-01-15 21:09:50'),
(58, NULL, 'Alvaro Aldaz', NULL, '0986512829', NULL, NULL, '2014-01-15 21:10:11'),
(59, NULL, 'Antonio Romero', NULL, '0999495230', NULL, NULL, '2014-01-15 21:11:32'),
(60, NULL, 'Bolivar Garrido', NULL, '0999177672', NULL, NULL, '2014-01-15 21:12:13'),
(61, NULL, 'Cristian Jacome', '0999919304', '0992920642', NULL, NULL, '2014-04-02 17:51:40'),
(62, NULL, 'Silvia Miranda`', NULL, '0982974526', NULL, NULL, '2014-01-16 17:08:09'),
(63, NULL, 'Luis Miguel Vargas', NULL, '0999743388', NULL, NULL, '2014-01-16 17:14:36'),
(64, NULL, 'Paulina Robalino', NULL, '0984293613', NULL, NULL, '2014-01-16 17:17:18'),
(65, NULL, 'Luis Solis', NULL, '0998906171', NULL, NULL, '2014-01-16 17:22:17'),
(66, NULL, 'Marco Lozada', NULL, '0983553530', NULL, NULL, '2014-01-16 17:29:15'),
(67, NULL, 'Ing. Maria Fernanda Molina', NULL, '0979463842', NULL, NULL, '2014-01-16 17:31:03'),
(68, NULL, 'Pablo Molina', NULL, '0984048738', NULL, NULL, '2014-01-16 17:32:25'),
(69, NULL, 'Javier Escobar', NULL, '0998055705', NULL, NULL, '2014-01-16 17:33:25'),
(70, NULL, 'Alexandra Quimbita', '0986068323', '0969026373', NULL, NULL, '2014-01-16 17:34:36'),
(71, NULL, 'Nombre Pendiente', NULL, '0995843709', NULL, NULL, '2014-01-16 17:37:08'),
(72, NULL, 'Angel Llamuca', NULL, '0994160680', NULL, NULL, '2014-01-16 17:39:25'),
(73, NULL, 'Veronica Barre;o', NULL, '0969069388', NULL, NULL, '2014-01-16 17:40:39'),
(74, NULL, 'Romel Cevallos', NULL, '0998809992', NULL, NULL, '2014-01-16 17:42:04'),
(75, NULL, 'Jenny Amon', NULL, '0998780925', NULL, NULL, '2014-01-16 17:44:17'),
(76, NULL, 'Marlon Trujillo', NULL, '09991777672', NULL, NULL, '2014-01-16 17:50:19'),
(77, 110, 'Raul Costales', NULL, '0984406482', NULL, NULL, '2014-01-30 18:00:31'),
(78, NULL, 'Jhon Granda', NULL, '0995041640', NULL, NULL, '2014-01-16 17:58:26'),
(79, NULL, 'Julio Carderon', NULL, '0980419943', NULL, NULL, '2014-01-16 18:03:10'),
(80, NULL, 'Jose Luis Yugan', NULL, '0981310105', NULL, NULL, '2014-01-16 18:06:58'),
(81, 102, 'Fabian Ceron', NULL, '0987213830', NULL, NULL, '2014-01-21 17:53:10'),
(82, 102, 'Byron Lara', NULL, '0984777313', NULL, NULL, '2014-01-21 16:59:43'),
(83, 102, 'Dora Cevallos', NULL, '0999693327', NULL, NULL, '2014-01-21 17:04:22'),
(84, 110, 'Raul Costales', NULL, '0984406482', NULL, NULL, '2014-01-30 17:57:58'),
(85, 233, 'Santiago Pinos', NULL, '0968652629', NULL, NULL, '2014-02-06 17:20:31'),
(86, 234, 'Diego Machado', NULL, '0984800881', NULL, NULL, '2014-02-06 17:24:12'),
(87, 11, 'Blanca Tuyapanda', NULL, '0984410714', NULL, NULL, '2014-02-06 17:45:29'),
(88, 148, 'Jose Cordero', NULL, '0982924942', NULL, NULL, '2014-02-06 20:56:51'),
(89, NULL, 'Carlos Guilcaso', NULL, '0998269449', NULL, NULL, '2014-04-02 17:46:49'),
(90, 210, 'Alba Zurita', NULL, '0994920767', 'azurita10@outlook.com', NULL, '2014-04-02 19:10:21'),
(91, 93, 'Diana Morocho', NULL, '0984240849', NULL, NULL, '2014-04-03 17:12:52'),
(92, NULL, 'Paulina Robalino ', NULL, '0984293613', NULL, NULL, '2014-04-03 17:38:24');

-- --------------------------------------------------------

--
-- Estructura de tabla para la tabla `factura`
--

CREATE TABLE IF NOT EXISTS `factura` (
  `id_factura` int(11) NOT NULL,
  `id_cliente` char(13) NOT NULL,
  `id_contacto` smallint(5) unsigned DEFAULT NULL,
  `fecha` date NOT NULL,
  `fecha_envio` date NOT NULL,
  `guia_envio` varchar(50) DEFAULT NULL,
  `servicio_envio` varchar(80) NOT NULL,
  `estado` varchar(50) NOT NULL,
  `archivo` varchar(200) DEFAULT NULL,
  `notas` mediumtext,
  `registro` timestamp NOT NULL DEFAULT CURRENT_TIMESTAMP ON UPDATE CURRENT_TIMESTAMP,
  PRIMARY KEY (`id_factura`),
  KEY `fk_factura_cliente` (`id_cliente`),
  KEY `fk_factura_contacto` (`id_contacto`)
) ENGINE=InnoDB DEFAULT CHARSET=latin1 COMMENT='Entidad encargada de registrar las facturación, se implementa una ruta\n		al archivo del escaneado de la factura';

--
-- Volcado de datos para la tabla `factura`
--

INSERT INTO `factura` (`id_factura`, `id_cliente`, `id_contacto`, `fecha`, `fecha_envio`, `guia_envio`, `servicio_envio`, `estado`, `archivo`, `notas`, `registro`) VALUES
(101, '0660819660001', NULL, '2013-09-11', '2013-09-24', '047001000111568', 'Servientrega', 'Pagada', 'Carpeta de archivo Chimborazo Riobamba', NULL, '2014-01-16 20:46:39'),
(110, '1865012760001', NULL, '2013-10-01', '2013-10-07', '097001000152125', 'Servientrega', 'Pagada', 'Carpeta de archivo Tungurahua-Ambato', NULL, '2014-01-16 20:55:12'),
(118, '0360015690001', NULL, '2013-10-22', '2013-10-21', '097001000152716', 'Servientrega', 'Pagada', 'Carpeta de archivo Azoguez-Canar', NULL, '2014-01-16 21:00:37'),
(126, '0560022430001', NULL, '2013-11-05', '2013-11-05', '097001000153318', 'Servientrega', 'Pagada', 'Carpeta de archivo Cotopaxi-Latacunga', NULL, '2014-01-16 20:50:05'),
(127, '0560022430001', NULL, '2013-11-05', '2013-11-05', '097001000153318', 'Servientrega', 'Pagada', 'Carpeta de archivo Cotopaxi-Latacunga', NULL, '2014-01-16 20:51:37'),
(133, '1865012760001', NULL, '2013-11-05', '2013-11-05', '097001000153315', 'Servientrega', 'Pagada', 'Carpeta de archivo Tunguragua-Ambato', NULL, '2014-01-16 20:56:17'),
(135, '260004750001', NULL, '2013-11-05', '2013-11-14', '097001000153746', 'Servientrega', 'Pagada', 'Carpeta de archivo Bolivar-Guaranda', NULL, '2014-01-16 20:46:17'),
(138, '0360015690001', NULL, '2013-11-22', '2013-11-22', '1274450', 'Flota Imbabura', 'Pagada', 'Carpeta de archivo Azoguez-Ca;ar', NULL, '2014-01-16 20:58:29'),
(177, '0560022430001', NULL, '2013-11-05', '2013-11-14', '097001000153745', 'Servientrega', 'Pagada', 'Carpeta de archivo Cotopaxi-Latacunga', NULL, '2014-01-16 20:52:54'),
(9000, '0660819660001', NULL, '2013-12-03', '2014-01-17', NULL, 'Servientrega', 'Por Pagar', NULL, NULL, '2014-01-17 21:51:41'),
(9001, '0560022430001', NULL, '2013-12-04', '2014-01-17', NULL, 'Servientrega', 'Por Pagar', NULL, NULL, '2014-01-17 21:52:31'),
(9002, '1865012760001', NULL, '2014-01-08', '2014-01-17', NULL, 'Servientrega', 'Por Pagar', NULL, NULL, '2014-01-17 21:53:28');

-- --------------------------------------------------------

--
-- Estructura de tabla para la tabla `factura_detalle`
--

CREATE TABLE IF NOT EXISTS `factura_detalle` (
  `id_factura_detalle` mediumint(9) NOT NULL AUTO_INCREMENT,
  `id_factura` int(11) NOT NULL,
  `id_mantenimiento` smallint(5) NOT NULL DEFAULT '0',
  `id_reparacion` smallint(5) NOT NULL DEFAULT '0',
  `registro` timestamp NOT NULL DEFAULT CURRENT_TIMESTAMP ON UPDATE CURRENT_TIMESTAMP,
  PRIMARY KEY (`id_factura`,`id_mantenimiento`,`id_reparacion`),
  UNIQUE KEY `id_factura_detalle_UNIQUE` (`id_factura_detalle`),
  KEY `fk_factura_detalle_mantenimiento` (`id_mantenimiento`),
  KEY `fk_factura_detalle_reparacion` (`id_reparacion`)
) ENGINE=InnoDB  DEFAULT CHARSET=latin1 COMMENT='Entidad que registra los detalles de la facturacio se entiende por detalle\n				los vehiculos a los que se le realizaron mantenimiento, un mantenimiento no\n				se factura más de una vez, para poder controlar esto se obliga a que un campo de la clave\n				primaria sea cero los dos campos no deben tener un valor diferente de cero los dos a la\n				vez ya que la restriccion registra un mantenimiento o una reparación' AUTO_INCREMENT=111 ;

--
-- Volcado de datos para la tabla `factura_detalle`
--

INSERT INTO `factura_detalle` (`id_factura_detalle`, `id_factura`, `id_mantenimiento`, `id_reparacion`, `registro`) VALUES
(8, 101, 10, 0, '2014-01-17 21:59:23'),
(9, 101, 11, 0, '2014-01-17 21:59:30'),
(10, 101, 12, 0, '2014-01-17 21:59:41'),
(11, 101, 13, 0, '2014-01-17 21:59:48'),
(12, 101, 14, 0, '2014-01-17 21:59:53'),
(13, 101, 15, 0, '2014-01-17 21:59:58'),
(14, 101, 16, 0, '2014-01-17 22:00:05'),
(15, 101, 17, 0, '2014-01-17 22:00:11'),
(16, 101, 18, 0, '2014-01-17 22:00:27'),
(17, 101, 19, 0, '2014-01-17 22:00:34'),
(18, 101, 20, 0, '2014-01-17 22:00:40'),
(19, 101, 21, 0, '2014-01-17 22:00:45'),
(20, 101, 23, 0, '2014-01-17 22:01:11'),
(21, 101, 24, 0, '2014-01-17 22:01:26'),
(22, 101, 25, 0, '2014-01-17 22:01:36'),
(23, 101, 26, 0, '2014-01-17 22:01:46'),
(25, 101, 53, 0, '2014-01-17 22:02:17'),
(33, 110, 35, 0, '2014-01-17 22:05:58'),
(34, 110, 36, 0, '2014-01-17 22:06:09'),
(35, 110, 37, 0, '2014-01-17 22:06:18'),
(36, 110, 38, 0, '2014-01-17 22:06:25'),
(37, 110, 39, 0, '2014-01-17 22:06:32'),
(38, 110, 40, 0, '2014-01-17 22:06:38'),
(39, 110, 41, 0, '2014-01-17 22:06:44'),
(40, 110, 43, 0, '2014-01-17 22:06:53'),
(41, 110, 44, 0, '2014-01-17 22:07:01'),
(42, 110, 45, 0, '2014-01-17 22:07:12'),
(1, 118, 2, 0, '2014-01-17 21:58:05'),
(2, 118, 3, 0, '2014-01-17 21:58:14'),
(4, 118, 4, 0, '2014-01-17 21:58:30'),
(5, 118, 5, 0, '2014-01-17 21:58:54'),
(6, 118, 6, 0, '2014-01-17 21:59:01'),
(7, 118, 7, 0, '2014-01-17 21:59:13'),
(28, 126, 8, 0, '2014-01-17 22:02:48'),
(29, 126, 9, 0, '2014-01-17 22:02:55'),
(24, 126, 28, 0, '2014-01-17 22:01:55'),
(26, 126, 29, 0, '2014-01-17 22:02:26'),
(27, 126, 30, 0, '2014-01-17 22:02:34'),
(96, 126, 106, 0, '2014-01-17 22:17:53'),
(30, 127, 32, 0, '2014-01-17 22:05:29'),
(31, 127, 33, 0, '2014-01-17 22:05:39'),
(32, 127, 34, 0, '2014-01-17 22:05:48'),
(43, 127, 47, 0, '2014-01-17 22:07:27'),
(44, 127, 48, 0, '2014-01-17 22:07:34'),
(45, 127, 49, 0, '2014-01-17 22:07:45'),
(46, 127, 50, 0, '2014-01-17 22:07:50'),
(47, 127, 51, 0, '2014-01-17 22:07:55'),
(48, 127, 52, 0, '2014-01-17 22:08:02'),
(84, 133, 97, 0, '2014-01-17 22:14:52'),
(92, 133, 100, 0, '2014-01-17 22:16:05'),
(93, 133, 102, 0, '2014-01-17 22:16:16'),
(63, 135, 76, 0, '2014-01-17 22:11:49'),
(64, 135, 77, 0, '2014-01-17 22:11:59'),
(65, 135, 78, 0, '2014-01-17 22:12:19'),
(66, 135, 79, 0, '2014-01-17 22:12:28'),
(67, 135, 80, 0, '2014-01-17 22:12:47'),
(68, 135, 81, 0, '2014-01-17 22:12:52'),
(69, 135, 82, 0, '2014-01-17 22:13:08'),
(70, 135, 83, 0, '2014-01-17 22:13:16'),
(71, 135, 84, 0, '2014-01-17 22:13:22'),
(72, 135, 85, 0, '2014-01-17 22:13:27'),
(73, 135, 86, 0, '2014-01-17 22:13:33'),
(74, 135, 87, 0, '2014-01-17 22:13:40'),
(75, 135, 88, 0, '2014-01-17 22:13:46'),
(76, 135, 89, 0, '2014-01-17 22:13:52'),
(77, 135, 90, 0, '2014-01-17 22:13:59'),
(78, 135, 91, 0, '2014-01-17 22:14:04'),
(79, 135, 92, 0, '2014-01-17 22:14:18'),
(80, 135, 93, 0, '2014-01-17 22:14:25'),
(81, 135, 94, 0, '2014-01-17 22:14:30'),
(82, 135, 95, 0, '2014-01-17 22:14:35'),
(83, 135, 96, 0, '2014-01-17 22:14:43'),
(49, 138, 61, 0, '2014-01-17 22:08:13'),
(50, 138, 62, 0, '2014-01-17 22:08:23'),
(51, 138, 63, 0, '2014-01-17 22:08:28'),
(52, 138, 64, 0, '2014-01-17 22:08:37'),
(53, 138, 65, 0, '2014-01-17 22:08:43'),
(54, 138, 66, 0, '2014-01-17 22:08:48'),
(55, 138, 67, 0, '2014-01-17 22:08:56'),
(56, 138, 68, 0, '2014-01-17 22:09:02'),
(57, 138, 69, 0, '2014-01-17 22:09:14'),
(58, 138, 71, 0, '2014-01-17 22:10:31'),
(59, 138, 72, 0, '2014-01-17 22:10:40'),
(60, 138, 73, 0, '2014-01-17 22:10:56'),
(61, 138, 74, 0, '2014-01-17 22:11:04'),
(62, 138, 75, 0, '2014-01-17 22:11:12'),
(85, 177, 54, 0, '2014-01-17 22:15:01'),
(86, 177, 55, 0, '2014-01-17 22:15:12'),
(87, 177, 56, 0, '2014-01-17 22:15:23'),
(88, 177, 57, 0, '2014-01-17 22:15:29'),
(89, 177, 58, 0, '2014-01-17 22:15:38'),
(90, 177, 59, 0, '2014-01-17 22:15:47'),
(91, 177, 60, 0, '2014-01-17 22:15:54'),
(101, 9000, 110, 0, '2014-01-17 22:18:49'),
(102, 9000, 111, 0, '2014-01-17 22:18:57'),
(103, 9000, 112, 0, '2014-01-17 22:19:14'),
(104, 9000, 113, 0, '2014-01-17 22:19:30'),
(105, 9000, 114, 0, '2014-01-17 22:19:43'),
(106, 9000, 115, 0, '2014-01-17 22:19:49'),
(107, 9000, 116, 0, '2014-01-17 22:20:02'),
(94, 9001, 104, 0, '2014-01-17 22:16:27'),
(95, 9001, 105, 0, '2014-01-17 22:16:38'),
(110, 9001, 106, 0, '2014-01-17 22:27:26'),
(97, 9001, 107, 0, '2014-01-17 22:18:02'),
(98, 9001, 108, 0, '2014-01-17 22:18:17'),
(99, 9001, 109, 0, '2014-01-17 22:18:27'),
(100, 9001, 1117, 0, '2014-01-17 22:18:39'),
(108, 9002, 121, 0, '2014-01-17 22:20:12'),
(109, 9002, 122, 0, '2014-01-17 22:20:19');

-- --------------------------------------------------------

--
-- Estructura de tabla para la tabla `gastos_viaje`
--

CREATE TABLE IF NOT EXISTS `gastos_viaje` (
  `id_gasto_viaje` mediumint(8) unsigned NOT NULL AUTO_INCREMENT,
  `id_viaje` smallint(5) unsigned NOT NULL,
  `nro_factura` varchar(20) NOT NULL,
  `fecha` date NOT NULL,
  `detalle` varchar(300) NOT NULL,
  `valor` decimal(4,2) NOT NULL,
  `tipo` varchar(45) DEFAULT NULL,
  `registro` timestamp NOT NULL DEFAULT CURRENT_TIMESTAMP,
  PRIMARY KEY (`id_viaje`,`nro_factura`,`valor`),
  UNIQUE KEY `id_gasto_viaje_UNIQUE` (`id_gasto_viaje`)
) ENGINE=InnoDB  DEFAULT CHARSET=latin1 COMMENT='Se registran los gastos de los viajes, en esta entidad se graban los \n		gastos realizados para cada viaje, se registran los datos de las facturas de acuerdo\n		al formato que se tiene en gastos de viajes en la carpeta polaris de dropbox' AUTO_INCREMENT=177 ;

--
-- Volcado de datos para la tabla `gastos_viaje`
--

INSERT INTO `gastos_viaje` (`id_gasto_viaje`, `id_viaje`, `nro_factura`, `fecha`, `detalle`, `valor`, `tipo`, `registro`) VALUES
(1, 1, 'S/N', '2013-07-22', 'Resgistro de gastos viaje se compra herramientas hexagonales y materiales', 99.99, 'Varios', '2013-10-26 02:14:17'),
(2, 2, '1171684', '2013-08-23', 'Peaje', 1.00, 'Peaje', '2013-10-26 02:11:52'),
(3, 2, '126', '2013-08-21', 'Recarga celular', 6.00, 'Recarga', '2013-10-26 02:11:52'),
(4, 2, '1283281', '2013-08-21', 'Peaje', 1.00, 'Peaje', '2013-10-26 02:11:52'),
(5, 2, '1315165', '2013-08-23', 'Peaje', 1.00, 'Peaje', '2013-10-26 02:11:52'),
(6, 2, '135', '2013-08-22', 'Alimentacion', 11.50, 'Alimentacion', '2013-10-26 02:11:52'),
(7, 2, '1475', '2013-08-23', 'Materiales', 9.85, 'Material', '2013-10-26 02:11:52'),
(8, 2, '1528903', '2013-08-21', 'Peaje', 1.00, 'Peaje', '2013-10-26 02:11:52'),
(9, 2, '1551', '2013-08-23', 'Alimentacion', 6.00, 'Alimentacion', '2013-10-26 02:11:52'),
(10, 2, '16416', '2013-08-21', 'Alimentacion', 17.92, 'Alimentacion', '2013-10-26 02:11:52'),
(11, 2, '16417', '2013-08-21', 'Hospedaje', 30.00, 'Hospedaje', '2013-10-26 02:11:52'),
(12, 2, '16418', '2013-08-22', 'Alimentacion', 10.08, 'Alimentacion', '2013-10-26 02:11:52'),
(13, 2, '16462', '2013-08-22', 'Alimentacion', 6.25, 'Alimentacion', '2013-10-26 02:11:52'),
(14, 2, '1840701', '2013-08-20', 'Peaje', 0.39, 'Peaje', '2013-10-26 02:11:52'),
(15, 2, '18890', '2013-08-21', 'Gasolina Super', 14.00, 'Conbustible', '2013-10-26 02:11:52'),
(16, 2, '2069104', '2013-08-21', 'Peaje', 1.00, 'Peaje', '2013-10-26 02:11:52'),
(17, 2, '38', '2013-08-22', 'Brochas Nro. 4', 3.60, 'Material', '2013-10-26 02:11:52'),
(18, 2, '457877', '2013-08-20', 'Gasolina Super', 14.00, 'Conbustible', '2013-10-26 02:11:52'),
(19, 2, '4751769', '2013-08-21', 'Peaje', 0.39, 'Peaje', '2013-10-26 02:11:52'),
(20, 2, '4752147', '2013-08-23', 'Peaje', 0.39, 'Peaje', '2013-10-26 02:11:52'),
(21, 2, '48728', '2013-08-23', 'Gasolina Super', 10.00, 'Conbustible', '2013-10-26 02:11:52'),
(22, 2, '60376', '2013-08-23', 'Gasolina Super', 5.00, 'Conbustible', '2013-10-26 02:11:52'),
(23, 2, '753', '2013-08-22', 'Hospedaje', 17.92, 'Hospedaje', '2013-10-26 02:11:52'),
(24, 2, '9', '2013-08-21', 'Alimentacion', 5.50, 'Alimentacion', '2013-10-26 02:11:52'),
(25, 2, '937427', '2013-08-23', 'Peaje', 1.00, 'Peaje', '2013-10-26 02:11:52'),
(26, 2, 'S/N', '2013-08-23', 'Gaseosas', 5.35, 'Alimentacion', '2013-10-26 02:11:52'),
(27, 2, 'S/N', '2013-08-20', 'Recarga celular', 6.00, 'Recarga', '2013-10-26 02:11:52'),
(28, 2, 'S/N', '2013-08-23', 'Alimentacion', 8.00, 'Alimentacion', '2013-10-26 02:11:52'),
(29, 2, 'S/N', '2013-08-23', 'Alimentacion', 11.50, 'Alimentacion', '2013-10-26 02:11:52'),
(30, 3, '1240', '3012-08-26', 'Liquido de freno', 4.00, 'Material', '2013-10-26 02:11:52'),
(31, 3, '1578', '2013-08-26', 'Alimentacion', 4.48, 'Alimentacion', '2013-10-26 02:11:52'),
(32, 3, '1711237', '2013-08-26', 'Peaje', 1.00, 'Peaje', '2013-10-26 02:11:52'),
(33, 3, '1721999', '2013-08-27', 'Peaje', 1.00, 'Peaje', '2013-10-26 02:11:52'),
(34, 3, '18514', '2013-08-26', 'Gasolina Super', 10.00, 'Conbustible', '2013-10-26 02:11:52'),
(35, 3, '1889688', '2013-08-27', 'Peaje', 1.00, 'Peaje', '2013-10-26 02:11:52'),
(36, 3, '251156', '2013-08-27', 'Gasolina Super', 13.00, 'Conbustible', '2013-10-26 02:11:52'),
(37, 3, '49', '2013-08-27', 'Alimentacion', 4.00, 'Alimentacion', '2013-10-26 02:11:52'),
(38, 3, '967331', '2013-08-26', 'Peaje', 1.00, 'Peaje', '2013-10-26 02:11:52'),
(39, 3, 'S/N', '2013-08-27', 'Taxi', 2.00, 'Varios', '2013-10-26 02:11:52'),
(40, 3, 'S/N', '2013-08-27', 'Recarga Celular', 3.00, 'Alimentacion', '2013-10-26 02:11:52'),
(41, 4, 'S/N', '2013-08-09', 'Registro de gastos primer viaje, falta detalle por no llevar control', 50.00, 'Varios', '2013-10-26 02:14:17'),
(42, 5, '149400', '2013-09-09', 'Gasolina Super', 12.50, 'Conbustible', '2013-10-26 02:11:52'),
(43, 5, '150008', '2013-09-11', 'Gasolina Super', 5.00, 'Conbustible', '2013-10-26 02:11:52'),
(44, 5, '16184', '2013-09-10', 'Alimentacion', 10.40, 'Alimentacion', '2013-10-26 02:11:52'),
(45, 5, '1935382', '2013-09-10', 'Peaje', 1.00, 'Peaje', '2013-10-26 02:11:52'),
(46, 5, '21', '2013-09-10', 'Recarga Celular', 3.00, 'Recarga', '2013-10-26 02:11:52'),
(47, 5, '2138953', '2013-09-10', 'Peaje', 1.00, 'Peaje', '2013-10-26 02:11:52'),
(48, 5, '308775', '2013-09-11', 'Peaje', 0.39, 'Peaje', '2013-10-26 02:11:52'),
(49, 5, '5626915', '2013-09-10', 'Peaje', 0.39, 'Peaje', '2013-10-26 02:11:52'),
(50, 5, '6227317', '2013-09-10', 'Peaje', 0.39, 'Peaje', '2013-10-26 02:11:52'),
(51, 5, '8532361', '2013-09-10', 'Peaje', 0.39, 'Peaje', '2013-10-26 02:11:52'),
(52, 5, 'S/N ', '2013-09-10', 'Alimentacion', 4.30, 'Alimentacion', '2013-10-26 02:11:52'),
(53, 6, '10375', '2013-09-17', 'Alimentacion', 9.50, 'Alimentacion', '2013-10-26 02:11:52'),
(54, 6, '10794', '2013-09-20', 'Hospedaje', 24.00, 'Hospedaje', '2013-10-26 02:11:52'),
(55, 6, '1428352', '2013-09-17', 'Peaje', 1.00, 'Peaje', '2013-10-26 02:11:52'),
(56, 6, '1464', '2013-09-20', 'Alimentacion', 8.50, 'Alimentacion', '2013-10-26 02:11:52'),
(57, 6, '1465', '2013-09-20', 'Alimentacion', 8.00, 'Alimentacion', '2013-10-26 02:11:52'),
(58, 6, '1534339', '2013-09-20', 'Peaje', 1.00, 'Peaje', '2013-10-26 02:11:52'),
(59, 6, '1646385', '2013-09-17', 'Peaje', 1.00, 'Peaje', '2013-10-26 02:11:52'),
(60, 6, '298105', '2013-09-20', 'Gasolina Extra', 10.00, 'Conbustible', '2013-10-26 02:11:52'),
(61, 6, '3933', '2013-09-17', 'Hospedaje', 28.00, 'Conbustible', '2013-10-26 02:11:52'),
(62, 6, '397932', '2013-09-16', 'Gasolina Extra', 14.00, 'Conbustible', '2013-10-26 02:11:52'),
(63, 6, '4032', '2013-09-17', 'Alimentacion', 9.00, 'Alimentacion', '2013-10-26 02:11:52'),
(64, 6, '406094', '2013-09-17', 'Gasolina Extra', 9.00, 'Conbustible', '2013-10-26 02:11:52'),
(65, 6, '47248', '2013-09-19', 'Gasolina Extra', 12.00, 'Conbustible', '2013-10-26 02:11:52'),
(66, 6, '4733', '2013-09-17', 'Alimentacion', 9.00, 'Alimentacion', '2013-10-26 02:11:52'),
(67, 6, '4899', '2013-09-18', 'Alimentacion', 9.40, 'Alimentacion', '2013-10-26 02:11:52'),
(68, 6, '5665948', '2013-09-20', 'Peaje', 0.39, 'Peaje', '2013-10-26 02:11:52'),
(69, 6, '6352', '2013-09-18', 'Alimentacion', 6.30, 'Alimentacion', '2013-10-26 02:11:52'),
(70, 6, '6353', '2013-09-18', 'Alimentacion', 6.30, 'Alimentacion', '2013-10-26 02:11:52'),
(71, 6, '663', '2013-09-19', 'Alimentacion', 8.25, 'Alimentacion', '2013-10-26 02:11:52'),
(72, 6, '8569075', '2013-09-17', 'Peaje', 0.39, 'Peaje', '2013-10-26 02:11:52'),
(73, 6, '90949', '2013-09-17', 'Parqueo', 0.40, 'Varios', '2013-10-26 02:11:52'),
(74, 6, '9865', '2013-09-18', 'Hospedaje', 20.00, 'Hospedaje', '2013-10-26 02:11:52'),
(75, 6, '9866', '2013-09-18', 'Alimentacion', 10.50, 'Alimentacion', '2013-10-26 02:11:52'),
(76, 6, '99388', '2013-09-17', 'Parqueo', 4.60, 'Varios', '2013-10-26 02:11:52'),
(77, 6, 'S/N', '2013-09-20', 'Gastos Varios', 7.50, 'Varios', '2013-10-26 02:11:52'),
(78, 7, '1093', '2013-10-02', 'Recarga Telefono', 10.00, 'Recarga', '2013-10-26 02:11:52'),
(79, 7, '111695', '2013-10-04', 'Material de Trabajo', 4.80, 'Material', '2013-10-26 02:11:52'),
(80, 7, '111710', '2013-10-04', 'Material de Trabajo', 5.33, 'Material', '2013-10-26 02:11:52'),
(81, 7, '117922', '2013-10-02', 'Gasolina', 14.00, 'Conbustible', '2013-10-26 02:11:52'),
(82, 7, '12.49', '2013-10-03', 'Alimentacion', 6.40, 'Alimentacion', '2013-10-26 02:11:52'),
(83, 7, '1242', '2013-10-03', 'Alimentacion', 6.00, 'Alimentacion', '2013-10-26 02:11:52'),
(84, 7, '129984', '2013-10-04', 'Gasolina', 10.00, 'Conbustible', '2013-10-26 02:11:52'),
(85, 7, '1368345', '2013-10-02', 'Peaje', 1.00, 'Peaje', '2013-10-26 02:11:52'),
(86, 7, '1383092', '2013-10-04', 'Peaje', 1.00, 'Peaje', '2013-10-26 02:11:52'),
(87, 7, '1611891', '2013-10-05', 'Gasolina', 5.00, 'Conbustible', '2013-10-26 02:11:52'),
(88, 7, '1806520', '2013-10-02', 'Peaje', 1.00, 'Peaje', '2013-10-26 02:11:52'),
(89, 7, '1830360', '2013-10-05', 'Peaje', 1.00, 'Peaje', '2013-10-26 02:11:52'),
(90, 7, '185', '2013-10-04', 'Alimentacion', 7.00, 'Alimentacion', '2013-10-26 02:11:52'),
(91, 7, '186', '2013-10-04', 'Alimentacion', 7.50, 'Alimentacion', '2013-10-26 02:11:52'),
(92, 7, '1867609', '2013-10-05', 'Peaje', 1.00, 'Peaje', '2013-10-26 02:11:52'),
(93, 7, '1976', '2013-10-02', 'Alimentacion', 6.50, 'Alimentacion', '2013-10-26 02:11:52'),
(94, 7, '1977', '2013-10-02', 'Alimentacion', 6.00, 'Alimentacion', '2013-10-26 02:11:52'),
(95, 7, '2017526', '2013-10-05', 'Peaje', 0.39, 'Peaje', '2013-10-26 02:11:52'),
(96, 7, '21017', '2013-10-02', 'Material de Trabajo', 14.95, 'Material', '2013-10-26 02:11:52'),
(97, 7, '348243', '2013-10-02', 'Peaje', 0.39, 'Peaje', '2013-10-26 02:11:52'),
(98, 7, '4216', '2013-10-02', 'Hospedaje', 24.00, 'Hospedaje', '2013-10-26 02:11:52'),
(99, 7, '4219', '2013-10-03', 'Hospedaje', 24.00, 'Hospedaje', '2013-10-26 02:11:52'),
(100, 7, '4563', '2013-10-05', 'Material de Trabajo', 27.00, 'Material', '2013-10-26 02:11:52'),
(101, 7, '6325088', '2013-10-01', 'Peaje', 0.39, 'Peaje', '2013-10-26 02:11:52'),
(102, 7, '6815', '2013-10-02', 'Material de Trabajo', 2.00, 'Material', '2013-10-26 02:11:52'),
(103, 7, '692708', '2013-10-05', 'Peaje', 1.00, 'Peaje', '2013-10-26 02:11:52'),
(104, 7, '71481', '2013-10-01', 'Gasolina', 13.00, 'Conbustible', '2013-10-26 02:11:52'),
(105, 7, '7610', '2013-10-05', 'Alimentacion', 19.45, 'Alimentacion', '2013-10-26 02:11:52'),
(106, 7, '99', '2013-10-03', 'Alimentacion', 11.80, 'Alimentacion', '2013-10-26 02:11:52'),
(107, 7, 'S/N', '2013-10-05', 'Material de Trabajo', 4.00, 'Material', '2013-10-26 02:11:52'),
(108, 7, 'S/N', '2013-10-04', 'Alimentacion', 6.00, 'Alimentacion', '2013-10-26 02:11:52'),
(109, 7, 'SN', '2013-10-02', 'Alimentacion', 10.25, 'Alimentacion', '2013-10-26 02:11:52'),
(110, 8, '100043', '2013-10-18', 'parqueadero', 5.00, 'Varios', '2013-10-26 02:11:52'),
(111, 8, '1058551', '2013-10-18', 'peaje', 1.00, 'Peaje', '2013-10-26 02:11:52'),
(112, 8, '10681', '2013-10-18', 'Alimentacion', 4.02, 'Alimentacion', '2013-10-26 02:11:52'),
(113, 8, '1113335412', '2013-10-14', 'Peaje', 0.39, 'Peaje', '2013-10-26 02:11:52'),
(114, 8, '13457', '2013-10-18', 'Gasolina', 5.00, 'Conbustible', '2013-10-26 02:11:52'),
(115, 8, '16486', '2013-10-14', 'Alimentacion', 9.40, 'Alimentacion', '2013-10-26 02:11:52'),
(116, 8, '1665349', '2013-10-18', 'peaje', 1.00, 'Peaje', '2013-10-26 02:11:52'),
(117, 8, '16683', '2013-10-15', 'guaypes', 5.00, 'Material', '2013-10-26 02:11:52'),
(118, 8, '1676328', '2013-10-14', 'peaje', 1.00, 'Peaje', '2013-10-26 02:11:52'),
(119, 8, '1840940', '2013-10-14', 'Peaje', 1.00, 'Peaje', '2013-10-26 02:11:52'),
(120, 8, '199960', '2013-10-17', 'Gasolina', 10.00, 'Conbustible', '2013-10-26 02:11:52'),
(121, 8, '20046', '2013-10-15', 'Gasolina', 9.00, 'Conbustible', '2013-10-26 02:11:52'),
(122, 8, '222', '2013-10-17', 'alimentacion', 6.50, 'Alimentacion', '2013-10-26 02:11:52'),
(123, 8, '223', '2013-10-17', 'alimentacion', 6.15, 'Alimentacion', '2013-10-26 02:11:52'),
(124, 8, '2833', '2013-10-15', 'alimentacion     ', 4.50, 'Alimentacion', '2013-10-26 02:11:52'),
(125, 8, '2837', '2013-10-15', 'alimentacion ', 7.50, 'Alimentacion', '2013-10-26 02:11:52'),
(126, 8, '2839', '2013-10-16', 'alimentacion ', 4.50, 'Alimentacion', '2013-10-26 02:11:52'),
(127, 8, '29458', '2013-10-14', 'Gasolina', 13.00, 'Conbustible', '2013-10-26 02:11:52'),
(128, 8, '3007', '2013-10-15', 'alimentacion ', 6.65, 'Alimentacion', '2013-10-26 02:11:52'),
(129, 8, '3008', '2013-10-15', 'alimentacion', 6.65, 'Alimentacion', '2013-10-26 02:11:52'),
(130, 8, '3782', '2013-10-16', 'hospedaje', 22.40, 'Hospedaje', '2013-10-26 02:11:52'),
(131, 8, '3961', '2013-10-17', 'hospedaje', 44.80, 'Hospedaje', '2013-10-26 02:11:52'),
(132, 8, '42', '2013-10-17', 'alimentacion', 6.25, 'Alimentacion', '2013-10-26 02:11:52'),
(133, 8, '427', '2013-10-16', 'alimentacion', 4.00, 'Alimentacion', '2013-10-26 02:11:52'),
(134, 8, '550', '2013-10-14', 'alimentacion', 6.44, 'Alimentacion', '2013-10-26 02:11:52'),
(135, 8, '6391807', '2013-10-18', 'peaje', 0.39, 'Peaje', '2013-10-26 02:11:52'),
(136, 8, '7426', '2013-10-15', 'hospedaje', 13.44, 'Hospedaje', '2013-10-26 02:11:52'),
(137, 8, '7427', '2013-10-15', 'hospedaje ', 13.44, 'Hospedaje', '2013-10-26 02:11:52'),
(138, 8, '7436', '2013-10-14', 'Hospedaje', 30.24, 'Hospedaje', '2013-10-26 02:11:52'),
(139, 8, 'S/N', '2013-10-17', 'pernos ', 2.25, 'Material', '2013-10-26 02:11:52'),
(140, 8, 'S/N', '2013-10-16', 'alimentacion', 3.00, 'Alimentacion', '2013-10-26 02:11:52'),
(141, 8, 'S/N', '2013-10-16', 'alimentacion', 5.00, 'Alimentacion', '2013-10-26 02:11:52'),
(142, 8, 'S/N', '2013-10-16', 'alimentacion', 5.10, 'Alimentacion', '2013-10-26 02:11:52'),
(143, 8, 'S/N', '2013-10-18', ' gatos varios', 6.50, 'Varios', '2013-10-26 02:11:52'),
(144, 8, 'S/N', '2013-10-16', 'Alimentacion', 9.00, 'Alimentacion', '2013-10-26 02:11:52'),
(145, 8, 'S/N', '2013-10-14', 'recarga', 10.00, 'Recarga', '2013-10-26 02:11:52'),
(146, 9, '1356', '2013-10-16', 'Hospedaje', 30.00, 'Hospedaje', '2013-10-26 02:11:52'),
(147, 9, '1361123', '2013-10-17', 'Peaje', 1.00, 'Peaje', '2013-10-26 02:11:52'),
(148, 9, '1844403', '2013-10-16', 'Peaje', 1.00, 'Peaje', '2013-10-26 02:11:52'),
(149, 9, '203789', '2013-10-16', 'Peaje', 1.00, 'Peaje', '2013-10-26 02:11:52'),
(150, 9, '2204997', '2013-10-17', 'Peaje', 1.00, 'Peaje', '2013-10-26 02:11:52'),
(151, 9, '242', '2013-10-16', 'Herramientas', 9.50, 'Material', '2013-10-26 02:11:52'),
(152, 9, '29097', '2013-10-16', 'Gasolina', 12.00, 'Conbustible', '2013-10-26 02:11:52'),
(153, 9, '3424', '2013-10-16', 'Alimentacion', 6.00, 'Alimentacion', '2013-10-26 02:11:52'),
(154, 9, '3433', '2013-10-16', 'Alimentacion', 4.90, 'Alimentacion', '2013-10-26 02:11:52'),
(155, 9, '4022791', '2013-10-17', 'Peaje', 0.40, 'Peaje', '2013-10-26 02:11:52'),
(156, 9, 'S/N', '2013-10-17', 'Alimentacion', 8.50, 'Alimentacion', '2013-10-26 02:11:52'),
(157, 9, 'S/N', '2013-10-16', 'Alimentacion', 9.60, 'Alimentacion', '2013-10-26 02:11:52'),
(158, 9, 'S/N', '2013-10-17', 'Varios', 10.00, 'Varios', '2013-10-26 02:11:52'),
(159, 9, 'S/N', '2013-10-17', 'Gasolina', 15.00, 'Conbustible', '2013-10-26 02:11:52'),
(160, 10, '1408297', '2013-10-22', 'Peaje', 1.00, 'Peaje', '2013-10-26 02:11:52'),
(161, 10, '169476', '2013-10-22', 'Gasolina Super', 10.00, 'Conbustible', '2013-10-26 02:11:52'),
(162, 10, '1729395', '2013-10-22', 'Peaje', 1.00, 'Peaje', '2013-10-26 02:11:52'),
(163, 10, '174', '2013-10-22', 'Alimentacion', 5.50, 'Alimentacion', '2013-10-26 02:11:52'),
(164, 10, '175', '2013-10-22', 'Alimentacion', 5.50, 'Alimentacion', '2013-10-26 02:11:52'),
(165, 10, '1877337', '2013-10-22', 'Peaje', 1.00, 'Peaje', '2013-10-26 02:11:52'),
(166, 10, '1916865', '2013-10-22', 'Peaje', 1.00, 'Peaje', '2013-10-26 02:11:52'),
(167, 10, '2056878', '2013-10-22', 'Peaje', 1.00, 'Peaje', '2013-10-26 02:11:52'),
(168, 10, '2104918', '2013-10-22', 'Peaje', 0.39, 'Peaje', '2013-10-26 02:11:52'),
(169, 10, '2714', '2013-10-22', 'Lavanderia', 2.50, 'Varios', '2013-10-26 02:11:52'),
(170, 10, '3317', '2013-10-22', 'Herramientas', 7.00, 'Material', '2013-10-26 02:11:52'),
(171, 10, '428', '2013-10-22', 'Alimentacion', 4.20, 'Alimentacion', '2013-10-26 02:11:52'),
(172, 10, '6275214', '2013-10-22', 'Peaje', 0.39, 'Peaje', '2013-10-26 02:11:52'),
(173, 10, '6407796', '2013-10-22', 'Peaje', 0.39, 'Peaje', '2013-10-26 02:11:52'),
(174, 10, '691715', '2013-10-22', 'Peaje', 1.00, 'Peaje', '2013-10-26 02:11:52'),
(175, 10, 'S/N', '2013-10-22', 'Gasolina Super', 18.00, 'Conbustible', '2013-10-26 02:11:52'),
(176, 11, '7411', '2013-10-30', 'Gasolina\r\n', 9.50, 'Combustible', '2013-12-27 18:46:36');

-- --------------------------------------------------------

--
-- Estructura de tabla para la tabla `inspeccion`
--

CREATE TABLE IF NOT EXISTS `inspeccion` (
  `id_inspeccion` smallint(5) unsigned NOT NULL AUTO_INCREMENT,
  `id_vehiculo` varchar(17) NOT NULL,
  `id_tecnico` varchar(10) NOT NULL,
  `id_contacto` smallint(5) unsigned NOT NULL,
  `id_ciudad` smallint(5) unsigned DEFAULT NULL,
  `periodo` smallint(5) unsigned NOT NULL,
  `fecha` date NOT NULL,
  `notas` text,
  `registro` timestamp NOT NULL DEFAULT CURRENT_TIMESTAMP ON UPDATE CURRENT_TIMESTAMP,
  PRIMARY KEY (`id_inspeccion`),
  KEY `fk_inspeccion_vehiculo` (`id_vehiculo`),
  KEY `fk_inspeccion_tecnico` (`id_tecnico`),
  KEY `fk_inspeccion_contacto` (`id_contacto`),
  KEY `fk_inspeccion_ciudad` (`id_ciudad`)
) ENGINE=InnoDB  DEFAULT CHARSET=latin1 COMMENT='De momento es solo un formulario de inspeccion' AUTO_INCREMENT=33 ;

--
-- Volcado de datos para la tabla `inspeccion`
--

INSERT INTO `inspeccion` (`id_inspeccion`, `id_vehiculo`, `id_tecnico`, `id_contacto`, `id_ciudad`, `periodo`, `fecha`, `notas`, `registro`) VALUES
(1, '4XATH76A0D2293222', '1711938025', 3, 82, 0, '2013-08-27', 'Informe Inspección Vehículo\r\n\r\n\r\nLatacunga, 27 de Agosto del 2013\r\n\r\n\r\nSe procede a la inspección del vehículo con VIN 4XATH76A0D2293222 mismo que presenta lo siguiente:\r\n\r\n•  Muestra un golpe en la parte delantera derecha producido por un impacto, mismo que rompe el guarda fangos derecho, y una pequeña parte del guarda choques, el golpe afectó la posición del faro.\r\n  \r\n• Tiene el parabrisas roto.\r\n \r\n• Se revisa el sistema de aceleración, niveles de fluidos y el sistema eléctrico mismos que no presentan ninguna novedad.\r\n•  Motor funcionando correctamente.\r\n\r\n\r\n\r\nAtentamente:\r\n\r\n\r\n\r\nGalo Sinchiguano\r\n\r\n\r\n\r\n\r\n\r\n', '2013-10-02 06:06:54'),
(2, '4XATH76A4D2290761', '0803550466', 3, 81, 0, '2013-09-19', '\r\nInforme Inspección Vehículo\r\n\r\nCotopaxi, La Mana, 19 de Septiembre de 2013\r\n\r\nSe procede con la inspección del vehículo con número de VIN  4XATH76A4D2290761,  a cargo del Ing. Henry Peñaherrera, mismo que presenta un golpe en la parte frontal derecha producto del golpe presenta el guarda choque doblado hacia dentro, se realiza una inspección completa de acuerdo al siguiente detalle:\r\n\r\nInspección Observaciones\r\nCarrocería Tiene roto el guarda fango derecho\r\nPuertas Funcionando correctamente.\r\nCajón abatible  Funcionando correctamente\r\nEstructura Cabina  No presenta golpes\r\nTerminales Suspensión Funcionando correctamente.\r\nAmortiguadores  Funcionando correctamente.\r\nTerminales de dirección Funcionando correctamente.\r\nBrazos de Suspensión  Funcionando correctamente.\r\nGuardachoque  Presenta doblamiento en la parte izquierda.\r\nBatería  Funcionando correctamente\r\nCableado eléctrico Funcionando correctamente..\r\nLimpia-brizas  Funcionando correctamente.\r\nCaja engranaje delantera  Funcionando correctamente.\r\nCajas engranaje posterior Funcionando correctamente.\r\nAceite Motor  Cambiado\r\nAceite Caja Posterior Cambiado\r\nAceite Caja Delantera Cambiado\r\nLiquido de Frenos Llenado completo\r\nRefrigerante  Cambiado\r\nÁcido batería Funcionando perfectamente\r\nFiltro aire  Funcionando correctamente\r\nFiltro Aceite  Cambiado\r\nImágenes vehículo:\r\n\r\n\r\n\r\n\r\n\r\nObservaciones:\r\n• Presenta doblamiento en la parte izquierda del guarda choque.\r\n•  Presentar rotura en la parte superior izquierda de la mascarilla.\r\n•  Se derramo el líquido de freno en un 70% a 80% estimado quedándose con el porcentaje mínimo de liquido para ser frenado.\r\n\r\n\r\nNota: Se realiza el mantenimiento completo del vehículo.\r\n\r\n\r\nResponsabe zonal: Ing. Xavier Moya (03-2812 986), Dirección Provincial Agropecuaria de Cotopaxi Latacunga Av Atahualpa y zamora\r\n\r\n\r\n\r\n\r\n\r\nAtentamente:\r\n\r\n\r\n\r\nTec. Eduardo Villota\r\nCI: 172291972-5\r\n\r\n\r\n', '2013-10-02 06:06:54'),
(3, '4XATH76AXD2290828', '1711938025', 4, 217, 0, '2013-09-18', 'Informe Inspección Vehículo\r\nTungurahua, Quinchicoto 18 de septiembre del 2013\r\nEn la zona de Quinchicoto provincia de Tungurahua se procede con la inspección del vehículo con VIN  4XATH76AXD220828 a cargo del Ing. Luis Soliz, este vehículo presenta un sonido en la caja de cambios posterior, el sonido se produce, en el momento que se cambia de marcha, cuando inicia el recorrido,se realiza una inspección completa de acuerdo al siguiente detalle:\r\nInspección Observaciones\r\nCarrocería Funcionando correctamente.\r\nPuertas Funcionando correctamente.\r\nCajón abatible  Funcionando correctamente\r\nEstructura Cabina  Funcionando correctamente.\r\nTerminales Suspensión Funcionando correctamente.\r\nAmortiguadores  Funcionando correctamente.\r\nTerminales de dirección Funcionando correctamente.\r\nBrazos de Suspensión  Funcionando correctamente.\r\nGuardachoque  Funcionando correctamente.\r\nBatería Funcionando correctamente\r\nCableado eléctrico Funcionando correctamente..\r\nLimpia-brizas  Funcionando correctamente.\r\nCaja engranaje delantera  Funcionando correctamente.\r\nCajas engranaje posterior Funcionando correctamente.\r\nAceite Motor  Completo\r\nAceite Caja Posterior Completo\r\nAceite Caja Delantera Completo\r\nLiquido de Frenos Completo\r\nRefrigerante  Completo\r\nÁcido batería Funcionando perfectamente\r\nFiltro aire  Funcionando correctamente\r\nFiltro Aceite  Completo\r\nNotas: Se realizó el chequeo respectivo  del vehículo , analizando las siguiente , piezas  que verificó , las cruceta , los ejes trasero , o algún tornillo flojos , estas piezas estaban bien, y el sonido seguía  presente en el vehículo\r\nEl vehículo apenas cumple 6 horas de trabajo motivo por el cual no se puede hacer el cambio de aceites respectivos.\r\nEl encargado zonal solicita de manera cordial se realice el traslado a Quito inmediatamente para el arreglo del vehículo.\r\nConclusión:  Desarmar la caja de cambio para revisar los engranajes.\r\nResponsable Zonal: Dr. Jorge Cifuentes Carrión  (03-2827383) Dirección Provincial Agropecuaria del Tungurahua Av. 12 de noviembre cc. Ambato Bloque No.2 Segundo Piso.\r\nAtentamente:\r\n\r\nEduardo Villota\r\n172291972-5\r\n', '2013-10-02 06:10:03'),
(4, '4XATH76A6D2291121', '0803550466', 4, 92, 0, '2013-08-01', '\r\nInforme Vehículo Polaris Volcado\r\n\r\n\r\nAmbato, 01 de Agosto del 2013\r\n\r\n\r\nEl vehículo Polaris con numero de VIN 4XATH76A6D2291121 sufrió un volcamiento por la parte delantera izquierda, resultado de una posible perdida de pista, presenta un golpe en la parte superior izquierda del parabrisas provocando la ruptura del vidrio, la cabina se encuentra desviada hacia atrás en la dirección del golpe aproximadamente 3cm.\r\n\r\nGráfico del golpe visto desde la parte frontal de la cabina\r\n\r\n\r\nSe realizó un chequeo completo de los sistemas, encontrando las siguientes novedades:\r\n\r\nInspección  Observaciones\r\nCarrocería Presenta golpes en el lugar del impacto, pero no presenta ningún daño\r\nPuertas  Funcionando correctamente.\r\nCajón abatible  Funcionando, presenta una torcedura en el mango derecho\r\nEstructura Cabina  Presenta una desviación en dirección al golpe de unos 3cm\r\nTerminales Suspensión  Funcionando correctamente.\r\nAmortiguadores  Funcionando correctamente.\r\nTerminales de dirección Funcionando correctamente.\r\nBrazos de Suspensión  Funcionando correctamente.\r\nWincha  Funcionando correctamente.\r\nBatería Funcionando correctamente, presenta un baja en la carga por perdida de ácido.\r\nCableado eléctrico Funcionando correctamente.\r\nLimpia-brizas Funcionando correctamente.\r\nCaja engranaje delantera  Funcionando correctamente.\r\nCajas engranaje posterior Funcionando correctamente.\r\nAceite Motor  Cambiar\r\nAceite Caja Posterior  Correcto\r\nAceite Caja Delantera Correcto\r\nLiquido de Frenos Vacío\r\nRefrigerante Vacío\r\nÁcido batería  Por completar\r\nFiltro aire  Cambiar, se encuentra cubierto de aceite\r\nFiltro Aceite Cambiar\r\n\r\n\r\nObservaciones Adicionales:\r\n\r\n1. El aceite del motor se derramó en un 30% a 40 % encontrándose principalmente en los ductos de entrada de aire al motor.\r\n2. Se chequea la alineación de las llantas sin encontrar ninguna novedad.\r\n\r\n\r\nResponsable Zonal: Dr. Jorge Cifuentes Carrión  (03-2827383) Dirección Provincial Agropecuaria del Tungurahua Av. 12 de noviembre cc. Ambato Bloque No.2 Segundo Piso.\r\n\r\nAtentamente:\r\n\r\n\r\n\r\n\r\nTec. Eduardo Villota\r\nCI: 172291972-5\r\n', '2013-10-02 06:15:09'),
(11, '4XATH76A4D2290050', '1711938025', 1, 87, 50, '2013-12-03', 'Informe Inspección Vehículo\r\nBolívar, Guaranda  03 de diciembre del 2013\r\nBolívar, Guaranda se procede con la inspección del vehículo con VIN  4XATH76A4D2290050 a cargo del ING.CARLOS GUACHILENA , este vehículo presenta los siguientes , daños no se enciende .\r\nInspección	Observaciones\r\nCarrocería	Funcionando correctamente.\r\nPuertas	Funcionando correctamente.\r\nCajón abatible	Funcionando correctamente\r\nEstructura Cabina	Funcionando correctamente.\r\nTerminales Suspensión	Funcionando correctamente.\r\nAmortiguadores	Funcionando correctamente.\r\nTerminales de dirección	Funcionando correctamente.\r\nBrazos de Suspensión	Funcionando correctamente.\r\nGuardachoque	Funcionando correctamente.\r\nBatería	Funcionando correctamente\r\nCableado eléctrico	Funcionando correctamente..\r\nLimpia-brizas	Funcionando correctamente.\r\nCaja engranaje delantera	Funcionando correctamente.\r\nCajas engranaje posterior	Funcionando correctamente.\r\nAceite Motor	Completo\r\nAceite Caja Posterior	Completo\r\nAceite Caja Delantera	Completo\r\nLiquido de Frenos	Completo\r\nRefrigerante	Completo\r\nÁcido batería	Funcionando perfectamente\r\nFiltro aire	Funcionando correctamente\r\nFiltro Aceite	Completo\r\n	\r\n\r\nNotas: Se realizó el chequeo respectivo  del vehículo, analizando los siguientes problemas causantes que no permite   encender al  vehículo.\r\n1.	Se  verificó, la conexión del encendido del vehículo.\r\n2.	Se realizó el chequeo de las bujías \r\n3.	Se  comprobó  el paso de gasolina a los inyectores   \r\n4.	Se realizó  el chequeo del cable que conecta  con las bujías.\r\nObservaciones generales:\r\nEl encargado zonal solicita de manera cordial se realice el traslado a Quito inmediatamente para el arreglo del vehículo.\r\nAtentamente:\r\n\r\n__________________________                                     ¬-___________________________\r\n TEC: MARCOS LLUMIQUINGA                                          TEC: GALO SINCHIGUANO\r\n', '2013-12-19 20:14:54'),
(12, '4XATH76A2D2291049', '0803550466', 1, 87, 50, '2013-12-03', 'Informe Inspección Vehículo\r\nBolívar - Guaranda  03 de diciembre del 2013\r\nBolívar. Guaranda se procede con la inspección del vehículo con VIN  4XATH76A2D2291049 a cargo de la Dra. Jimena Sánchez de la parroquia de Salinas..\r\nInspección	Observaciones\r\nCarrocería	Funcionando correctamente.\r\nPuertas	Funcionando correctamente.\r\nCajón abatible	Funcionando correctamente\r\nEstructura Cabina	Funcionando correctamente.\r\nTerminales Suspensión	El lado derecho no funciona.\r\nAmortiguadores	Funcionando correctamente.\r\nTerminales de dirección	El lado derecho no funciona.\r\nBrazos de Suspensión	El lado derecho no funciona.\r\nGuardachoque	Funcionando correctamente.\r\nBatería	Funcionando correctamente\r\nCableado eléctrico	Funcionando correctamente.\r\nLimpia-brizas	Funcionando correctamente.\r\nCaja engranaje delantera	Funcionando correctamente.\r\nCajas engranaje posterior	Funcionando correctamente.\r\nAceite Motor	Completo\r\nAceite Caja Posterior	Completo\r\nAceite Caja Delantera	Completo\r\nLíquido de Frenos	Completo\r\nRefrigerante	Completo\r\nÁcido batería	Funcionando perfectamente\r\nFiltro aire	Funcionando correctamente\r\nFiltro Aceite	Funcionando\r\n\r\nEl vehículo presenta un golpe en la parte delantera derecha (pasajero), este golpe afectó el sistema de suspensión y dirección de ese lado, se verifica las piezas de la suspensión.\r\n\r\n \r\n?	Las crucetas se encuentran rotas\r\n?	El eje se encuentra fuera de la caja frontal de transmisión posiblemente golpeado y des calibrado.\r\n?	Terminales de suspensión golpeados y doblados\r\n?	Amortiguador Golpeado\r\n?	Barra de dirección doblada no permite mover la dirección de la llanta\r\n?	Aro de la llanta golpeado\r\n?	Llanta(caucho) en buen estado\r\n\r\nIMÁGENES DE VEHÍCULO DAÑADO.\r\n \r\n \r\n \r\n\r\n\r\nObservaciones generales:\r\nEl Sr CARLOS GUACHILEMA solicita una  proforma de los gastos de la reparación del vehículo. Para que de manera inmediata pueda trasladarse a Quito para su debida reparación.\r\nAtentamente:\r\n\r\n\r\n__________________________                                     \r\nTEC: MARCOS LLUMIQUINGA  \r\n                   ___________________________               TEC: GALO SINCHIGUANO\r\n', '2013-12-19 20:17:57'),
(13, '4XATH76A2D2291049', '1711938025', 1, 87, 50, '2013-12-03', 'Informe Inspección Vehículo\r\nBolívar - Guaranda  03 de diciembre del 2013\r\nBolívar. Guaranda se procede con la inspección del vehículo con VIN  4XATH76A2D2291049 a cargo de la Dra. Jimena Sánchez de la parroquia de Salinas..\r\nInspección	Observaciones\r\nCarrocería	Funcionando correctamente.\r\nPuertas	Funcionando correctamente.\r\nCajón abatible	Funcionando correctamente\r\nEstructura Cabina	Funcionando correctamente.\r\nTerminales Suspensión	El lado derecho no funciona.\r\nAmortiguadores	Funcionando correctamente.\r\nTerminales de dirección	El lado derecho no funciona.\r\nBrazos de Suspensión	El lado derecho no funciona.\r\nGuardachoque	Funcionando correctamente.\r\nBatería	Funcionando correctamente\r\nCableado eléctrico	Funcionando correctamente.\r\nLimpia-brizas	Funcionando correctamente.\r\nCaja engranaje delantera	Funcionando correctamente.\r\nCajas engranaje posterior	Funcionando correctamente.\r\nAceite Motor	Completo\r\nAceite Caja Posterior	Completo\r\nAceite Caja Delantera	Completo\r\nLíquido de Frenos	Completo\r\nRefrigerante	Completo\r\nÁcido batería	Funcionando perfectamente\r\nFiltro aire	Funcionando correctamente\r\nFiltro Aceite	Funcionando\r\n\r\nEl vehículo presenta un golpe en la parte delantera derecha (pasajero), este golpe afectó el sistema de suspensión y dirección de ese lado, se verifica las piezas de la suspensión.\r\n\r\n \r\n?	Las crucetas se encuentran rotas\r\n?	El eje se encuentra fuera de la caja frontal de transmisión posiblemente golpeado y des calibrado.\r\n?	Terminales de suspensión golpeados y doblados\r\n?	Amortiguador Golpeado\r\n?	Barra de dirección doblada no permite mover la dirección de la llanta\r\n?	Aro de la llanta golpeado\r\n?	Llanta(caucho) en buen estado\r\n\r\nIMÁGENES DE VEHÍCULO DAÑADO.\r\n \r\n \r\n \r\n\r\n\r\nObservaciones generales:\r\nEl Sr CARLOS GUACHILEMA solicita una  proforma de los gastos de la reparación del vehículo. Para que de manera inmediata pueda trasladarse a Quito para su debida reparación.\r\nAtentamente:\r\n\r\n\r\n__________________________                                     ¬-___________________________\r\n TEC: MARCOS LLUMIQUINGA                                          TEC: GALO SINCHIGUANO\r\n', '2013-12-19 20:21:29'),
(17, '4XATH76A5D4317678', '1711938025', 83, 102, 50, '2014-01-14', 'Revision del sonido de la parte trasera del vehiculo el sonido proviene del disco de freno de mano es un sonido sin importancia', '2014-01-21 17:19:13'),
(18, '4XATH76A4D2290792', '1711938025', 77, 110, 96, '2014-01-15', '                                          INFORME DE INSPECCION POLARIS 2014 \n\n                                                                               Quito, 16 de enero  del 2014\n\n\nAl  siguiente vehículo en la provincia CHIMBORAZO – CHUNCHI  VIN: 4XATH76A4D2290792 se realizó la  siguiente inspección de la  rotura del caucho guarda grasa del  homocinético  del lado izquierdo.\n 	 \n\nDaños generales \n?	Rotura del caucho  guarda grasa.\n?	Recalentamiento  los homocinéticos y sus piezas.\nObservación general:\nAl siguiente vehículo se  le coloco un nuevo  homocinético, al momento de realizar las pruebas correspondientes  estaba recalentado  la base del homocinético. \nEl encargado del vehículo  nos informó  que salió de vacaciones, y regreso a sus labores   y trabajo 4 días con el  vehículo  y al día siguiente  estaba con  el caucho roto.\nNotas :\nEste vehículo  debe ser enviado  a la cuidad de QUITO  para realizar la revisión  interna de la caja de transmisión.\n', '2014-01-30 18:03:41'),
(19, '4XATH76A9D2290755', '1711938025', 18, 215, 142, '2014-01-28', 'INFORME INSPECCIÓN VEHÍCULO\r\n                                                                                   \r\nTungurahua-4 Esquinas, 5 De Febrero  del 2014\r\n\r\nSe realiza una inspección al vehículo con VIN  4XATH76A9D2290755 de la provincia de Tungurahua cantón 4 Esquinas este vehículo tiene la banda de transmisión rota.\r\n 	 \r\n 	 \r\n\r\nDAÑOS GENERALES:\r\n?	Rotura de la banda que  conecta con el motor con el sistema de trasmisión.\r\nOBSERVACIÓN GENERAL:\r\nLa rotura de la banda está dada por el mal uso del vehículo el encargado conduce con el pie en el acelerador y el otro en el freno o sube y baja el pie del acelerador, por esta razón no es cubierta por la garantía el costo de la banda es de 182,35\r\nNOTAS:\r\nEste vehículo  debe ser enviado al taller de la cuidad de Ambato para realizar la sus respectivas, reparación y calibración del motor.\r\n\r\n_________________________                                      ___________________________\r\n     Tec. Marco Llumiquinga					Tec. Galo Sinchiguano\r\n', '2014-02-06 20:50:57'),
(20, '4XATH76A4D2290792', '1711938025', 77, 110, 96, '2014-01-15', 'INFORME INSPECCIÓN VEHÍCULO\r\n                                                                               Chimborazo-Chunchi, 16 de enero  del 2014\r\n\r\n\r\nSe realiza una inspección al vehículo con VIN 4XATH76A4D2290792 de la provincia de Chimborazo cantón Chunchi este vehículo presentaba una rotura del caucho guarda grasa del  homocinético  del lado izquierdo, la ruptura de caucho fue causado por el calentamiento del  homocinético, es necesario movilizar el vehículo al taller en Quito para realizar un chequeo de la caja de cambios.\r\n 	 \r\nDaños generales \r\n?	Rotura del caucho  guarda grasa por segunda ocasión\r\n?	Recalentamiento  los homocinéticos y sus piezas.\r\nObservaciones:\r\nAl siguiente vehículo se  le coloco un nuevo  homocinético, al momento de realizar las pruebas correspondientes  estaba recalentado  la base del homocinético. \r\nEl encargado del vehículo  nos informó  que salió de vacaciones, y regreso a sus labores   y trabajo 4 días con el  vehículo  y al día siguiente  estaba con  el caucho roto al igual que el homocinético.\r\nNotas:\r\nEste vehículo  debe ser enviado  a la cuidad de QUITO  para realizar la revisión  interna de la caja de transmisión.\r\n \r\n\r\n       _______________________                                       ___________________________\r\n     TEC: Marco Llumiquinga                                               TEC: Galo Sinchiguano\r\n', '2014-02-06 20:52:42'),
(21, '4XATH76A7D4315575', '0803550466', 9, 148, 359, '2014-01-31', 'INFORME INSPECCIÓN VEHÍCULO\r\nCañar-La Troncal 5 de Febrero del 2014\r\n\r\nSe realiza una inspección al vehículo con VIN 4XATH76A7D4315575 de la provincia del Cañar cantón La Troncal este vehículo presenta daños en el cableado al sistema de inyección mismo que se encuentra roto y reparado artesanalmente con una madera y alambre para que haga contacto, tiene rotos los tapones de las caja frontal y el motor.\r\n \r\n\r\nDAÑOS GENERALES \r\n?	Daños en los sockets de los inyectores.\r\n?	Daños en el tapón del motor caja frontal\r\n?	Las llantas están lisas, el vehículo está parado\r\n\r\nOBSERVACIÓN GENERAL:\r\nEl vehículo tiene 359.4 horas de trabajo y solo dos cambios de aceite registrado a superado los límites establecidos de trabajo se asume que se realizó el cambio de aceite por parte del encargado de vehículo usando materiales que no conocemos además de las reparaciones al cableado del sistema de inyección, por estas razones se retira la garantía a este vehículo.\r\n\r\n\r\n\r\nNOTAS:\r\nEste vehículo  debe ser enviado  a la cuidad de QUITO  para realizar la reparación del sistema de inyección  y los respectivos rectificación de los tapones del motor y de la caja delantera\r\n\r\n\r\n__________________________                                        ___________________________\r\n     Tec: Marco Llumiquinga					Tec. Galo Sinchiguano\r\n\r\n', '2014-02-06 20:55:04'),
(28, '4XATH76A5D4315591', '0803550466', 88, 148, 126, '2014-01-31', 'INFORME INSPECCIÓN VEHÍCULO\r\nCañar-La Troncal 5 de Febrero del 2014\r\n\r\n		\r\n\r\nSe realiza una inspección al vehículo con VIN 4XATH76A7D4315591 de la provincia La Troncal este vehículo presenta daños la rotura del caucho guarda grasa y tiene rota la barra de estabilización\r\n   \r\n\r\nDAÑOS GENERALES \r\n?	Rotura del caucho guarda grasa del homocinético\r\n?	Rotura del barra establecedora del vehículo\r\nOBSERVACIÓN GENERAL:\r\nSe realiza la reparación del caucho guarda grasa, al momento  de limpiar al homocinético nos dimos cuenta que prestas desgastes en los tientes.\r\nNOTAS:\r\nEl homocinético del este vehículo  fue sacado para su rectificación de los piñones  y la barra de establecedora para su reparación y soladura, se lleva la barra estabilizadora y el eje trasero derecho para rectificar el estriado.\r\n\r\n\r\n__________________________                                        ___________________________\r\n     Tec: Marco Llumiquinga					  Tec. Galo Sinchiguano\r\n', '2014-02-06 21:02:48'),
(29, '4XATH76A5D2293216', '0803550466', 9, 102, 120, '2014-01-29', 'INFORME INSPECCIÓN VEHÍCULO\r\nChimborazo-Riobamba 5 de Febrero del 2014\r\n\r\nSe realiza una inspección al vehículo con VIN 4XATH76A5D2293216 de la provincia  de Chimborazo cantón Riobamba este vehículo tiene agua en el tanque de gasolina y daños en la bomba de combustible\r\n 	 	 \r\n\r\nDAÑOS GENERALES \r\n?	Rotura del polo positivo de la bomba de gasolina\r\n?	Agua  en tanque de gasolina.\r\n?	Se realiza una limpieza del tanque\r\n\r\n\r\nOBSERVACIÓN GENERAL:\r\nLa bomba de gasolina del siguiente vehículo con VIN: 4XATH76A4D2291120 este se encuentra embancado porque le falta los tornillos de la llanta y esta pinchada , fue remplazada al siguiente VIN: 4XATH76A5D2293216, para permitir que el vehículo funcione. \r\n\r\n\r\n\r\n\r\nNOTAS:\r\nLa reparación de la bomba de gasolina no está dentro de garantía por el daño causado por el factor humano.\r\n\r\n__________________________                                        ___________________________\r\n     Tec: Marco Llumiquinga					Tec. Galo Sinchiguano\r\n  \r\n', '2014-02-06 21:07:13'),
(30, '4XATH76A9D2293204', '1234567890', 19, 216, 135, '2014-01-28', 'INFORME INSPECCIÓN VEHÍCULO\r\nTungurahua-Yanayacu 5 de Febrero del 2014\r\n\r\nSe realiza una inspección al vehículo con VIN 4XATH76A9D2293204 de la provincia del Tungurahua cantón Yanayacu este vehículo no tiene fuerza por perdida de potencia aunque se enciende y acelera correctamente pero no tiene fuerza de arrastre\r\n\r\nDAÑOS:\r\n?	El motor no tiene fuerza.\r\n\r\nOBSERVACIONES:\r\n?	Se realiza  las revisiones de las bujías.\r\n?	Se realiza la comprobación de paso de la gasolina a los inyectores. \r\n?	El funcionamiento de la bomba de gasolina.\r\n?	Chequeo de banda de transmisión \r\n\r\nNOTAS:\r\nAl siguiente vehículo se le retira la siguiente pieza  del motor, el cuerpo del acelerador para calibrarlo.\r\n\r\n\r\n\r\n\r\n\r\n\r\n\r\n__________________________                                        ___________________________\r\n     Tec: Marco Llumiquinga					Tec. Galo Sinchiguano\r\n', '2014-02-06 21:08:46'),
(31, '4XATH76AXD4315568', '0803550466', 34, 218, 150, '2013-11-22', 'INFORME INSPECCIÓN VEHÍCULO\r\n\r\nBIBLIAN - CAÑAR, 22 DE NOVIEMBRE DE 2013\r\n\r\nSe procede con la inspección del vehículo con número de VIN  4XATH76AXD4315568,  a cargo del Ing. JAIME ÑIETO.\r\n\r\nInspección	Observaciones\r\nCarrocería	Tiene roto el piso de la parte de adentro del vehículo\r\nPuertas	No Funcionando.\r\nCajón abatible	Funcionando correctamente\r\nEstructura Cabina	No presenta golpes\r\nTerminales Suspensión	Funcionando correctamente.\r\nAmortiguadores	Funcionando correctamente.\r\nBrazos de Suspensión	Izquierdo no funcional\r\nBatería	Funcionando correctamente\r\nCableado eléctrico	Funcionando correctamente..\r\nLimpia-brizas	Funcionando correctamente.\r\nCaja engranaje delantera	Funcionando correctamente.\r\nCajas engranaje posterior	Funcionando correctamente.\r\nAceite Motor	No Cambiado\r\nAceite Caja Posterior	No Cambiado\r\nAceite Caja Delantera	No Cambiado\r\nLiquido de Frenos	Llenado completo\r\nRefrigerante	No Cambiado\r\nÁcido batería	Funcionando perfectamente\r\nFiltro aire	Funcionando correctamente\r\nFiltro Aceite	No Cambiado\r\nImágenes vehículo:\r\n\r\n 	 \r\n \r\n\r\n\r\nOBSERVACIONES:\r\n•	varias roturas  de bajo del chasis.\r\n•	Doblado la unión de la base  de barra de los brazos  de la rueda\r\n•	Daños en la parte de adentro  de la carrocería  el cubre piso \r\n•	Doblado el aro de rueda  de parte trasera \r\n•	La rueda a recorrido 	12 cm a la parte delantera de la carrocería \r\nOBSERVACIONES GENERALES:\r\n\r\nEste vehículo  tiene que trasladado a la cuidad de QUITO   para proceder con las respectivas reparación, chasis, los brazos de suspensión, etc.\r\n\r\n\r\n\r\n\r\n\r\nAtentamente:\r\n\r\n\r\n\r\n\r\n\r\n__________________________                                     __________________________\r\n TEC.: Marco Llumiquinga                                                TEC: Galo Sinchiguano\r\n\r\n', '2014-02-06 21:10:50'),
(32, '4XATH76A7D2291063', '1711938025', 3, 235, 0, '2014-02-10', 'INFORME DE REPARACIÓN  POLARIS\r\nQuito, 25 de marzo del 2014\r\n\r\n\r\nAl vehículo con VIN: 4XATH76A7D2291063  de la provincia Cotopaxi – Toacaso se le realizó una inspección del velocímetro, mismo que se encuentra quemado por la presencia de agua como se puede ver en las imágenes\r\n\r\n\r\n\r\n\r\nObservación general:\r\nPor el uso del vehículo el empaque del velocímetro se movió de su sitio haciendo que el agua entre a la cámara donde se visualiza la información del vehículo.\r\n\r\nNota: Este daño no es imputable a la garantía del vehículo.\r\n\r\n\r\n     __________________________                                   \r\n     TEC: Eduardo Villota', '2014-04-02 17:37:35');

-- --------------------------------------------------------

--
-- Estructura de tabla para la tabla `inventario`
--

CREATE TABLE IF NOT EXISTS `inventario` (
  `id_inventario` smallint(5) unsigned NOT NULL AUTO_INCREMENT,
  `fecha` datetime NOT NULL,
  `nombre` varchar(100) NOT NULL,
  `descripcion` varchar(200) NOT NULL,
  `unidad` varchar(25) NOT NULL,
  `stok_min` smallint(5) unsigned NOT NULL COMMENT '12 filtros,12 aceite, 4 refirgerante 1 liquido de frenos',
  `marca` varchar(45) DEFAULT NULL,
  `ubicacion` varchar(100) NOT NULL,
  `notas` mediumtext,
  `registro` timestamp NOT NULL DEFAULT CURRENT_TIMESTAMP ON UPDATE CURRENT_TIMESTAMP,
  PRIMARY KEY (`id_inventario`)
) ENGINE=InnoDB  DEFAULT CHARSET=latin1 COMMENT='Entidad que lleva un detalle de los productos en bodega\n		Todos los materiales están en litros y unidades, se setablece un standar para los \n		condigos del inventario, cada producto ingresado al inventario empieza con el mail\n		1000,1001,1002. la columna unidad debe contener, litros, unidades, galones, etc' AUTO_INCREMENT=1040 ;

--
-- Volcado de datos para la tabla `inventario`
--

INSERT INTO `inventario` (`id_inventario`, `fecha`, `nombre`, `descripcion`, `unidad`, `stok_min`, `marca`, `ubicacion`, `notas`, `registro`) VALUES
(1000, '2013-10-01 00:00:00', 'PS4', 'Aceite Sintético Para Motor Polaris', 'Litros', 12, 'Polaris Ps4', 'Bodega Oficina ', NULL, '2013-10-02 04:54:38'),
(1001, '0000-00-00 00:00:00', 'AGL Plus', 'Aceite De Transmisión Trasera', 'Litros', 12, 'Polaris Agl Plus', 'Bodega Oficina', NULL, '2013-10-02 04:56:03'),
(1002, '2013-10-01 00:00:00', 'Demand Fluid', 'Aceite Para La Caja Delantera', 'Litros ', 5, 'Polaris Demend Fluid', 'Bodega Oficina', NULL, '2013-10-02 05:13:27'),
(1003, '2013-10-01 00:00:00', 'Filtro Aceite', 'Filtro De Aceite', 'Unidades', 12, 'Champion Ph2867', 'Bodega Oficina ', NULL, '2013-10-02 05:13:27'),
(1004, '2013-10-01 00:00:00', 'Refrigerante', 'Liquito De Refrigerante', 'Litros', 12, 'Lubristom', 'Bodega Oficina', NULL, '2013-10-02 05:13:27'),
(1005, '2013-10-01 00:00:00', 'Líquido De Frenos', 'Liquito De Frenos', 'Litros', 12, 'Wagner ', 'Bodega Oficina', '23.00 el litro', '2013-11-02 01:06:35'),
(1006, '2013-10-01 00:00:00', 'Grasa', 'Grasa Para Engramajes', 'Unidades', 12, 'Abro', 'Bodega Oficina', NULL, '2013-10-02 05:16:03'),
(1007, '2013-10-01 00:00:00', 'Volante', 'Revisión', 'Unidad', 0, 'Polaris', 'Servicio', NULL, '2013-10-18 23:40:28'),
(1008, '2013-10-01 00:00:00', 'Suspensión Delantera', 'Revisión', 'Unidad', 0, 'Polaris', 'Servicio', NULL, '2013-10-18 23:40:28'),
(1009, '2013-10-01 00:00:00', 'Suspensión  Trasera', 'Revisión', 'Unidad', 0, 'Polaris', 'Servicio', NULL, '2013-10-18 23:40:28'),
(1010, '2013-10-01 00:00:00', 'Llantas', 'Revisión', 'Unidad', 0, 'Polaris', 'Servicio', NULL, '2013-10-18 23:40:28'),
(1011, '2013-10-01 00:00:00', 'Nivel De Fluido De Frenos', 'Revisión', 'Unidad', 0, 'Polaris', 'Servicio', NULL, '2013-10-18 23:40:28'),
(1012, '2013-10-01 00:00:00', 'Cable De Pedal De Freno', 'Revisión', 'Unidad', 0, 'Polaris', 'Servicio', NULL, '2013-10-18 23:40:28'),
(1013, '2013-10-01 00:00:00', 'Sistema De Frenos', 'Revisión', 'Unidad', 0, 'Polaris', 'Servicio', NULL, '2013-10-18 23:40:28'),
(1014, '2013-10-01 00:00:00', 'Tuercas De Rueda 35 Lb', 'Revisión', 'Unidad', 0, 'Polaris', 'Servicio', NULL, '2013-10-18 23:40:28'),
(1015, '2013-10-01 00:00:00', 'Turca De Marco', 'Revisión', 'Unidad', 0, 'Polaris', 'Servicio', NULL, '2013-10-18 23:40:28'),
(1016, '2013-10-01 00:00:00', 'Filtro De Aire De Filtro', 'Revisión', 'Unidad', 0, 'Polaris', 'Servicio', NULL, '2013-10-18 23:40:28'),
(1017, '2013-10-01 00:00:00', 'Filtro Aceite', 'Revisión', 'Unidad', 0, 'Polaris', 'Servicio', NULL, '2013-10-18 23:40:28'),
(1018, '2013-10-01 00:00:00', 'Caja Del Tubo Sedimentos Aire', 'Revisión', 'Unidad', 0, 'Polaris', 'Servicio', NULL, '2013-10-18 23:40:28'),
(1019, '2013-10-01 00:00:00', 'Filtro De Aire Elemento Principal', 'Revisión', 'Unidad', 0, 'Polaris', 'Servicio', NULL, '2013-10-18 23:40:28'),
(1020, '2013-10-01 00:00:00', 'Refrigerante (si Procede )', 'Revisión', 'Unidad', 0, 'Polaris', 'Servicio', NULL, '2013-10-18 23:40:28'),
(1021, '2013-10-01 00:00:00', 'Líquido Refrigerante', 'Revisión', 'Unidad', 0, 'Polaris', 'Servicio', NULL, '2013-10-18 23:40:28'),
(1022, '2013-10-01 00:00:00', 'Lámpara De Faro/De La Cola', 'Revisión', 'Unidad', 0, 'Polaris', 'Servicio', NULL, '2013-10-18 23:40:28'),
(1023, '2013-10-01 00:00:00', 'Desgastes De Los Frenos', 'Revisión', 'Unidad', 0, 'Polaris', 'Servicio', NULL, '2013-10-18 23:40:28'),
(1024, '2013-10-01 00:00:00', 'Batería', 'Revisión', 'Unidad', 0, 'Polaris', 'Servicio', NULL, '2013-10-18 23:40:28'),
(1025, '2013-10-01 00:00:00', 'Liquido De Batería', 'Revisión', 'Unidad', 0, 'Polaris', 'Servicio', NULL, '2013-10-18 23:40:28'),
(1026, '2013-10-01 00:00:00', 'Cambio De Aceite Del Motor', 'Revisión', 'Unidad', 0, 'Polaris', 'Servicio', NULL, '2013-10-18 23:40:28'),
(1027, '2013-10-01 00:00:00', 'Aceite De La Caja Delantera', 'Revisión', 'Unidad', 0, 'Polaris', 'Servicio', NULL, '2013-10-18 23:40:28'),
(1028, '2013-10-01 00:00:00', 'Aceite De La Transmisión', 'Revisión', 'Unidad', 0, 'Polaris', 'Servicio', NULL, '2013-10-18 23:40:28'),
(1029, '2013-10-01 00:00:00', 'Tensión Del Cable De Freno De Parqueo', 'Revisión', 'Unidad', 0, 'Polaris', 'Servicio', NULL, '2013-10-18 23:40:28'),
(1030, '2013-10-01 00:00:00', 'Juntas', 'Revisión', 'Unidad', 0, 'Polaris', 'Servicio', NULL, '2013-10-18 23:40:28'),
(1031, '2013-11-11 00:00:00', 'Transmicion del eje trasero', 'Homosinetico de la rueda completa, la barra de eje, homosinetico para la caja de transmicion y cauchos guardagrasa con abrazaderas', 'Unidades', 1, 'Polaris', 'Bodega Oficina', NULL, '2013-12-20 17:09:53'),
(1032, '2013-11-11 00:00:00', 'Homocinetico completo', 'canastilla de rulimanes', 'Unidades', 2, 'Polaris', 'Bodega Oficina', NULL, '2013-12-20 17:16:16'),
(1033, '2013-11-11 00:00:00', 'Anillo de resorte (simbras de seguridad del eje)', 'simbras de seguridad del eje', 'Unidades', 4, 'Polaris', 'Bodega Oficina', NULL, '2013-12-20 17:18:00'),
(1034, '2013-12-11 00:00:00', 'Abrazadera Pequeña', 'Abrazadera para sostener el caucho guardagrasa punto de union con el eje', 'Unidades', 2, 'Polaris', 'Bodega Oficina', NULL, '2013-12-20 17:20:14'),
(1035, '2013-11-11 00:00:00', 'Abrazadera Mediana', 'Abrazadera para sostener el caucho guardagrasa punto de union con homosinetico, caja de traccion.', 'Unidades', 2, 'Polaris', 'Bodega Oficina', NULL, '2013-12-20 17:23:33'),
(1036, '2013-11-11 00:00:00', 'Abazaderas Grandes', 'Abrazadera para sostener el caucho guardagrasa punto de union con el homosinetico y el disco de la rueda.', 'Unidades', 2, 'Polaris', 'Bodega Oficina', NULL, '2013-12-20 17:24:45'),
(1037, '2013-11-11 00:00:00', 'Caucho Guardagrasa Nro 3209453001', 'Caucho guardagrasa punto de union con eje y homosinetico.', 'Unidades', 2, 'Polaris', 'Bodega Oficina', NULL, '2013-12-20 17:38:19'),
(1038, '2013-11-11 00:00:00', 'Caucho Guardagrasa Nro 3209452002', 'Caucho guardagrasa punto union con el homosinetico y  disco de la rueda', 'Unidades', 2, 'Polaris', 'Bodega Oficina', NULL, '2013-12-20 17:39:48'),
(1039, '2013-12-05 00:00:00', 'Grasa para Homosinetico', 'Grasa para Homosinetico', 'Unidades', 5, 'Polaris', 'Bodega Oficina', NULL, '2013-12-20 17:42:48');

-- --------------------------------------------------------

--
-- Estructura de tabla para la tabla `mantenimiento`
--

CREATE TABLE IF NOT EXISTS `mantenimiento` (
  `id_mantenimiento` smallint(5) unsigned NOT NULL AUTO_INCREMENT,
  `id_viaje` smallint(5) unsigned NOT NULL,
  `id_vehiculo` char(17) NOT NULL,
  `id_ciudad` smallint(5) unsigned DEFAULT NULL,
  `periodo` smallint(5) unsigned NOT NULL,
  `fecha` date NOT NULL,
  `kilometros` varchar(10) NOT NULL,
  `notas` mediumtext,
  `registro` timestamp NOT NULL DEFAULT CURRENT_TIMESTAMP ON UPDATE CURRENT_TIMESTAMP,
  PRIMARY KEY (`id_mantenimiento`),
  KEY `fk_mantenimiento_vehiculo` (`id_vehiculo`),
  KEY `fk_mantenimiento_viaje` (`id_viaje`),
  KEY `fk_mantenimiento_ciudad` (`id_ciudad`)
) ENGINE=InnoDB  DEFAULT CHARSET=latin1 COMMENT='Registra los mantenimientos realizados aun vehiculo, los insumos usados para el mantenimiento\n				se registran en mantenimiento_detalle' AUTO_INCREMENT=176 ;

--
-- Volcado de datos para la tabla `mantenimiento`
--

INSERT INTO `mantenimiento` (`id_mantenimiento`, `id_viaje`, `id_vehiculo`, `id_ciudad`, `periodo`, `fecha`, `kilometros`, `notas`, `registro`) VALUES
(2, 1, '4XATH76A2D4315550', 149, 50, '2013-07-22', '0', NULL, '2013-11-02 03:00:46'),
(3, 1, '4XATH76A9D4315562', 149, 50, '2013-07-22', '0', NULL, '2013-11-02 03:00:46'),
(4, 1, '4XATH76A7D4315592', 149, 50, '2013-07-22', '753', NULL, '2013-12-04 01:21:30'),
(5, 1, '4XATH76A2D4315598', 149, 50, '2013-07-22', '0', NULL, '2013-11-02 03:00:46'),
(6, 1, '4XATH76A5D4315591', 148, 50, '2013-07-23', '630', NULL, '2013-12-04 01:19:40'),
(7, 1, '4XATH76A7D4315575', 148, 50, '2013-07-23', '0', NULL, '2013-11-02 03:00:46'),
(8, 4, '4XATH76A4D2290713', 203, 62, '2013-08-09', '0', NULL, '2013-11-02 03:00:46'),
(9, 4, '4XATH76A2D4317220', 196, 50, '2013-08-09', '0', NULL, '2013-11-02 03:00:46'),
(10, 2, '4XATH76A5D2293216', 102, 30, '2013-08-21', '0', 'Se Ajustado Los Dos Tornillo De Parte Arriba Del Desfogue  Del MotorRN', '2013-11-02 03:00:46'),
(11, 2, '4XATH76A5D4317678', 102, 50, '2013-10-21', '0', 'Se Ajustado Los Dos Tornillo De Parte Arriba Del Desfogue  Del MotorRN', '2013-11-02 03:00:46'),
(12, 2, '4XATH76A1D2290779', 101, 50, '2013-08-21', '0', 'A Este  Vehículo Le  Adatado Los Siguientes   Objetos. Pitos  Retrovisores (delanteros Y Traseros) Guías Traseras  Neblineros Delanteros.\r\n', '2013-11-02 03:00:46'),
(13, 2, '4XATH76A9D2293199', 101, 50, '2013-08-21', '0', NULL, '2013-11-02 03:00:46'),
(14, 2, '4XATH76A0D2293253', 101, 50, '2013-08-21', '0', NULL, '2013-11-02 03:00:46'),
(15, 2, '4XATH76A4D2291120', 101, 50, '2013-08-21', '0', 'A Este  Vehículo Le  Adatado Los Siguientes   Objetos. Pitos  Retrovisores (delanteros Y Traseros) Guías Traseras  Neblineros DelanterosRN', '2013-11-02 03:00:46'),
(16, 2, '4XATH76A3D2290749', 101, 50, '2013-08-21', '0', 'A Este  Vehículo Le  Adatado Los Siguientes   Objetos. Pitos  Retrovisores (delanteros Y Traseros) Guías Traseras  Neblineros DelanterosRN', '2013-11-02 03:00:46'),
(17, 2, '4XATH76A2D4317668', 104, 50, '2013-08-22', '0', NULL, '2013-11-02 03:00:46'),
(18, 2, '4XATH76A6D2290745', 104, 50, '2013-08-22', '0', NULL, '2013-11-02 03:00:46'),
(19, 2, '4XATH76A4D2290808', 104, 50, '2013-08-22', '0', NULL, '2013-11-02 03:00:46'),
(20, 2, '4XATH76A1D2290751', 104, 50, '2013-08-22', '0', NULL, '2013-11-02 03:00:46'),
(21, 2, '4XATH76A2D4317640', 104, 50, '2013-08-22', '0', NULL, '2013-11-02 03:00:46'),
(23, 2, '4XATH76A4D2290825', 108, 50, '2013-08-22', '0', 'A Este  Vehículo Le  Adatado Los Siguientes   Objetos. Pitos  Retrovisores (delanteros Y Traseros) Guías Traseras  Neblineros Delanteros .RN', '2013-11-02 03:00:46'),
(24, 2, '4XATH76A6D2290759', 108, 50, '2013-08-22', '0', 'A Este  Vehículo Le  Adatado Los Siguientes   Objetos. Pitos  Retrovisores (delanteros Y Traseros) Guías Traseras  Neblineros Delanteros .RN', '2013-11-02 03:00:46'),
(25, 2, '4XATH76A9D2291114', 108, 50, '2013-08-22', '0', 'A Este  Vehículo Le  Adatado Los Siguientes   Objetos. Pitos  Retrovisores (delanteros Y Traseros) Guías Traseras  Neblineros Delanteros .RN', '2013-11-02 03:00:46'),
(26, 2, '4XATH76A0D4317667', 110, 50, '2013-08-23', '0', NULL, '2013-11-02 03:00:46'),
(28, 2, '4XATH76A7D2291063', 212, 57, '2013-08-23', '0', NULL, '2013-11-02 03:00:46'),
(29, 3, '4XATH76A0D2293205', 80, 51, '2013-08-26', '0', 'Se Le Completo El Líquido De Freno , Líquido  Refrigerante  , Tuerca  Trasera Dañada.\r\n', '2013-11-02 03:05:53'),
(30, 3, '4XATH76AXD2291073', 82, 52, '2013-08-27', '0', 'El Vehículo  Tiene  Cambiado   Dos  Tuercas, De  La Rueda Trasera, Y La Válvula  De La Rueda.\r\n', '2013-11-02 03:05:53'),
(32, 5, '4XATH76A6D4317687', 209, 60, '2013-09-10', '900.6', 'Mantenimiento Completo, El Aro De La Rueda Derecha Se Encuentra Doblada Un Poco En Parte De Abajo. Y Se Ajustó El Tornillo Del Desfogue Del Motor.\r\n', '2013-11-02 03:05:53'),
(33, 5, '4XATH76A5D2292065', 204, 61, '2013-09-10', '1232', 'Mantenimiento Completo, El Filtro Tenía Mucho PolvoRN', '2013-11-02 03:05:53'),
(34, 5, '4XATH76A0D4317684', 199, 52, '2013-09-10', '998.8', 'Mantenimiento Completo, Tenía Cortados Los Cables Que Conectan Con Los Sensores, Del Aceite, Temperatura. \r\n', '2013-11-02 03:05:53'),
(35, 6, '4XATH76A9D2291033', 93, 40, '2013-09-17', '786.4', NULL, '2013-11-02 03:05:53'),
(36, 6, '4XATH76A8D2290777', 93, 51, '2013-09-17', '988', NULL, '2013-11-02 03:05:53'),
(37, 6, '4XATH76A0D2290773', 93, 47, '2013-09-17', '794.2', NULL, '2013-11-02 03:05:53'),
(38, 6, '4XATH76A8D2290830', 96, 50, '2013-09-18', '670', 'Tiene Retro Visores Delanteros, Y Se Recalendo El Motor , Sin Liquido De Refrigerante.\r\n', '2013-11-02 03:05:53'),
(39, 6, '4XATH76A5D2291045', 96, 40, '2013-09-18', '440', NULL, '2013-11-02 03:05:53'),
(40, 6, '4XATH76A3D2290816', 96, 50, '2013-09-18', '1055', 'En La Parte Izquierda Le Falta El Plastico De La Puerta .RN', '2013-11-02 03:05:53'),
(41, 6, '4XATH76A9D2290755', 215, 52, '2013-09-18', '1018.1', NULL, '2013-11-02 03:05:53'),
(43, 6, '4XATH76A9D2293204', 216, 50, '2013-09-18', '936.6', NULL, '2013-11-02 03:05:53'),
(44, 6, '4XATH76A0D2290790', 197, 52, '2013-09-18', '662.8', NULL, '2013-11-02 03:05:53'),
(45, 6, '4XATH76A4D2290775', 97, 50, '2013-09-18', '657.6', NULL, '2013-11-02 03:05:53'),
(47, 6, '4XATH76A4D2290761', 81, 54, '2013-09-19', '2151', 'Tiene Doblado El Guarda Choque Delantero Y  Dañado La Caroseria Del Vehiculo.\r\n', '2013-11-02 03:05:53'),
(48, 6, '4XATH76A7D2290818', 81, 59, '2013-09-19', '1530', 'Se Arreglo La Puerta Izquierda Porque Estaba Dura Para Abrir.\r\n', '2013-11-02 03:05:53'),
(49, 6, '4XATH76A7D2290771', 210, 67, '2013-09-20', '1912', NULL, '2013-11-02 03:05:53'),
(50, 6, '4XATH76A0D2291101', 198, 40, '2013-09-20', '655', 'Cuando Se Enciende El Vehiculo Las Luces Trasera Se Quedan Encenditas Y No Se Apagan \r\n', '2013-11-02 03:05:53'),
(51, 6, '4XATH76A8D2290794', 198, 47, '2013-09-20', '715', 'Se Le Coloco El Aceite Que Se Envio Al La Ing.  Para Complentar  Los 2 Lts Del Motor .RN', '2013-11-02 03:05:53'),
(52, 6, '4XATH76A8D2290763', 198, 58, '2013-09-20', '977', 'Se Le Ajusto El Tormillo Del Desfloque Del Motor.\r\n', '2013-11-02 03:05:53'),
(53, 2, '4XATH76A6D2293208', 102, 45, '2013-08-21', '0', NULL, '2013-11-02 03:05:53'),
(54, 9, '4XATH76A7D2290804', 211, 76, '2013-10-17', '1245', NULL, '2013-11-02 03:05:53'),
(55, 9, '4XATH76A6D2291037', 208, 23, '2013-10-16', '812,72', 'Se completo unicamente 1/4 de aceite de moteor y se completo el refrigerante por que lo demas devido a sus horas estaba completo.', '2013-11-02 03:05:53'),
(56, 9, '4XATH76A5D4317681', 206, 49, '2013-10-16', '769.27', NULL, '2013-11-02 03:05:53'),
(57, 9, '4XATH76A4D4317641', 83, 54, '2013-10-16', '1026', NULL, '2013-11-02 03:05:53'),
(58, 9, '4XATH76A7D4317682', 214, 72, '2013-10-16', '1304', 'El vehiculo tenia colocado un altavoz en la parte trasera del coco del vehiculo. No tenia palanca en la puerta', '2013-11-02 03:05:53'),
(59, 9, '4XATH76A8D2290729', 213, 71, '2013-10-17', '1077', 'El vehiculo estaba sin las dos tapas transparentes de las puertas', '2013-11-02 03:05:53'),
(60, 9, '4XATH76A5D4317664', 205, 53, '2013-10-16', '1140.7', 'Se ajusta tuerca del volante por que estaba floja', '2013-11-02 03:05:53'),
(61, 7, '4XATH76A9D4315562', 219, 167, '2013-10-04', '3011', 'Tiene doblado el caucho que protege el motor, Desgaste de ruedas en un 70%', '2013-11-02 03:05:53'),
(62, 7, '4XATH76A1D221043', 219, 52, '2013-10-04', '1017', 'No tiene cinturones de seguridad', '2013-11-02 03:05:53'),
(63, 7, '4XATH76A2D4315598', 220, 180, '2013-10-02', '4437', 'Ruedas traseras en un desgaste del 70%, Segundo cambio', '2013-11-02 03:05:53'),
(64, 7, '4XATH76A7D4315592', 221, 83, '2013-10-02', '1544', 'Llantas desgastadas en un 70%', '2013-12-04 01:21:30'),
(65, 7, '4XATH76AXD4315568', 221, 135, '2013-10-02', '2569', 'Se pone liquido de frenos, Segundo Cambio (Por traspapelamiento no se facturo este cambio se lo reemplazo por otro realizado en el segundo viaje viaje 7)', '2013-11-05 02:08:28'),
(66, 7, '4XATH76A2D4315550', 149, 150, '2013-10-03', '2043', 'Ruedas traseras desgaste de un 70%', '2013-11-02 03:05:53'),
(67, 7, '4XATH76A4D2291055', 149, 11, '2013-10-03', '237', 'No se iso cambio de aceites solo se puso refrigerante', '2013-11-02 03:05:53'),
(68, 7, '4XATH76A2D2293206', 152, 54, '2013-10-03', '1013', 'Se puso refrigerante', '2013-11-02 03:05:53'),
(69, 7, '4AXTH76A0D2293219', 152, 50, '2013-10-03', '1094', 'Se puso refrigerante', '2013-11-02 03:05:53'),
(70, 7, '4XATH76A1D2293262', 151, 50, '2013-10-03', '725', 'No tenia llaves se enciende el carro aciendo puentes', '2013-11-02 03:05:53'),
(71, 7, '4XATH76A5D4315591', 148, 100, '2013-10-04', '1013', NULL, '2013-12-04 01:19:40'),
(72, 7, '4XATH76A6D2293287', 148, 52, '2013-10-04', '1461', 'Tiene direccionales y luces', '2013-11-02 03:05:53'),
(73, 7, '4XATH76A4D2293255', 148, 50, '2013-10-04', '965', 'Se puso refrigerante', '2013-11-02 03:05:53'),
(74, 7, '4XATH76A7D4315575', 148, 216, '2013-10-04', '5467', 'Tenia desgastado el cable del inyector, Tenia filtro de otra marca y aceite diferente.\nTenia Dañado el tapon del aceite del motor y el tapon de la caja delantera se cocio el caucho del eje trasero\n', '2013-11-02 03:05:53'),
(75, 7, '4XATH76A0D2290806', 148, 50, '2013-10-04', '1469', NULL, '2013-11-02 03:05:53'),
(76, 8, '4XATH76A4D4315579', 87, 56, '2013-10-15', '746', 'Se puso refrigerante', '2013-11-02 03:07:42'),
(77, 8, '4XATH76AXD2292062', 87, 44, '2013-10-15', '758', 'Se ajusto los tornillos del motor del desague.', '2013-11-02 03:07:42'),
(78, 8, '4XATH76A4D4315601', 87, 40, '2013-10-15', '471', 'Tiene integrado un pito', '2013-11-02 03:07:42'),
(79, 8, '4XATH76A2D4315600', 222, 58, '2013-10-15', '727', 'Se puso refrigerante', '2013-11-02 03:07:42'),
(80, 8, '4XATH76A2D2291049', 87, 25, '2013-10-15', '428', 'Se puso refrigerante', '2013-11-02 03:07:42'),
(81, 8, '4XATH76A4D4315565', 87, 53, '2013-10-15', '843', NULL, '2013-11-02 03:07:42'),
(82, 8, '4XATH76A6D2291071', 207, 75, '2013-10-16', '1077', NULL, '2013-11-02 03:07:42'),
(83, 8, '4XATH76A8D2291069', 207, 68, '2013-10-16', '1536', NULL, '2013-11-02 03:07:42'),
(84, 8, '4XATH76A7D2290821', 207, 50, '2013-10-16', '692', NULL, '2013-11-02 03:07:42'),
(85, 8, '4XATH76AXD2293213', 207, 48, '2013-10-16', '776', 'Se puso refrigerante', '2013-11-02 03:07:42'),
(86, 8, '4XATH76A6D2290812', 207, 64, '2013-10-16', '1190', NULL, '2013-11-02 03:07:42'),
(87, 8, '4XATH76A0D4315563', 90, 40, '2013-10-16', '505', 'Tiene un sonido en la parte trsera del motor, Suena cuando el vehiculo esta caminado', '2013-11-02 03:07:42'),
(88, 8, '4XATH76A3D2293201', 90, 36, '2013-10-16', '440', NULL, '2013-11-02 03:07:42'),
(89, 8, '4XATH76A3D2291075', 90, 53, '2013-10-16', '928', 'Se puso refrigerante', '2013-11-02 03:07:42'),
(90, 8, '4XATH76A5D2291112', 90, 60, '2013-10-16', '1146', NULL, '2013-11-02 03:07:42'),
(91, 8, '4XATH76A2D4315564', 89, 100, '2013-10-17', '1404', 'Le faltaba un tornillo de la rueda izquierda de la parte trasera, se le puso otro tornillo similar', '2013-11-02 03:07:42'),
(92, 8, '4XATH76A0D2290787', 89, 55, '2013-10-17', '816', 'Se puso refrigerante', '2013-11-02 03:07:42'),
(93, 8, '4XATH76A6D2291118', 89, 63, '2013-10-17', '1226', NULL, '2013-11-02 03:07:42'),
(94, 8, '4XATH76A2D4315595', 89, 58, '2013-10-17', '1400', NULL, '2013-11-02 03:07:42'),
(95, 8, '4XATH76A0D4315504', 89, 70, '2013-10-17', '1078', NULL, '2013-11-02 03:07:42'),
(96, 8, '4XATH76A4D2290050', 87, 56, '2013-10-17', '869', 'No enciende el vehiculo, tiene bateria cargada se recomienda traerlo a quito para mejor verificacion', '2013-11-02 03:07:42'),
(97, 8, '4XATH76A0D2291065', 92, 50, '2013-10-18', '677', 'Mantenimiento Completo', '2013-11-05 21:41:19'),
(98, 8, '4XATH76A8D2290777', 92, 77, '2013-10-18', '1602', 'Solo chequeo de vehiculo no encendio no se cambio aceites', '2013-11-02 03:07:42'),
(99, 10, '4XATH76A7D4317665', 102, 48, '2013-10-22', '640', 'Se puso refrigerante el vehiculo, se repara el caucho de la base de la punta estaba un poco caliente.', '2013-11-02 03:08:41'),
(100, 10, '4XATH76A0D2291079', 92, 49, '2013-10-22', '885', 'Se puso refrigerante al vehiculo', '2013-11-02 03:08:41'),
(101, 10, '4XATH76A7D2291077', 102, 52, '2013-10-22', '1052', 'Se puso refrigerante, \r\nel vehiculo tiene un desgaste del vosin del derecho la rueda esta a un lado del vehiculo.', '2013-11-02 03:08:41'),
(102, 11, '4XATH76A3D2290802', 202, 50, '2013-10-30', '606', 'Mantenimiento completo', '2013-11-02 03:08:41'),
(103, 1, '4XATH76AXD4315568', 218, 135, '2013-10-02', '2569', 'Mantenimiento facturado en la primera factura por confucion en la facturacion de la primera ronda correspondiente al porimer viaje', '2013-11-05 02:07:38'),
(104, 12, '4XATH76AXD2291039', 224, 50, '2013-11-04', '1177', 'Se puso refrigerante', '2013-11-26 20:17:41'),
(105, 12, '4XATH76A1D2290765', 225, 50, '2013-11-05', '1221', 'Se puso refrigerante', '2013-11-26 20:23:44'),
(106, 12, '4XATH76A0D2293222', 227, 49, '2013-11-05', '741', 'El vehiculo anteriormente tenia roto el parabrisas y la mascarilla superior del faro izquierdo.\r\nEn el momento que nos dirigimos a realizar los cambios de aceite no dimos cuenta que ya estaban completamente arreglado por cuenta de ellos.\r\nTambien presentaba el filtro del aire lleno de aceite por lo que recomienda cambiar el filtro.', '2013-11-26 20:28:19'),
(107, 12, '4XATH76A4D2290713', 228, 164, '2013-11-05', '3471', 'Segundo cambio de aceite.\r\nEl tapon de llenado del aceite de la caja frontal se encontraba da;ado por lo cual se recomienda cambiarlo.\r\nTambien se recomienda cambiar el filtro de aceite.', '2013-11-26 20:32:34'),
(108, 12, '4XATH76A2D2290757', 226, 106, '2013-11-05', '1358', 'Segundo cambio de aceite.\r\nSe puso refrigerante al vehiculo.', '2013-11-26 20:35:08'),
(109, 12, '4XATH76A7D2291063', 212, 160, '2013-11-05', '4260', 'Se puso refrigerante.\r\nSegundo cambio de aceite.\r\nCambiar filtro de aire.', '2013-11-26 20:40:06'),
(110, 13, '4XATH76A4D2290792', 110, 47, '2013-11-22', '1176', 'Reparación Caucho del Eje trasero', '2013-12-02 16:44:04'),
(111, 13, '4XATH76A8D2290813', 102, 70, '2013-11-21', '1265', NULL, '2013-12-02 16:58:41'),
(112, 13, '4XATH76A4D4317638', 102, 51, '2013-11-21', '1190', NULL, '2013-12-02 17:00:30'),
(113, 13, '4XATH76A2D4317668', 102, 161, '2013-11-21', '1281', NULL, '2013-12-02 17:04:55'),
(114, 13, '4XATH76A4D2290825', 108, 148, '2013-11-21', '3257', 'El Vehículo tiene instalado retrovisores, y guías delanteras', '2013-12-02 17:07:38'),
(115, 13, '4XATH76A9D2291114', 108, 154, '2013-11-21', '3330', NULL, '2013-12-02 17:09:44'),
(116, 13, '4XATH76A6D2290759', 108, 154, '2013-11-21', '4852', 'Las llantas se encuentran desgastadas en un 80%, ademas presenta el filtro principal lleno de aceite.', '2013-12-02 17:12:18'),
(117, 12, '4XATH76A6D4317687', 209, 118, '2013-11-05', '1046', 'Tiene encendida la alerta del check engine , se completa el aceite de motor colocandolde un octavo', '2013-12-02 18:09:09'),
(118, 14, '4XATH76AXD2291073', 230, 130, '2013-12-02', '2314', 'Le faltaba aceite el motor tenia litro y medio', '2013-12-19 19:30:17'),
(119, 14, '4XATH76A7D4317679', 231, 50, '2013-12-02', '1267', NULL, '2013-12-19 19:37:30'),
(120, 14, '4XATH76A2D2293271', 232, 55, '2013-12-02', '1157', NULL, '2013-12-19 19:42:56'),
(121, 14, '4XATH76A5D2290753', 96, 55, '2013-12-04', '459', NULL, '2013-12-19 19:51:50'),
(122, 14, '4XATH76A9D2290819', 93, 47, '2013-12-04', '1003', NULL, '2013-12-19 19:56:10'),
(128, 14, '4XATH76A2D4317220', 196, 155, '2013-12-03', '3757', NULL, '2013-12-19 20:07:03'),
(130, 15, '4XATH76A6D4317687', 209, 155, '2014-01-13', '2682', 'Segundo Cambio de Aceite\nSe puso refrigerante\nRuedas traseras cambiadas no son llantas polaris', '2014-01-30 19:37:12'),
(134, 15, '4XATH76A5D2293197', 102, 60, '2014-01-15', '1845', 'Se puso refrigerante', '2014-01-21 17:29:35'),
(135, 15, '4XATH76A3D2290783', 102, 47, '2014-01-14', '768', 'A este vehiculo se le ah incorporado pito guias delanteras y traseras y neblineros delanteros', '2014-01-21 17:32:46'),
(136, 15, '4XATH76A7D2290818', 81, 130, '2014-01-13', '3273', NULL, '2014-01-21 17:33:55'),
(137, 15, '4XATH76A5D2292065', 204, 176, '2014-01-13', '3580', 'Se le coloco refrigerante\nLaS ruedas presentan un desgaste que no es normal en la parte delantera interior de las ruedas delanteras', '2014-01-30 19:40:58'),
(138, 12, '4XATH76A6D2291121', 92, 19, '2013-12-20', '170', 'el cambio de aceites se reaizo en la odifina durante el viaje nro 12\nen la cotizacion no se incluyo el costo del aceite de la caja de cambios', '2014-01-30 19:50:40'),
(139, 16, '4XATH76A6D2291037', 208, 51, '2014-01-28', '1151', NULL, '2014-02-06 17:33:45'),
(140, 16, '4XATH76AXD2290800', 233, 51, '2014-01-29', '1001', 'Se coloco refrigerante', '2014-02-06 17:35:49'),
(141, 16, '4XATH76A6D4317639', 86, 56, '2014-01-30', '1124', NULL, '2014-02-06 17:37:24'),
(142, 16, '4XATH76A4D2291053', 149, 51, '2014-01-30', '12255', NULL, '2014-02-06 17:39:03'),
(143, 16, '4XATH76A2D4315550', 149, 252, '2014-01-30', '4378', 'TERCER CAMBIO DE ACEITE', '2014-02-06 17:41:02'),
(144, 16, '4XATH76A0D4317667', 110, 155, '2014-01-29', '3892', NULL, '2014-02-06 17:43:09'),
(145, 16, '4XATH76A3D2290749', 87, 150, '2014-01-29', '3120', NULL, '2014-02-06 17:45:59'),
(146, 17, '4XATH76A4D2290713', 228, 274, '2014-02-10', '6437', 'Se cambia el filtro de aire principal del vehículo adicional al cambio de aceite, es el tercer cambio de aceite', '2014-04-02 17:43:29'),
(147, 17, '4XATH76A4D4317641', 236, 79, '2014-02-10', '1528', 'Se completa el aceite al motor, por perdida del tapón del aceite ocacionando que éste se derramara.', '2013-11-02 03:05:53'),
(148, 17, '4XATH76A7D4317682', 214, 171, '2014-02-10', '3324', NULL, '2013-11-02 03:05:53'),
(149, 17, '4XATH76AXD2291073', 230, 201, '2014-02-10', '4201', NULL, '2014-04-02 05:00:00'),
(150, 17, '4XATH76A2D2290757', 226, 167, '2014-02-10', '2810', NULL, '2014-04-02 05:00:00'),
(151, 17, '4XATH76A7D2290771', 210, 177, '2014-02-11', '5229', 'Tiene rota la barra estabilizadora y el caucho trasero del guarda grasa derecho, la rueda del lado derecho está rota y el aro doblado, se retira la barra para reparar en el taller de Quito', '2014-04-02 19:14:20'),
(152, 17, '4XATH76A2D4317220', 196, 228, '2014-02-10', '5568', 'Se cambia el caucho guardagrasa Trasero y el filtro de aire se completa refrigerante', '2013-12-19 20:07:03'),
(153, 17, '4XATH76A8D2290794', 198, 169, '2014-02-11', '2766', 'El vehículo tiene rota la barra estabilizadora, se la retira para enviar a reparar en Quito', '2014-04-02 19:20:44'),
(154, 17, '4XATH76A8D2290763', 198, 150, '2014-02-11', '2566', 'La barra de estabilización esta rota, se la retira para hacer la reparación en Quito.', '2014-04-02 19:24:22'),
(155, 17, '4XATH76A9D2290755', 237, 150, '2014-02-11', '3405', 'Se cambia la banda principal y se calibra, luego de esto el vehículo funciona correctamente', '2014-04-02 19:39:12'),
(156, 17, '4XATH76A7D4315575', 148, 359, '2014-02-12', '9363', 'Vehículo fuera de garantia se debe revisar el vehículo en los talleres de Quito para constatar el adecuado funcionamiento', '2014-04-02 20:21:20'),
(157, 17, '4XATH76A9D2293204', 216, 135, '2014-02-12', '3044', 'Este vehículo presentaba perdida de potencia, se retiró el cuerpo del acelerador para calibar y se realizó mantenimiento de bujias para este mantenimiento el vehículo se encuentra funcionanod correctamente', '2014-04-02 20:23:45'),
(158, 7, '4XATH76A5D4315591', 148, 150, '2014-02-12', '0', 'Falta informacion y firma del encargado del vehiculi, no tiene las horas ala que se hizo el cambio se presume que fue a las 150 horas por la regularidad de los cambios anteriores, ademas tiene dañado el eje trasero.', '2014-04-02 20:34:04'),
(159, 18, '4XATH76A7D2290804', 211, 167, '2014-02-21', '2354', NULL, '0000-00-00 00:00:00'),
(160, 18, '4XATH76A8D2290729', 213, 151, '2014-02-21', '2357', 'Tapón de la caja delantera dañado.', '2014-04-02 20:57:13'),
(161, 19, '4XATH76A8D2290777', 93, 150, '2014-03-10', '3312', NULL, '2014-04-03 17:05:40'),
(162, 19, '4XATH76A9D2290769', 93, 50, '2014-03-10', '1081', NULL, '2014-04-03 17:14:37'),
(163, 19, '4XATH76A0D2290773', 93, 150, '2014-03-10', '3007', NULL, '2014-04-03 17:15:48'),
(164, 12, '4XATH76AXD2291039', 224, 150, '2014-03-10', '3760', NULL, '2014-04-03 17:26:18'),
(165, 19, '4XATH76A0D2290790', 197, 120, '2014-03-10', '1373', 'Tiene un daño en los sokers del istema de inyeccion, se le realiza un arreglo provicional, se coloca abrazaderas plásticas para que haga conexion.', '2014-04-03 17:29:56'),
(166, 19, '4XATH76A8D2290830', 96, 160, '2014-03-11', '2664', '', '2014-04-03 17:31:32'),
(167, 19, '4XATH76A3D2290816', 96, 157, '2014-03-11', '3491', 'Se retira el limpia parabrisas para reparaer', '2014-04-03 17:33:25'),
(168, 19, '4XATH76AXD2290831', NULL, 50, '2014-03-11', '702', NULL, '2014-04-03 17:40:02'),
(169, 19, '4XATH76A4D2290775', 97, 140, '2014-03-11', '2191', NULL, '2014-04-03 17:42:21'),
(170, 19, '4XATH76A9D2293204', 216, 150, '2014-03-11', '3284', 'Vehículo funcionando correctamente.', '2014-04-03 17:54:01'),
(171, 19, '4XATH76A6D2293208', 102, 166, '2014-03-11', '3669', NULL, '2014-04-03 18:05:35'),
(172, 19, '4XATH76AXD4317661', 107, 91, '2014-03-12', '1681', 'Se revisa el eje izquierdo trasero, Se cambia los cauchos del eje y se retira el eje para llevar al taller a reparar \r\nOjo\r\nCambiar el caucho guardagrasa del eje trasero derecho punto de union con la rueda', '2014-04-03 18:12:45'),
(173, 19, '4XATH76A0D2293253', 102, 141, '2014-03-12', '2951', NULL, '2014-04-03 18:17:49'),
(174, 19, '4XATH76A8D2290813', 102, 92, '2014-03-12', '163', 'Se inspecciona el sistema de enfriamiento chequenado el radiadro, termostato y ventilador, se pone refrigerante', '2014-04-03 18:21:24'),
(175, 19, '4XATH76A9D2293199', 102, 150, '2014-03-12', '3395', 'Se cambia el Caucho del guarda grasa trasero', '2014-04-03 18:26:44');

-- --------------------------------------------------------

--
-- Estructura de tabla para la tabla `mantenimiento_detalle`
--

CREATE TABLE IF NOT EXISTS `mantenimiento_detalle` (
  `id_mantenimiento_detalle` int(10) unsigned NOT NULL AUTO_INCREMENT,
  `id_mantenimiento` smallint(5) unsigned NOT NULL,
  `id_inventario` smallint(5) unsigned NOT NULL,
  `fecha` time NOT NULL,
  `estado` varchar(25) DEFAULT NULL COMMENT 'cambio,reparacio,correccion',
  `cantidad` float unsigned NOT NULL,
  `notas` varchar(600) DEFAULT NULL,
  `registro` timestamp NOT NULL DEFAULT CURRENT_TIMESTAMP ON UPDATE CURRENT_TIMESTAMP,
  PRIMARY KEY (`id_mantenimiento`,`id_inventario`),
  UNIQUE KEY `id_mantenimiento_detalle` (`id_mantenimiento_detalle`),
  KEY `fk_mantenimiento_detalle_inventario` (`id_inventario`)
) ENGINE=InnoDB  DEFAULT CHARSET=latin1 COMMENT='Registra los detalles del mantenimiento y los costos de los insumos' AUTO_INCREMENT=3825 ;

--
-- Volcado de datos para la tabla `mantenimiento_detalle`
--

INSERT INTO `mantenimiento_detalle` (`id_mantenimiento_detalle`, `id_mantenimiento`, `id_inventario`, `fecha`, `estado`, `cantidad`, `notas`, `registro`) VALUES
(1, 2, 1000, '00:00:00', 'Sucio', 2, NULL, '2013-10-30 01:44:43'),
(2, 2, 1001, '00:00:00', 'Sucio', 1, NULL, '2013-10-30 01:44:43'),
(3, 2, 1002, '00:00:00', 'Sucio', 0.275, NULL, '2013-10-30 01:44:43'),
(4, 2, 1003, '00:00:00', 'Sucio', 1, NULL, '2013-10-30 01:44:43'),
(5, 2, 1004, '00:00:00', 'Completo', 0, NULL, '2014-01-30 19:27:50'),
(6, 2, 1005, '00:00:00', 'Completo', 0, NULL, '2014-01-30 19:27:50'),
(32, 3, 1000, '00:00:00', 'Sucio', 2, NULL, '2013-10-30 01:44:43'),
(33, 3, 1001, '00:00:00', 'Sucio', 1, NULL, '2013-10-30 01:44:43'),
(34, 3, 1002, '00:00:00', 'Sucio', 0.275, NULL, '2013-10-30 01:44:43'),
(35, 3, 1003, '00:00:00', 'Sucio', 1, NULL, '2013-10-30 01:44:43'),
(36, 3, 1004, '00:00:00', 'Completo', 0, NULL, '2014-01-30 19:27:50'),
(37, 3, 1005, '00:00:00', 'Completo', 0, NULL, '2014-01-30 19:27:50'),
(63, 4, 1000, '00:00:00', 'Sucio', 2, NULL, '2013-10-30 01:44:43'),
(64, 4, 1001, '00:00:00', 'Sucio', 1, NULL, '2013-10-30 01:44:43'),
(65, 4, 1002, '00:00:00', 'Sucio', 0.275, NULL, '2013-10-30 01:44:43'),
(66, 4, 1003, '00:00:00', 'Sucio', 1, NULL, '2013-10-30 01:44:43'),
(67, 4, 1004, '00:00:00', 'Completo', 0, NULL, '2014-01-30 19:27:50'),
(68, 4, 1005, '00:00:00', 'Completo', 0, NULL, '2014-01-30 19:27:50'),
(94, 5, 1000, '00:00:00', 'Sucio', 2, NULL, '2013-10-30 01:44:43'),
(95, 5, 1001, '00:00:00', 'Sucio', 1, NULL, '2013-10-30 01:44:43'),
(96, 5, 1002, '00:00:00', 'Sucio', 0.275, NULL, '2013-10-30 01:44:43'),
(97, 5, 1003, '00:00:00', 'Sucio', 1, NULL, '2013-10-30 01:44:43'),
(98, 5, 1004, '00:00:00', 'Completo', 0, NULL, '2014-01-30 19:27:50'),
(99, 5, 1005, '00:00:00', 'Completo', 0, NULL, '2014-01-30 19:27:50'),
(125, 6, 1000, '00:00:00', 'Sucio', 2, NULL, '2013-10-30 01:44:43'),
(126, 6, 1001, '00:00:00', 'Sucio', 1, NULL, '2013-10-30 01:44:43'),
(127, 6, 1002, '00:00:00', 'Sucio', 0.275, NULL, '2013-10-30 01:44:43'),
(128, 6, 1003, '00:00:00', 'Sucio', 1, NULL, '2013-10-30 01:44:43'),
(129, 6, 1004, '00:00:00', 'Completo', 0, NULL, '2014-01-30 19:27:50'),
(130, 6, 1005, '00:00:00', 'Completo', 0, NULL, '2014-01-30 19:27:50'),
(156, 7, 1000, '00:00:00', 'Sucio', 2, NULL, '2013-10-30 01:44:43'),
(157, 7, 1001, '00:00:00', 'Sucio', 1, NULL, '2013-10-30 01:44:43'),
(158, 7, 1002, '00:00:00', 'Sucio', 0.275, NULL, '2013-10-30 01:44:43'),
(159, 7, 1003, '00:00:00', 'Sucio', 1, NULL, '2013-10-30 01:44:43'),
(160, 7, 1004, '00:00:00', 'Completo', 0, NULL, '2014-01-30 19:27:50'),
(161, 7, 1005, '00:00:00', 'Completo', 0, NULL, '2014-01-30 19:27:50'),
(187, 8, 1000, '00:00:00', 'Sucio', 2, NULL, '2013-10-30 01:44:43'),
(188, 8, 1001, '00:00:00', 'Sucio', 1, NULL, '2013-10-30 01:44:43'),
(189, 8, 1002, '00:00:00', 'Sucio', 0.275, NULL, '2013-10-30 01:44:43'),
(190, 8, 1003, '00:00:00', 'Sucio', 1, NULL, '2013-10-30 01:44:43'),
(191, 8, 1004, '00:00:00', 'Completo', 0, NULL, '2014-01-30 19:27:50'),
(192, 8, 1005, '00:00:00', 'Completo', 0, NULL, '2014-01-30 19:27:50'),
(218, 9, 1000, '00:00:00', 'Sucio', 2, NULL, '2013-10-30 01:44:43'),
(219, 9, 1001, '00:00:00', 'Sucio', 1, NULL, '2013-10-30 01:44:43'),
(220, 9, 1002, '00:00:00', 'Sucio', 0.275, NULL, '2013-10-30 01:44:43'),
(221, 9, 1003, '00:00:00', 'Sucio', 1, NULL, '2013-10-30 01:44:43'),
(222, 9, 1004, '00:00:00', 'Completo', 0.8, NULL, '2014-01-30 19:27:50'),
(223, 9, 1005, '00:00:00', 'Completo', 0.17, NULL, '2014-01-30 19:27:50'),
(249, 10, 1000, '00:00:00', 'Sucio', 2, NULL, '2013-10-30 01:44:43'),
(250, 10, 1001, '00:00:00', 'Sucio', 1, NULL, '2013-10-30 01:44:43'),
(251, 10, 1002, '00:00:00', 'Sucio', 0.275, NULL, '2013-10-30 01:44:43'),
(252, 10, 1003, '00:00:00', 'Sucio', 1, NULL, '2013-10-30 01:44:43'),
(253, 10, 1004, '00:00:00', 'Completo', 0, NULL, '2014-01-30 19:27:50'),
(254, 10, 1005, '00:00:00', 'Completo', 0, NULL, '2014-01-30 19:27:50'),
(280, 11, 1000, '00:00:00', 'Sucio', 2, NULL, '2013-10-30 01:44:43'),
(281, 11, 1001, '00:00:00', 'Sucio', 1, NULL, '2013-10-30 01:44:43'),
(282, 11, 1002, '00:00:00', 'Sucio', 0.275, NULL, '2013-10-30 01:44:43'),
(283, 11, 1003, '00:00:00', 'Sucio', 1, NULL, '2013-10-30 01:44:43'),
(284, 11, 1004, '00:00:00', 'Completo', 0, NULL, '2014-01-30 19:27:50'),
(285, 11, 1005, '00:00:00', 'Completo', 0, NULL, '2014-01-30 19:27:50'),
(311, 12, 1000, '00:00:00', 'Sucio', 2, NULL, '2013-10-30 01:44:43'),
(312, 12, 1001, '00:00:00', 'Sucio', 1, NULL, '2013-10-30 01:44:43'),
(313, 12, 1002, '00:00:00', 'Sucio', 0.275, NULL, '2013-10-30 01:44:43'),
(314, 12, 1003, '00:00:00', 'Sucio', 1, NULL, '2013-10-30 01:44:43'),
(315, 12, 1004, '00:00:00', 'Completo', 0, NULL, '2014-01-30 19:27:50'),
(316, 12, 1005, '00:00:00', 'Completo', 0, NULL, '2014-01-30 19:27:50'),
(342, 13, 1000, '00:00:00', 'Sucio', 2, NULL, '2013-10-30 01:44:43'),
(343, 13, 1001, '00:00:00', 'Sucio', 1, NULL, '2013-10-30 01:44:43'),
(344, 13, 1002, '00:00:00', 'Sucio', 0.275, NULL, '2013-10-30 01:44:43'),
(345, 13, 1003, '00:00:00', 'Sucio', 1, NULL, '2013-10-30 01:44:43'),
(346, 13, 1004, '00:00:00', 'Completo', 0, NULL, '2014-01-30 19:27:50'),
(347, 13, 1005, '00:00:00', 'Completo', 0, NULL, '2014-01-30 19:27:50'),
(373, 14, 1000, '00:00:00', 'Sucio', 2, NULL, '2013-10-30 01:44:43'),
(374, 14, 1001, '00:00:00', 'Sucio', 1, NULL, '2013-10-30 01:44:43'),
(375, 14, 1002, '00:00:00', 'Sucio', 0.275, NULL, '2013-10-30 01:44:43'),
(376, 14, 1003, '00:00:00', 'Sucio', 1, NULL, '2013-10-30 01:44:43'),
(377, 14, 1004, '00:00:00', 'Completo', 0, NULL, '2014-01-30 19:27:50'),
(378, 14, 1005, '00:00:00', 'Completo', 0, NULL, '2014-01-30 19:27:50'),
(404, 15, 1000, '00:00:00', 'Sucio', 2, NULL, '2013-10-30 01:44:43'),
(405, 15, 1001, '00:00:00', 'Sucio', 1, NULL, '2013-10-30 01:44:43'),
(406, 15, 1002, '00:00:00', 'Sucio', 0.275, NULL, '2013-10-30 01:44:43'),
(407, 15, 1003, '00:00:00', 'Sucio', 1, NULL, '2013-10-30 01:44:43'),
(408, 15, 1004, '00:00:00', 'Completo', 0, NULL, '2014-01-30 19:27:50'),
(409, 15, 1005, '00:00:00', 'Completo', 0, NULL, '2014-01-30 19:27:50'),
(435, 16, 1000, '00:00:00', 'Sucio', 2, NULL, '2013-10-30 01:44:43'),
(436, 16, 1001, '00:00:00', 'Sucio', 1, NULL, '2013-10-30 01:44:43'),
(437, 16, 1002, '00:00:00', 'Sucio', 0.275, NULL, '2013-10-30 01:44:43'),
(438, 16, 1003, '00:00:00', 'Sucio', 1, NULL, '2013-10-30 01:44:43'),
(439, 16, 1004, '00:00:00', 'Completo', 0, NULL, '2014-01-30 19:27:50'),
(440, 16, 1005, '00:00:00', 'Completo', 0, NULL, '2014-01-30 19:27:50'),
(466, 17, 1000, '00:00:00', 'Sucio', 2, NULL, '2013-10-30 01:44:43'),
(467, 17, 1001, '00:00:00', 'Sucio', 1, NULL, '2013-10-30 01:44:43'),
(468, 17, 1002, '00:00:00', 'Sucio', 0.275, NULL, '2013-10-30 01:44:43'),
(469, 17, 1003, '00:00:00', 'Sucio', 1, NULL, '2013-10-30 01:44:43'),
(470, 17, 1004, '00:00:00', 'Completo', 0, NULL, '2014-01-30 19:27:50'),
(471, 17, 1005, '00:00:00', 'Completo', 0, NULL, '2014-01-30 19:27:50'),
(497, 18, 1000, '00:00:00', 'Sucio', 2, NULL, '2013-10-30 01:44:43'),
(498, 18, 1001, '00:00:00', 'Sucio', 1, NULL, '2013-10-30 01:44:43'),
(499, 18, 1002, '00:00:00', 'Sucio', 0.275, NULL, '2013-10-30 01:44:43'),
(500, 18, 1003, '00:00:00', 'Sucio', 1, NULL, '2013-10-30 01:44:43'),
(501, 18, 1004, '00:00:00', 'Completo', 0, NULL, '2014-01-30 19:27:50'),
(502, 18, 1005, '00:00:00', 'Completo', 0, NULL, '2014-01-30 19:27:50'),
(528, 19, 1000, '00:00:00', 'Sucio', 2, NULL, '2013-10-30 01:44:43'),
(529, 19, 1001, '00:00:00', 'Sucio', 1, NULL, '2013-10-30 01:44:43'),
(530, 19, 1002, '00:00:00', 'Sucio', 0.275, NULL, '2013-10-30 01:44:43'),
(531, 19, 1003, '00:00:00', 'Sucio', 1, NULL, '2013-10-30 01:44:43'),
(532, 19, 1004, '00:00:00', 'Completo', 0, NULL, '2014-01-30 19:27:50'),
(533, 19, 1005, '00:00:00', 'Completo', 0, NULL, '2014-01-30 19:27:50'),
(559, 20, 1000, '00:00:00', 'Sucio', 2, NULL, '2013-10-30 01:44:43'),
(560, 20, 1001, '00:00:00', 'Sucio', 1, NULL, '2013-10-30 01:44:43'),
(561, 20, 1002, '00:00:00', 'Sucio', 0.275, NULL, '2013-10-30 01:44:43'),
(562, 20, 1003, '00:00:00', 'Sucio', 1, NULL, '2013-10-30 01:44:43'),
(563, 20, 1004, '00:00:00', 'Completo', 0, NULL, '2014-01-30 19:27:50'),
(564, 20, 1005, '00:00:00', 'Completo', 0, NULL, '2014-01-30 19:27:50'),
(590, 21, 1000, '00:00:00', 'Sucio', 2, NULL, '2013-10-30 01:44:43'),
(591, 21, 1001, '00:00:00', 'Sucio', 1, NULL, '2013-10-30 01:44:43'),
(592, 21, 1002, '00:00:00', 'Sucio', 0.275, NULL, '2013-10-30 01:44:43'),
(593, 21, 1003, '00:00:00', 'Sucio', 1, NULL, '2013-10-30 01:44:43'),
(594, 21, 1004, '00:00:00', 'Completo', 0, NULL, '2014-01-30 19:27:50'),
(595, 21, 1005, '00:00:00', 'Completo', 0, NULL, '2014-01-30 19:27:50'),
(652, 23, 1000, '00:00:00', 'Sucio', 2, NULL, '2013-10-30 01:44:43'),
(653, 23, 1001, '00:00:00', 'Sucio', 1, NULL, '2013-10-30 01:44:43'),
(654, 23, 1002, '00:00:00', 'Sucio', 0.275, NULL, '2013-10-30 01:44:43'),
(655, 23, 1003, '00:00:00', 'Sucio', 1, NULL, '2013-10-30 01:44:43'),
(656, 23, 1004, '00:00:00', 'Completo', 0.8, NULL, '2014-01-30 19:27:50'),
(657, 23, 1005, '00:00:00', 'Completo', 0, NULL, '2014-01-30 19:27:50'),
(683, 24, 1000, '00:00:00', 'Sucio', 2, NULL, '2013-10-30 01:44:43'),
(684, 24, 1001, '00:00:00', 'Sucio', 1, NULL, '2013-10-30 01:44:43'),
(685, 24, 1002, '00:00:00', 'Sucio', 0.275, NULL, '2013-10-30 01:44:43'),
(686, 24, 1003, '00:00:00', 'Sucio', 1, NULL, '2013-10-30 01:44:43'),
(687, 24, 1004, '00:00:00', 'Completo', 0, NULL, '2014-01-30 19:27:50'),
(688, 24, 1005, '00:00:00', 'Completo', 0, NULL, '2014-01-30 19:27:50'),
(714, 25, 1000, '00:00:00', 'Sucio', 2, NULL, '2013-10-30 01:44:43'),
(715, 25, 1001, '00:00:00', 'Sucio', 1, NULL, '2013-10-30 01:44:43'),
(716, 25, 1002, '00:00:00', 'Sucio', 0.275, NULL, '2013-10-30 01:44:43'),
(717, 25, 1003, '00:00:00', 'Sucio', 1, NULL, '2013-10-30 01:44:43'),
(718, 25, 1004, '00:00:00', 'Completo', 0, NULL, '2014-01-30 19:27:50'),
(719, 25, 1005, '00:00:00', 'Completo', 0, NULL, '2014-01-30 19:27:50'),
(745, 26, 1000, '00:00:00', 'Sucio', 2, NULL, '2013-10-30 01:44:43'),
(746, 26, 1001, '00:00:00', 'Sucio', 1, NULL, '2013-10-30 01:44:43'),
(747, 26, 1002, '00:00:00', 'Sucio', 0.275, NULL, '2013-10-30 01:44:43'),
(748, 26, 1003, '00:00:00', 'Sucio', 1, NULL, '2013-10-30 01:44:43'),
(749, 26, 1004, '00:00:00', 'Completo', 0, NULL, '2014-01-30 19:27:50'),
(750, 26, 1005, '00:00:00', 'Completo', 0, NULL, '2014-01-30 19:27:50'),
(807, 28, 1000, '00:00:00', 'Sucio', 2, NULL, '2013-10-30 01:44:43'),
(808, 28, 1001, '00:00:00', 'Sucio', 1, NULL, '2013-10-30 01:44:43'),
(809, 28, 1002, '00:00:00', 'Sucio', 0.275, NULL, '2013-10-30 01:44:43'),
(810, 28, 1003, '00:00:00', 'Sucio', 1, NULL, '2013-10-30 01:44:43'),
(811, 28, 1004, '00:00:00', 'Completo', 0, NULL, '2014-01-30 19:27:50'),
(812, 28, 1005, '00:00:00', 'Completo', 0, NULL, '2014-01-30 19:27:50'),
(838, 29, 1000, '00:00:00', 'Sucio', 2, NULL, '2013-10-30 01:44:43'),
(839, 29, 1001, '00:00:00', 'Sucio', 1, NULL, '2013-10-30 01:44:43'),
(840, 29, 1002, '00:00:00', 'Sucio', 0.275, NULL, '2013-10-30 01:44:43'),
(841, 29, 1003, '00:00:00', 'Sucio', 1, NULL, '2013-10-30 01:44:43'),
(842, 29, 1004, '00:00:00', 'Completo', 0.8, NULL, '2014-01-30 19:27:50'),
(843, 29, 1005, '00:00:00', 'Completo', 0.17, NULL, '2014-01-30 19:27:50'),
(869, 30, 1000, '00:00:00', 'Sucio', 2, NULL, '2013-10-30 01:44:43'),
(870, 30, 1001, '00:00:00', 'Sucio', 1, NULL, '2013-10-30 01:44:43'),
(871, 30, 1002, '00:00:00', 'Sucio', 0.275, NULL, '2013-10-30 01:44:43'),
(872, 30, 1003, '00:00:00', 'Sucio', 1, NULL, '2013-10-30 01:44:43'),
(873, 30, 1004, '00:00:00', 'Completo', 0.8, NULL, '2014-01-30 19:27:50'),
(874, 30, 1005, '00:00:00', 'Completo', 0, NULL, '2014-01-30 19:27:50'),
(931, 32, 1000, '00:00:00', 'Sucio', 2, NULL, '2013-10-30 01:44:43'),
(932, 32, 1001, '00:00:00', 'Sucio', 1, NULL, '2013-10-30 01:44:43'),
(933, 32, 1002, '00:00:00', 'Sucio', 0.275, NULL, '2013-10-30 01:44:43'),
(934, 32, 1003, '00:00:00', 'Sucio', 1, NULL, '2013-10-30 01:44:43'),
(935, 32, 1004, '00:00:00', 'Completo', 0.8, NULL, '2014-01-30 19:27:50'),
(936, 32, 1005, '00:00:00', 'Completo', 0, NULL, '2014-01-30 19:27:50'),
(962, 33, 1000, '00:00:00', 'Sucio', 2, NULL, '2013-10-30 01:44:43'),
(963, 33, 1001, '00:00:00', 'Sucio', 1, NULL, '2013-10-30 01:44:43'),
(964, 33, 1002, '00:00:00', 'Sucio', 0.275, NULL, '2013-10-30 01:44:43'),
(965, 33, 1003, '00:00:00', 'Sucio', 1, NULL, '2013-10-30 01:44:43'),
(966, 33, 1004, '00:00:00', 'Completo', 0, NULL, '2014-01-30 19:27:50'),
(967, 33, 1005, '00:00:00', 'Completo', 0, NULL, '2014-01-30 19:27:50'),
(993, 34, 1000, '00:00:00', 'Sucio', 2, NULL, '2013-10-30 01:44:43'),
(994, 34, 1001, '00:00:00', 'Sucio', 1, NULL, '2013-10-30 01:44:43'),
(995, 34, 1002, '00:00:00', 'Sucio', 0.275, NULL, '2013-10-30 01:44:43'),
(996, 34, 1003, '00:00:00', 'Sucio', 1, NULL, '2013-10-30 01:44:43'),
(997, 34, 1004, '00:00:00', 'Completo', 0, NULL, '2014-01-30 19:27:50'),
(998, 34, 1005, '00:00:00', 'Completo', 0, NULL, '2014-01-30 19:27:50'),
(1024, 35, 1000, '00:00:00', 'Sucio', 2, NULL, '2013-10-30 01:44:43'),
(1025, 35, 1001, '00:00:00', 'Sucio', 1, NULL, '2013-10-30 01:44:43'),
(1026, 35, 1002, '00:00:00', 'Sucio', 0.275, NULL, '2013-10-30 01:44:43'),
(1027, 35, 1003, '00:00:00', 'Sucio', 1, NULL, '2013-10-30 01:44:43'),
(1028, 35, 1004, '00:00:00', 'Completo', 0.8, NULL, '2014-01-30 19:27:50'),
(1029, 35, 1005, '00:00:00', 'Completo', 0, NULL, '2014-01-30 19:27:50'),
(1055, 36, 1000, '00:00:00', 'Sucio', 2, NULL, '2013-10-30 01:44:43'),
(1056, 36, 1001, '00:00:00', 'Sucio', 1, NULL, '2013-10-30 01:44:43'),
(1057, 36, 1002, '00:00:00', 'Sucio', 0.275, NULL, '2013-10-30 01:44:43'),
(1058, 36, 1003, '00:00:00', 'Sucio', 1, NULL, '2013-10-30 01:44:43'),
(1059, 36, 1004, '00:00:00', 'Completo', 0.8, NULL, '2014-01-30 19:27:50'),
(1060, 36, 1005, '00:00:00', 'Completo', 0, NULL, '2014-01-30 19:27:50'),
(1086, 37, 1000, '00:00:00', 'Sucio', 2, NULL, '2013-10-30 01:44:43'),
(1087, 37, 1001, '00:00:00', 'Sucio', 1, NULL, '2013-10-30 01:44:43'),
(1088, 37, 1002, '00:00:00', 'Sucio', 0.275, NULL, '2013-10-30 01:44:43'),
(1089, 37, 1003, '00:00:00', 'Sucio', 1, NULL, '2013-10-30 01:44:43'),
(1090, 37, 1004, '00:00:00', 'Completo', 0, NULL, '2014-01-30 19:27:50'),
(1091, 37, 1005, '00:00:00', 'Completo', 0, NULL, '2014-01-30 19:27:50'),
(1117, 38, 1000, '00:00:00', 'Sucio', 2, NULL, '2013-10-30 01:44:43'),
(1118, 38, 1001, '00:00:00', 'Sucio', 1, NULL, '2013-10-30 01:44:43'),
(1119, 38, 1002, '00:00:00', 'Sucio', 0.275, NULL, '2013-10-30 01:44:43'),
(1120, 38, 1003, '00:00:00', 'Sucio', 1, NULL, '2013-10-30 01:44:43'),
(1121, 38, 1004, '00:00:00', 'Completo', 0.8, NULL, '2014-01-30 19:27:50'),
(1122, 38, 1005, '00:00:00', 'Completo', 0, NULL, '2014-01-30 19:27:50'),
(1148, 39, 1000, '00:00:00', 'Sucio', 2, NULL, '2013-10-30 01:44:43'),
(1149, 39, 1001, '00:00:00', 'Sucio', 1, NULL, '2013-10-30 01:44:43'),
(1150, 39, 1002, '00:00:00', 'Sucio', 0.275, NULL, '2013-10-30 01:44:43'),
(1151, 39, 1003, '00:00:00', 'Sucio', 1, NULL, '2013-10-30 01:44:43'),
(1152, 39, 1004, '00:00:00', 'Completo', 0.8, NULL, '2014-01-30 19:27:50'),
(1153, 39, 1005, '00:00:00', 'Completo', 0, NULL, '2014-01-30 19:27:50'),
(1179, 40, 1000, '00:00:00', 'Sucio', 2, NULL, '2013-10-30 01:44:43'),
(1180, 40, 1001, '00:00:00', 'Sucio', 1, NULL, '2013-10-30 01:44:43'),
(1181, 40, 1002, '00:00:00', 'Sucio', 0.275, NULL, '2013-10-30 01:44:43'),
(1182, 40, 1003, '00:00:00', 'Sucio', 1, NULL, '2013-10-30 01:44:43'),
(1183, 40, 1004, '00:00:00', 'Completo', 0, NULL, '2014-01-30 19:27:50'),
(1184, 40, 1005, '00:00:00', 'Completo', 0, NULL, '2014-01-30 19:27:50'),
(1210, 41, 1000, '00:00:00', 'Sucio', 2, NULL, '2013-10-30 01:44:43'),
(1211, 41, 1001, '00:00:00', 'Sucio', 1, NULL, '2013-10-30 01:44:43'),
(1212, 41, 1002, '00:00:00', 'Sucio', 0.275, NULL, '2013-10-30 01:44:43'),
(1213, 41, 1003, '00:00:00', 'Sucio', 1, NULL, '2013-10-30 01:44:43'),
(1214, 41, 1004, '00:00:00', 'Completo', 0.8, NULL, '2014-01-30 19:27:50'),
(1215, 41, 1005, '00:00:00', 'Completo', 0, NULL, '2014-01-30 19:27:50'),
(1241, 43, 1000, '00:00:00', 'Sucio', 2, NULL, '2013-10-30 01:44:43'),
(1242, 43, 1001, '00:00:00', 'Sucio', 1, NULL, '2013-10-30 01:44:43'),
(1243, 43, 1002, '00:00:00', 'Sucio', 0.275, NULL, '2013-10-30 01:44:43'),
(1244, 43, 1003, '00:00:00', 'Sucio', 1, NULL, '2013-10-30 01:44:43'),
(1245, 43, 1004, '00:00:00', 'Completo', 0.8, NULL, '2014-01-30 19:27:50'),
(1246, 43, 1005, '00:00:00', 'Completo', 0, NULL, '2014-01-30 19:27:50'),
(1272, 44, 1000, '00:00:00', 'Sucio', 2, NULL, '2013-10-30 01:44:43'),
(1273, 44, 1001, '00:00:00', 'Sucio', 1, NULL, '2013-10-30 01:44:43'),
(1274, 44, 1002, '00:00:00', 'Sucio', 0.275, NULL, '2013-10-30 01:44:43'),
(1275, 44, 1003, '00:00:00', 'Sucio', 1, NULL, '2013-10-30 01:44:43'),
(1276, 44, 1004, '00:00:00', 'Completo', 0.8, NULL, '2014-01-30 19:27:50'),
(1277, 44, 1005, '00:00:00', 'Completo', 0, NULL, '2014-01-30 19:27:50'),
(1303, 45, 1000, '00:00:00', 'Sucio', 2, NULL, '2013-10-30 01:44:43'),
(1304, 45, 1001, '00:00:00', 'Sucio', 1, NULL, '2013-10-30 01:44:43'),
(1305, 45, 1002, '00:00:00', 'Sucio', 0.275, NULL, '2013-10-30 01:44:43'),
(1306, 45, 1003, '00:00:00', 'Sucio', 1, NULL, '2013-10-30 01:44:43'),
(1307, 45, 1004, '00:00:00', 'Completo', 0, NULL, '2014-01-30 19:27:50'),
(1308, 45, 1005, '00:00:00', 'Completo', 0, NULL, '2014-01-30 19:27:50'),
(1365, 47, 1000, '00:00:00', 'Sucio', 2, NULL, '2013-10-30 01:44:43'),
(1366, 47, 1001, '00:00:00', 'Sucio', 1, NULL, '2013-10-30 01:44:43'),
(1367, 47, 1002, '00:00:00', 'Sucio', 0.275, NULL, '2013-10-30 01:44:43'),
(1368, 47, 1003, '00:00:00', 'Sucio', 1, NULL, '2013-10-30 01:44:43'),
(1369, 47, 1004, '00:00:00', 'Completo', 0.8, NULL, '2014-01-30 19:27:50'),
(1370, 47, 1005, '00:00:00', 'Completo', 0, NULL, '2014-01-30 19:27:50'),
(1396, 48, 1000, '00:00:00', 'Sucio', 2, NULL, '2013-10-30 01:44:43'),
(1397, 48, 1001, '00:00:00', 'Sucio', 1, NULL, '2013-10-30 01:44:43'),
(1398, 48, 1002, '00:00:00', 'Sucio', 0.275, NULL, '2013-10-30 01:44:43'),
(1399, 48, 1003, '00:00:00', 'Sucio', 1, NULL, '2013-10-30 01:44:43'),
(1400, 48, 1004, '00:00:00', 'Completo', 0.8, NULL, '2014-01-30 19:27:50'),
(1401, 48, 1005, '00:00:00', 'Completo', 0, NULL, '2014-01-30 19:27:50'),
(1427, 49, 1000, '00:00:00', 'Sucio', 2, NULL, '2013-10-30 01:44:43'),
(1428, 49, 1001, '00:00:00', 'Sucio', 1, NULL, '2013-10-30 01:44:43'),
(1429, 49, 1002, '00:00:00', 'Sucio', 0.275, NULL, '2013-10-30 01:44:43'),
(1430, 49, 1003, '00:00:00', 'Sucio', 1, NULL, '2013-10-30 01:44:43'),
(1431, 49, 1004, '00:00:00', 'Completo', 0.8, NULL, '2014-01-30 19:27:50'),
(1432, 49, 1005, '00:00:00', 'Completo', 0, NULL, '2014-01-30 19:27:50'),
(1458, 50, 1000, '00:00:00', 'Sucio', 2, NULL, '2013-10-30 01:44:43'),
(1459, 50, 1001, '00:00:00', 'Sucio', 1, NULL, '2013-10-30 01:44:43'),
(1460, 50, 1002, '00:00:00', 'Sucio', 0.275, NULL, '2013-10-30 01:44:43'),
(1461, 50, 1003, '00:00:00', 'Sucio', 1, NULL, '2013-10-30 01:44:43'),
(1462, 50, 1004, '00:00:00', 'Completo', 0.8, NULL, '2014-01-30 19:27:50'),
(1463, 50, 1005, '00:00:00', 'Completo', 0, NULL, '2014-01-30 19:27:50'),
(1489, 51, 1000, '00:00:00', 'Sucio', 2, NULL, '2013-10-30 01:44:43'),
(1490, 51, 1001, '00:00:00', 'Sucio', 1, NULL, '2013-10-30 01:44:43'),
(1491, 51, 1002, '00:00:00', 'Sucio', 0.275, NULL, '2013-10-30 01:44:43'),
(1492, 51, 1003, '00:00:00', 'Sucio', 1, NULL, '2013-10-30 01:44:43'),
(1493, 51, 1004, '00:00:00', 'Completo', 0.8, NULL, '2014-01-30 19:27:50'),
(1494, 51, 1005, '00:00:00', 'Completo', 0, NULL, '2014-01-30 19:27:50'),
(1520, 52, 1000, '00:00:00', 'Sucio', 2, NULL, '2013-10-30 01:44:43'),
(1521, 52, 1001, '00:00:00', 'Sucio', 1, NULL, '2013-10-30 01:44:43'),
(1522, 52, 1002, '00:00:00', 'Sucio', 0.275, NULL, '2013-10-30 01:44:43'),
(1523, 52, 1003, '00:00:00', 'Sucio', 1, NULL, '2013-10-30 01:44:43'),
(1524, 52, 1004, '00:00:00', 'Completo', 0, NULL, '2014-01-30 19:27:50'),
(1525, 52, 1005, '00:00:00', 'Completo', 0, NULL, '2014-01-30 19:27:50'),
(1551, 53, 1000, '00:00:00', 'Sucio', 2, NULL, '2013-10-30 01:44:43'),
(1552, 53, 1001, '00:00:00', 'Sucio', 1, NULL, '2013-10-30 01:44:43'),
(1553, 53, 1002, '00:00:00', 'Sucio', 0.275, NULL, '2013-10-30 01:44:43'),
(1554, 53, 1003, '00:00:00', 'Sucio', 1, NULL, '2013-10-30 01:44:43'),
(1555, 53, 1004, '00:00:00', 'Completo', 0.8, NULL, '2014-01-30 19:27:50'),
(1556, 53, 1005, '00:00:00', 'Completo', 0, NULL, '2014-01-30 19:27:50'),
(1582, 54, 1000, '14:00:00', 'Sucio', 2, NULL, '2013-10-30 01:44:43'),
(1583, 54, 1001, '14:00:00', 'Sucio', 1, NULL, '2013-10-30 01:44:43'),
(1584, 54, 1002, '14:00:00', 'Sucio', 0.275, NULL, '2013-10-30 01:44:43'),
(1585, 54, 1003, '14:00:00', 'Sucio', 1, NULL, '2013-10-30 01:44:43'),
(1586, 54, 1004, '14:00:00', 'Completo', 0.8, NULL, '2014-01-30 19:27:50'),
(1587, 54, 1005, '14:00:00', 'Completo', 0, NULL, '2014-01-30 19:27:50'),
(1613, 55, 1000, '14:00:00', 'Sucio', 2, NULL, '2013-10-30 01:44:43'),
(1614, 55, 1001, '14:00:00', 'Sucio', 1, NULL, '2013-10-30 01:44:43'),
(1615, 55, 1002, '14:00:00', 'Sucio', 0.275, NULL, '2013-10-30 01:44:43'),
(1616, 55, 1003, '14:00:00', 'Sucio', 1, NULL, '2013-10-30 01:44:43'),
(1617, 55, 1004, '14:00:00', 'Completo', 0.8, NULL, '2014-01-30 19:27:50'),
(1618, 55, 1005, '14:00:00', 'Completo', 0, NULL, '2014-01-30 19:27:50'),
(1644, 56, 1000, '14:00:00', 'Sucio', 2, NULL, '2013-10-30 01:44:43'),
(1645, 56, 1001, '14:00:00', 'Sucio', 1, NULL, '2013-10-30 01:44:43'),
(1646, 56, 1002, '14:00:00', 'Sucio', 0.275, NULL, '2013-10-30 01:44:43'),
(1647, 56, 1003, '14:00:00', 'Sucio', 1, NULL, '2013-10-30 01:44:43'),
(1648, 56, 1004, '14:00:00', 'Completo', 0.8, NULL, '2014-01-30 19:27:50'),
(1649, 56, 1005, '14:00:00', 'Completo', 0, NULL, '2014-01-30 19:27:50'),
(1675, 57, 1000, '14:00:00', 'Sucio', 2, NULL, '2013-10-30 01:44:43'),
(1676, 57, 1001, '14:00:00', 'Sucio', 1, NULL, '2013-10-30 01:44:43'),
(1677, 57, 1002, '14:00:00', 'Sucio', 0.275, NULL, '2013-10-30 01:44:43'),
(1678, 57, 1003, '14:00:00', 'Sucio', 1, NULL, '2013-10-30 01:44:43'),
(1679, 57, 1004, '14:00:00', 'Completo', 0.8, NULL, '2014-01-30 19:27:50'),
(1680, 57, 1005, '14:00:00', 'Completo', 0, NULL, '2014-01-30 19:27:50'),
(1706, 58, 1000, '14:00:00', 'Sucio', 2, NULL, '2013-10-30 01:44:43'),
(1707, 58, 1001, '14:00:00', 'Sucio', 1, NULL, '2013-10-30 01:44:43'),
(1708, 58, 1002, '14:00:00', 'Sucio', 0.275, NULL, '2013-10-30 01:44:43'),
(1709, 58, 1003, '14:00:00', 'Sucio', 1, NULL, '2013-10-30 01:44:43'),
(1710, 58, 1004, '14:00:00', 'Completo', 0.8, NULL, '2014-01-30 19:27:50'),
(1711, 58, 1005, '14:00:00', 'Completo', 0, NULL, '2014-01-30 19:27:50'),
(1737, 59, 1000, '14:00:00', 'Sucio', 2, NULL, '2013-10-30 01:44:43'),
(1738, 59, 1001, '14:00:00', 'Sucio', 1, NULL, '2013-10-30 01:44:43'),
(1739, 59, 1002, '14:00:00', 'Sucio', 0.275, NULL, '2013-10-30 01:44:43'),
(1740, 59, 1003, '14:00:00', 'Sucio', 1, NULL, '2013-10-30 01:44:43'),
(1741, 59, 1004, '14:00:00', 'Completo', 0.8, NULL, '2014-01-30 19:27:50'),
(1742, 59, 1005, '14:00:00', 'Completo', 0, NULL, '2014-01-30 19:27:50'),
(1768, 60, 1000, '14:00:00', 'Sucio', 2, NULL, '2013-10-30 01:44:43'),
(1769, 60, 1001, '14:00:00', 'Sucio', 1, NULL, '2013-10-30 01:44:43'),
(1770, 60, 1002, '14:00:00', 'Sucio', 0.275, NULL, '2013-10-30 01:44:43'),
(1771, 60, 1003, '14:00:00', 'Sucio', 1, NULL, '2013-10-30 01:44:43'),
(1772, 60, 1004, '14:00:00', 'Completo', 0.8, NULL, '2014-01-30 19:27:50'),
(1773, 60, 1005, '14:00:00', 'Completo', 0, NULL, '2014-01-30 19:27:50'),
(1799, 61, 1000, '14:00:00', 'Sucio', 2, NULL, '2013-10-30 01:44:43'),
(1800, 61, 1001, '14:00:00', 'Sucio', 1, NULL, '2013-10-30 01:44:43'),
(1801, 61, 1002, '14:00:00', 'Sucio', 0.275, NULL, '2013-10-30 01:44:43'),
(1802, 61, 1003, '14:00:00', 'Sucio', 1, NULL, '2013-10-30 01:44:43'),
(1803, 61, 1004, '14:00:00', 'Completo', 0, NULL, '2014-01-30 19:27:50'),
(1804, 61, 1005, '14:00:00', 'Completo', 0, NULL, '2014-01-30 19:27:50'),
(1830, 62, 1000, '14:00:00', 'Sucio', 2, NULL, '2013-10-30 01:44:43'),
(1831, 62, 1001, '14:00:00', 'Sucio', 1, NULL, '2013-10-30 01:44:43'),
(1832, 62, 1002, '14:00:00', 'Sucio', 0.275, NULL, '2013-10-30 01:44:43'),
(1833, 62, 1003, '14:00:00', 'Sucio', 1, NULL, '2013-10-30 01:44:43'),
(1834, 62, 1004, '14:00:00', 'Completo', 0, NULL, '2014-01-30 19:27:50'),
(1835, 62, 1005, '14:00:00', 'Completo', 0, NULL, '2014-01-30 19:27:50'),
(1861, 63, 1000, '14:00:00', 'Sucio', 2, NULL, '2013-10-30 01:44:43'),
(1862, 63, 1001, '14:00:00', 'Sucio', 1, NULL, '2013-10-30 01:44:43'),
(1863, 63, 1002, '14:00:00', 'Sucio', 0.275, NULL, '2013-10-30 01:44:43'),
(1864, 63, 1003, '14:00:00', 'Sucio', 1, NULL, '2013-10-30 01:44:43'),
(1865, 63, 1004, '14:00:00', 'Completo', 0, NULL, '2014-01-30 19:27:50'),
(1866, 63, 1005, '14:00:00', 'Completo', 0, NULL, '2014-01-30 19:27:50'),
(1892, 64, 1000, '14:00:00', 'Sucio', 2, NULL, '2013-10-30 01:44:43'),
(1893, 64, 1001, '14:00:00', 'Sucio', 1, NULL, '2013-10-30 01:44:43'),
(1894, 64, 1002, '14:00:00', 'Sucio', 0.275, NULL, '2013-10-30 01:44:43'),
(1895, 64, 1003, '14:00:00', 'Sucio', 1, NULL, '2013-10-30 01:44:43'),
(1896, 64, 1004, '14:00:00', 'Completo', 0, NULL, '2014-01-30 19:27:50'),
(1897, 64, 1005, '14:00:00', 'Completo', 0, NULL, '2014-01-30 19:27:50'),
(1923, 65, 1000, '14:00:00', 'Sucio', 2, NULL, '2013-10-30 01:44:43'),
(1924, 65, 1001, '14:00:00', 'Sucio', 1, NULL, '2013-10-30 01:44:43'),
(1925, 65, 1002, '14:00:00', 'Sucio', 0.275, NULL, '2013-10-30 01:44:43'),
(1926, 65, 1003, '14:00:00', 'Sucio', 1, NULL, '2013-10-30 01:44:43'),
(1927, 65, 1004, '14:00:00', 'Completo', 0.8, NULL, '2014-01-30 19:27:50'),
(1928, 65, 1005, '14:00:00', 'Completo', 0.17, NULL, '2014-01-30 19:27:50'),
(1954, 66, 1000, '14:00:00', 'Sucio', 2, NULL, '2013-10-30 01:44:43'),
(1955, 66, 1001, '14:00:00', 'Sucio', 1, NULL, '2013-10-30 01:44:43'),
(1956, 66, 1002, '14:00:00', 'Sucio', 0.275, NULL, '2013-10-30 01:44:43'),
(1957, 66, 1003, '14:00:00', 'Sucio', 1, NULL, '2013-10-30 01:44:43'),
(1958, 66, 1004, '14:00:00', 'Completo', 0, NULL, '2014-01-30 19:27:50'),
(1959, 66, 1005, '14:00:00', 'Completo', 0, NULL, '2014-01-30 19:27:50'),
(1985, 67, 1000, '14:00:00', 'Sucio', 0, NULL, '2013-11-05 21:09:10'),
(1986, 67, 1001, '14:00:00', 'Sucio', 0, NULL, '2013-11-05 21:09:10'),
(1987, 67, 1002, '14:00:00', 'Sucio', 0, NULL, '2013-11-05 21:09:10'),
(1988, 67, 1003, '14:00:00', 'Sucio', 0, NULL, '2013-11-05 21:09:10'),
(1989, 67, 1004, '14:00:00', 'Completo', 0.8, NULL, '2014-01-30 19:27:50'),
(1990, 67, 1005, '14:00:00', 'Completo', 0, NULL, '2014-01-30 19:27:50'),
(2016, 68, 1000, '14:00:00', 'Sucio', 2, NULL, '2013-10-30 01:44:43'),
(2017, 68, 1001, '14:00:00', 'Sucio', 1, NULL, '2013-10-30 01:44:43'),
(2018, 68, 1002, '14:00:00', 'Sucio', 0.275, NULL, '2013-10-30 01:44:43'),
(2019, 68, 1003, '14:00:00', 'Sucio', 1, NULL, '2013-10-30 01:44:43'),
(2020, 68, 1004, '14:00:00', 'Completo', 0.8, NULL, '2014-01-30 19:27:50'),
(2021, 68, 1005, '14:00:00', 'Completo', 0, NULL, '2014-01-30 19:27:50'),
(2047, 69, 1000, '14:00:00', 'Sucio', 2, NULL, '2013-10-30 01:44:43'),
(2048, 69, 1001, '14:00:00', 'Sucio', 1, NULL, '2013-10-30 01:44:43'),
(2049, 69, 1002, '14:00:00', 'Sucio', 0.275, NULL, '2013-10-30 01:44:43'),
(2050, 69, 1003, '14:00:00', 'Sucio', 1, NULL, '2013-10-30 01:44:43'),
(2051, 69, 1004, '14:00:00', 'Completo', 0.8, NULL, '2014-01-30 19:27:50'),
(2052, 69, 1005, '14:00:00', 'Completo', 0, NULL, '2014-01-30 19:27:50'),
(2078, 70, 1000, '14:00:00', 'Sucio', 2, NULL, '2013-10-30 01:44:43'),
(2079, 70, 1001, '14:00:00', 'Sucio', 1, NULL, '2013-10-30 01:44:43'),
(2080, 70, 1002, '14:00:00', 'Sucio', 0.275, NULL, '2013-10-30 01:44:43'),
(2081, 70, 1003, '14:00:00', 'Sucio', 1, NULL, '2013-10-30 01:44:43'),
(2082, 70, 1004, '14:00:00', 'Completo', 0, NULL, '2014-01-30 19:27:50'),
(2083, 70, 1005, '14:00:00', 'Completo', 0, NULL, '2014-01-30 19:27:50'),
(2109, 71, 1000, '14:00:00', 'Sucio', 2, NULL, '2013-10-30 01:44:43'),
(2110, 71, 1001, '14:00:00', 'Sucio', 1, NULL, '2013-10-30 01:44:43'),
(2111, 71, 1002, '14:00:00', 'Sucio', 0.275, NULL, '2013-10-30 01:44:43'),
(2112, 71, 1003, '14:00:00', 'Sucio', 1, NULL, '2013-10-30 01:44:43'),
(2113, 71, 1004, '14:00:00', 'Completo', 0, NULL, '2014-01-30 19:27:50'),
(2114, 71, 1005, '14:00:00', 'Completo', 0, NULL, '2014-01-30 19:27:50'),
(2140, 72, 1000, '14:00:00', 'Sucio', 2, NULL, '2013-10-30 01:44:43'),
(2141, 72, 1001, '14:00:00', 'Sucio', 1, NULL, '2013-10-30 01:44:43'),
(2142, 72, 1002, '14:00:00', 'Sucio', 0.275, NULL, '2013-10-30 01:44:43'),
(2143, 72, 1003, '14:00:00', 'Sucio', 1, NULL, '2013-10-30 01:44:43'),
(2144, 72, 1004, '14:00:00', 'Completo', 0, NULL, '2014-01-30 19:27:50'),
(2145, 72, 1005, '14:00:00', 'Completo', 0, NULL, '2014-01-30 19:27:50'),
(2171, 73, 1000, '14:00:00', 'Sucio', 2, NULL, '2013-10-30 01:44:43'),
(2172, 73, 1001, '14:00:00', 'Sucio', 1, NULL, '2013-10-30 01:44:43'),
(2173, 73, 1002, '14:00:00', 'Sucio', 0.275, NULL, '2013-10-30 01:44:43'),
(2174, 73, 1003, '14:00:00', 'Sucio', 1, NULL, '2013-10-30 01:44:43'),
(2175, 73, 1004, '14:00:00', 'Completo', 0.8, NULL, '2014-01-30 19:27:50'),
(2176, 73, 1005, '14:00:00', 'Completo', 0, NULL, '2014-01-30 19:27:50'),
(2202, 74, 1000, '14:00:00', 'Sucio', 2, NULL, '2013-10-30 01:44:43'),
(2203, 74, 1001, '14:00:00', 'Sucio', 1, NULL, '2013-10-30 01:44:43'),
(2204, 74, 1002, '14:00:00', 'Sucio', 0.275, NULL, '2013-10-30 01:44:43'),
(2205, 74, 1003, '14:00:00', 'Sucio', 1, NULL, '2013-10-30 01:44:43'),
(2206, 74, 1004, '14:00:00', 'Completo', 0, NULL, '2014-01-30 19:27:50'),
(2207, 74, 1005, '14:00:00', 'Completo', 0, NULL, '2014-01-30 19:27:50'),
(2233, 75, 1000, '14:00:00', 'Sucio', 2, NULL, '2013-10-30 01:44:43'),
(2234, 75, 1001, '14:00:00', 'Sucio', 1, NULL, '2013-10-30 01:44:43'),
(2235, 75, 1002, '14:00:00', 'Sucio', 0.275, NULL, '2013-10-30 01:44:43'),
(2236, 75, 1003, '14:00:00', 'Sucio', 1, NULL, '2013-10-30 01:44:43'),
(2237, 75, 1004, '14:00:00', 'Completo', 0, NULL, '2014-01-30 19:27:50'),
(2238, 75, 1005, '14:00:00', 'Completo', 0, NULL, '2014-01-30 19:27:50'),
(2264, 76, 1000, '14:00:00', 'Sucio', 2, NULL, '2013-10-30 01:44:43'),
(2265, 76, 1001, '14:00:00', 'Sucio', 1, NULL, '2013-10-30 01:44:43'),
(2266, 76, 1002, '14:00:00', 'Sucio', 0.275, NULL, '2013-10-30 01:44:43'),
(2267, 76, 1003, '14:00:00', 'Sucio', 1, NULL, '2013-10-30 01:44:43'),
(2268, 76, 1004, '14:00:00', 'Completo', 0.8, NULL, '2014-01-30 19:27:50'),
(2269, 76, 1005, '14:00:00', 'Completo', 0, NULL, '2014-01-30 19:27:50'),
(2295, 77, 1000, '14:00:00', 'Sucio', 2, NULL, '2013-10-30 01:44:43'),
(2296, 77, 1001, '14:00:00', 'Sucio', 1, NULL, '2013-10-30 01:44:43'),
(2297, 77, 1002, '14:00:00', 'Sucio', 0.275, NULL, '2013-10-30 01:44:43'),
(2298, 77, 1003, '14:00:00', 'Sucio', 1, NULL, '2013-10-30 01:44:43'),
(2299, 77, 1004, '14:00:00', 'Completo', 0, NULL, '2014-01-30 19:27:50'),
(2300, 77, 1005, '14:00:00', 'Completo', 0, NULL, '2014-01-30 19:27:50'),
(2326, 78, 1000, '14:00:00', 'Sucio', 2, NULL, '2013-10-30 01:44:43'),
(2327, 78, 1001, '14:00:00', 'Sucio', 1, NULL, '2013-10-30 01:44:43'),
(2328, 78, 1002, '14:00:00', 'Sucio', 0.275, NULL, '2013-10-30 01:44:43'),
(2329, 78, 1003, '14:00:00', 'Sucio', 1, NULL, '2013-10-30 01:44:43'),
(2330, 78, 1004, '14:00:00', 'Completo', 0, NULL, '2014-01-30 19:27:50'),
(2331, 78, 1005, '14:00:00', 'Completo', 0, NULL, '2014-01-30 19:27:50'),
(2357, 79, 1000, '14:00:00', 'Sucio', 2, NULL, '2013-10-30 01:44:43'),
(2358, 79, 1001, '14:00:00', 'Sucio', 1, NULL, '2013-10-30 01:44:43'),
(2359, 79, 1002, '14:00:00', 'Sucio', 0.275, NULL, '2013-10-30 01:44:43'),
(2360, 79, 1003, '14:00:00', 'Sucio', 1, NULL, '2013-10-30 01:44:43'),
(2361, 79, 1004, '14:00:00', 'Completo', 0.8, NULL, '2014-01-30 19:27:50'),
(2362, 79, 1005, '14:00:00', 'Completo', 0, NULL, '2014-01-30 19:27:50'),
(2388, 80, 1000, '14:00:00', 'Sucio', 2, NULL, '2013-10-30 01:44:43'),
(2389, 80, 1001, '14:00:00', 'Sucio', 1, NULL, '2013-10-30 01:44:43'),
(2390, 80, 1002, '14:00:00', 'Sucio', 0.275, NULL, '2013-10-30 01:44:43'),
(2391, 80, 1003, '14:00:00', 'Sucio', 1, NULL, '2013-10-30 01:44:43'),
(2392, 80, 1004, '14:00:00', 'Completo', 0.8, NULL, '2014-01-30 19:27:50'),
(2393, 80, 1005, '14:00:00', 'Completo', 0, NULL, '2014-01-30 19:27:50'),
(2419, 81, 1000, '14:00:00', 'Sucio', 2, NULL, '2013-10-30 01:44:43'),
(2420, 81, 1001, '14:00:00', 'Sucio', 1, NULL, '2013-10-30 01:44:43'),
(2421, 81, 1002, '14:00:00', 'Sucio', 0.275, NULL, '2013-10-30 01:44:43'),
(2422, 81, 1003, '14:00:00', 'Sucio', 1, NULL, '2013-10-30 01:44:43'),
(2423, 81, 1004, '14:00:00', 'Completo', 0, NULL, '2014-01-30 19:27:50'),
(2424, 81, 1005, '14:00:00', 'Completo', 0, NULL, '2014-01-30 19:27:50'),
(2450, 82, 1000, '14:00:00', 'Sucio', 2, NULL, '2013-10-30 01:44:43'),
(2451, 82, 1001, '14:00:00', 'Sucio', 1, NULL, '2013-10-30 01:44:43'),
(2452, 82, 1002, '14:00:00', 'Sucio', 0.275, NULL, '2013-10-30 01:44:43'),
(2453, 82, 1003, '14:00:00', 'Sucio', 1, NULL, '2013-10-30 01:44:43'),
(2454, 82, 1004, '14:00:00', 'Completo', 0, NULL, '2014-01-30 19:27:50'),
(2455, 82, 1005, '14:00:00', 'Completo', 0, NULL, '2014-01-30 19:27:50'),
(2481, 83, 1000, '14:00:00', 'Sucio', 2, NULL, '2013-10-30 01:44:43'),
(2482, 83, 1001, '14:00:00', 'Sucio', 1, NULL, '2013-10-30 01:44:43'),
(2483, 83, 1002, '14:00:00', 'Sucio', 0.275, NULL, '2013-10-30 01:44:43'),
(2484, 83, 1003, '14:00:00', 'Sucio', 1, NULL, '2013-10-30 01:44:43'),
(2485, 83, 1004, '14:00:00', 'Completo', 0, NULL, '2014-01-30 19:27:50'),
(2486, 83, 1005, '14:00:00', 'Completo', 0, NULL, '2014-01-30 19:27:50'),
(2512, 84, 1000, '14:00:00', 'Sucio', 2, NULL, '2013-10-30 01:44:43'),
(2513, 84, 1001, '14:00:00', 'Sucio', 1, NULL, '2013-10-30 01:44:43'),
(2514, 84, 1002, '14:00:00', 'Sucio', 0.275, NULL, '2013-10-30 01:44:43'),
(2515, 84, 1003, '14:00:00', 'Sucio', 1, NULL, '2013-10-30 01:44:43'),
(2516, 84, 1004, '14:00:00', 'Completo', 0, NULL, '2014-01-30 19:27:50'),
(2517, 84, 1005, '14:00:00', 'Completo', 0, NULL, '2014-01-30 19:27:50'),
(2543, 85, 1000, '14:00:00', 'Sucio', 2, NULL, '2013-10-30 01:44:43'),
(2544, 85, 1001, '14:00:00', 'Sucio', 1, NULL, '2013-10-30 01:44:43'),
(2545, 85, 1002, '14:00:00', 'Sucio', 0.275, NULL, '2013-10-30 01:44:43'),
(2546, 85, 1003, '14:00:00', 'Sucio', 1, NULL, '2013-10-30 01:44:43'),
(2547, 85, 1004, '14:00:00', 'Completo', 0.8, NULL, '2014-01-30 19:27:50'),
(2548, 85, 1005, '14:00:00', 'Completo', 0, NULL, '2014-01-30 19:27:50'),
(2574, 86, 1000, '14:00:00', 'Sucio', 2, NULL, '2013-10-30 01:44:43'),
(2575, 86, 1001, '14:00:00', 'Sucio', 1, NULL, '2013-10-30 01:44:43'),
(2576, 86, 1002, '14:00:00', 'Sucio', 0.275, NULL, '2013-10-30 01:44:43'),
(2577, 86, 1003, '14:00:00', 'Sucio', 1, NULL, '2013-10-30 01:44:43'),
(2578, 86, 1004, '14:00:00', 'Completo', 0, NULL, '2014-01-30 19:27:50'),
(2579, 86, 1005, '14:00:00', 'Completo', 0, NULL, '2014-01-30 19:27:50'),
(2605, 87, 1000, '14:00:00', 'Sucio', 2, NULL, '2013-10-30 01:44:43'),
(2606, 87, 1001, '14:00:00', 'Sucio', 1, NULL, '2013-10-30 01:44:43'),
(2607, 87, 1002, '14:00:00', 'Sucio', 0.275, NULL, '2013-10-30 01:44:43'),
(2608, 87, 1003, '14:00:00', 'Sucio', 1, NULL, '2013-10-30 01:44:43'),
(2609, 87, 1004, '14:00:00', 'Completo', 0, NULL, '2014-01-30 19:27:50'),
(2610, 87, 1005, '14:00:00', 'Completo', 0, NULL, '2014-01-30 19:27:50'),
(2636, 88, 1000, '14:00:00', 'Sucio', 2, NULL, '2013-10-30 01:44:43'),
(2637, 88, 1001, '14:00:00', 'Sucio', 1, NULL, '2013-10-30 01:44:43'),
(2638, 88, 1002, '14:00:00', 'Sucio', 0.275, NULL, '2013-10-30 01:44:43'),
(2639, 88, 1003, '14:00:00', 'Sucio', 1, NULL, '2013-10-30 01:44:43'),
(2640, 88, 1004, '14:00:00', 'Completo', 0, NULL, '2014-01-30 19:27:50'),
(2641, 88, 1005, '14:00:00', 'Completo', 0, NULL, '2014-01-30 19:27:50'),
(2667, 89, 1000, '14:00:00', 'Sucio', 2, NULL, '2013-10-30 01:44:43'),
(2668, 89, 1001, '14:00:00', 'Sucio', 1, NULL, '2013-10-30 01:44:43'),
(2669, 89, 1002, '14:00:00', 'Sucio', 0.275, NULL, '2013-10-30 01:44:43'),
(2670, 89, 1003, '14:00:00', 'Sucio', 1, NULL, '2013-10-30 01:44:43'),
(2671, 89, 1004, '14:00:00', 'Completo', 0.8, NULL, '2014-01-30 19:27:50'),
(2672, 89, 1005, '14:00:00', 'Completo', 0, NULL, '2014-01-30 19:27:50'),
(2698, 90, 1000, '14:00:00', 'Sucio', 2, NULL, '2013-10-30 01:44:43'),
(2699, 90, 1001, '14:00:00', 'Sucio', 1, NULL, '2013-10-30 01:44:43'),
(2700, 90, 1002, '14:00:00', 'Sucio', 0.275, NULL, '2013-10-30 01:44:43'),
(2701, 90, 1003, '14:00:00', 'Sucio', 1, NULL, '2013-10-30 01:44:43'),
(2702, 90, 1004, '14:00:00', 'Completo', 0, NULL, '2014-01-30 19:27:50'),
(2703, 90, 1005, '14:00:00', 'Completo', 0, NULL, '2014-01-30 19:27:50'),
(2729, 91, 1000, '14:00:00', 'Sucio', 2, NULL, '2013-10-30 01:44:43'),
(2730, 91, 1001, '14:00:00', 'Sucio', 1, NULL, '2013-10-30 01:44:43'),
(2731, 91, 1002, '14:00:00', 'Sucio', 0.275, NULL, '2013-10-30 01:44:43'),
(2732, 91, 1003, '14:00:00', 'Sucio', 1, NULL, '2013-10-30 01:44:43'),
(2733, 91, 1004, '14:00:00', 'Completo', 0, NULL, '2014-01-30 19:27:50'),
(2734, 91, 1005, '14:00:00', 'Completo', 0, NULL, '2014-01-30 19:27:50'),
(2760, 92, 1000, '14:00:00', 'Sucio', 2, NULL, '2013-10-30 01:44:43'),
(2761, 92, 1001, '14:00:00', 'Sucio', 1, NULL, '2013-10-30 01:44:43'),
(2762, 92, 1002, '14:00:00', 'Sucio', 0.275, NULL, '2013-10-30 01:44:43'),
(2763, 92, 1003, '14:00:00', 'Sucio', 1, NULL, '2013-10-30 01:44:43'),
(2764, 92, 1004, '14:00:00', 'Completo', 0.8, NULL, '2014-01-30 19:27:50'),
(2765, 92, 1005, '14:00:00', 'Completo', 0, NULL, '2014-01-30 19:27:50'),
(2791, 93, 1000, '14:00:00', 'Sucio', 2, NULL, '2013-10-30 01:44:43'),
(2792, 93, 1001, '14:00:00', 'Sucio', 1, NULL, '2013-10-30 01:44:43'),
(2793, 93, 1002, '14:00:00', 'Sucio', 0.275, NULL, '2013-10-30 01:44:43'),
(2794, 93, 1003, '14:00:00', 'Sucio', 1, NULL, '2013-10-30 01:44:43'),
(2795, 93, 1004, '14:00:00', 'Completo', 0, NULL, '2014-01-30 19:27:50'),
(2796, 93, 1005, '14:00:00', 'Completo', 0, NULL, '2014-01-30 19:27:50'),
(2822, 94, 1000, '14:00:00', 'Sucio', 2, NULL, '2013-10-30 01:44:43'),
(2823, 94, 1001, '14:00:00', 'Sucio', 1, NULL, '2013-10-30 01:44:43'),
(2824, 94, 1002, '14:00:00', 'Sucio', 0.275, NULL, '2013-10-30 01:44:43'),
(2825, 94, 1003, '14:00:00', 'Sucio', 1, NULL, '2013-10-30 01:44:43'),
(2826, 94, 1004, '14:00:00', 'Completo', 0, NULL, '2014-01-30 19:27:50'),
(2827, 94, 1005, '14:00:00', 'Completo', 0, NULL, '2014-01-30 19:27:50'),
(2853, 95, 1000, '14:00:00', 'Sucio', 2, NULL, '2013-10-30 01:44:43'),
(2854, 95, 1001, '14:00:00', 'Sucio', 1, NULL, '2013-10-30 01:44:43'),
(2855, 95, 1002, '14:00:00', 'Sucio', 0.275, NULL, '2013-10-30 01:44:43'),
(2856, 95, 1003, '14:00:00', 'Sucio', 1, NULL, '2013-10-30 01:44:43'),
(2857, 95, 1004, '14:00:00', 'Completo', 0, NULL, '2014-01-30 19:27:50'),
(2858, 95, 1005, '14:00:00', 'Completo', 0, NULL, '2014-01-30 19:27:50'),
(2884, 96, 1000, '14:00:00', 'Sucio', 2, NULL, '2013-10-30 01:44:43'),
(2885, 96, 1001, '14:00:00', 'Sucio', 1, NULL, '2013-10-30 01:44:43'),
(2886, 96, 1002, '14:00:00', 'Sucio', 0.275, NULL, '2013-10-30 01:44:43'),
(2887, 96, 1003, '14:00:00', 'Sucio', 1, NULL, '2013-10-30 01:44:43'),
(2888, 96, 1004, '14:00:00', 'Completo', 0, NULL, '2014-01-30 19:27:50'),
(2889, 96, 1005, '14:00:00', 'Completo', 0, NULL, '2014-01-30 19:27:50'),
(2915, 97, 1000, '14:00:00', 'Sucio', 2, NULL, '2013-10-30 01:44:43'),
(2916, 97, 1001, '14:00:00', 'Sucio', 1, NULL, '2013-10-30 01:44:43'),
(2917, 97, 1002, '14:00:00', 'Sucio', 0.275, NULL, '2013-10-30 01:44:43'),
(2918, 97, 1003, '14:00:00', 'Sucio', 1, NULL, '2013-10-30 01:44:43'),
(2919, 97, 1004, '14:00:00', 'Completo', 0, NULL, '2014-01-30 19:27:50'),
(2920, 97, 1005, '14:00:00', 'Completo', 0, NULL, '2014-01-30 19:27:50'),
(2946, 98, 1000, '14:00:00', 'Sucio', 0, NULL, '2014-01-30 19:27:20'),
(2947, 98, 1001, '14:00:00', 'Sucio', 0, NULL, '2014-01-30 19:27:20'),
(2948, 98, 1002, '14:00:00', 'Sucio', 0, NULL, '2014-01-30 19:27:20'),
(2949, 98, 1003, '14:00:00', 'Sucio', 0, NULL, '2014-01-30 19:27:20'),
(2950, 98, 1004, '14:00:00', 'Completo', 0, NULL, '2014-01-30 19:27:50'),
(2951, 98, 1005, '14:00:00', 'Completo', 0, NULL, '2014-01-30 19:27:50'),
(2977, 99, 1000, '14:00:00', 'Sucio', 2, NULL, '2013-10-30 01:44:43'),
(2978, 99, 1001, '14:00:00', 'Sucio', 1, NULL, '2013-10-30 01:44:43'),
(2979, 99, 1002, '14:00:00', 'Sucio', 0.275, NULL, '2013-10-30 01:44:43'),
(2980, 99, 1003, '14:00:00', 'Sucio', 1, NULL, '2013-10-30 01:44:43'),
(2981, 99, 1004, '14:00:00', 'Completo', 0.8, NULL, '2014-01-30 19:27:50'),
(2982, 99, 1005, '14:00:00', 'Completo', 0, NULL, '2014-01-30 19:27:50'),
(3008, 100, 1000, '14:00:00', 'Sucio', 2, NULL, '2013-10-30 01:44:43'),
(3009, 100, 1001, '14:00:00', 'Sucio', 1, NULL, '2013-10-30 01:44:43'),
(3010, 100, 1002, '14:00:00', 'Sucio', 0.275, NULL, '2013-10-30 01:44:43'),
(3011, 100, 1003, '14:00:00', 'Sucio', 1, NULL, '2013-10-30 01:44:43'),
(3012, 100, 1004, '14:00:00', 'Completo', 0.8, NULL, '2014-01-30 19:27:50'),
(3013, 100, 1005, '14:00:00', 'Completo', 0, NULL, '2014-01-30 19:27:50'),
(3039, 101, 1000, '14:00:00', 'Sucio', 2, NULL, '2013-10-30 01:44:43'),
(3040, 101, 1001, '14:00:00', 'Sucio', 1, NULL, '2013-10-30 01:44:43'),
(3041, 101, 1002, '14:00:00', 'Sucio', 0.275, NULL, '2013-10-30 01:44:43'),
(3042, 101, 1003, '14:00:00', 'Sucio', 1, NULL, '2013-10-30 01:44:43'),
(3043, 101, 1004, '14:00:00', 'Completo', 0.8, NULL, '2014-01-30 19:27:50'),
(3044, 101, 1005, '14:00:00', 'Completo', 0, NULL, '2014-01-30 19:27:50'),
(3070, 102, 1000, '00:00:00', 'Sucio', 2, NULL, '2013-10-30 06:44:43'),
(3071, 102, 1001, '00:00:00', 'Sucio', 1, NULL, '2013-10-30 06:44:43'),
(3072, 102, 1002, '00:00:00', 'Sucio', 0.275, NULL, '2013-10-30 06:44:43'),
(3073, 102, 1003, '00:00:00', 'Sucio', 1, NULL, '2013-10-30 06:44:43'),
(3074, 102, 1004, '00:00:00', 'Completo', 0, NULL, '2014-01-30 19:27:50'),
(3075, 102, 1005, '00:00:00', 'Completo', 0, NULL, '2014-01-30 19:27:50'),
(3101, 103, 1000, '00:00:00', 'Sucio', 2, NULL, '2013-10-30 06:44:43'),
(3102, 103, 1001, '00:00:00', 'Sucio', 1, NULL, '2013-10-30 06:44:43'),
(3103, 103, 1002, '00:00:00', 'Sucio', 0.275, NULL, '2013-10-30 06:44:43'),
(3104, 103, 1003, '00:00:00', 'Sucio', 1, NULL, '2013-10-30 06:44:43'),
(3105, 103, 1004, '00:00:00', 'Completo', 0.8, NULL, '2014-01-30 19:27:50'),
(3106, 103, 1005, '00:00:00', 'Completo', 0, NULL, '2014-01-30 19:27:50'),
(3318, 104, 1000, '00:00:00', 'Sucio', 2, NULL, '2013-10-30 06:44:43'),
(3319, 104, 1001, '00:00:00', 'Sucio', 1, NULL, '2013-10-30 06:44:43'),
(3320, 104, 1002, '00:00:00', 'Sucio', 0.275, NULL, '2013-10-30 06:44:43'),
(3321, 104, 1003, '00:00:00', 'Sucio', 1, NULL, '2013-10-30 06:44:43'),
(3322, 104, 1004, '00:00:00', 'Completo', 0.8, NULL, '2014-01-30 19:27:50'),
(3323, 104, 1005, '00:00:00', 'Completo', 0, NULL, '2014-01-30 19:27:50'),
(3163, 105, 1000, '00:00:00', 'Sucio', 2, NULL, '2013-10-30 06:44:43'),
(3164, 105, 1001, '00:00:00', 'Sucio', 1, NULL, '2013-10-30 06:44:43'),
(3165, 105, 1002, '00:00:00', 'Sucio', 0.275, NULL, '2013-10-30 06:44:43'),
(3166, 105, 1003, '00:00:00', 'Sucio', 1, NULL, '2013-10-30 06:44:43'),
(3167, 105, 1004, '00:00:00', 'Completo', 0.8, NULL, '2014-01-30 19:27:50'),
(3168, 105, 1005, '00:00:00', 'Completo', 0, NULL, '2014-01-30 19:27:50'),
(3194, 106, 1000, '00:00:00', 'Sucio', 2, NULL, '2013-10-30 06:44:43'),
(3195, 106, 1001, '00:00:00', 'Sucio', 1, NULL, '2013-10-30 06:44:43'),
(3196, 106, 1002, '00:00:00', 'Sucio', 0.275, NULL, '2013-10-30 06:44:43'),
(3197, 106, 1003, '00:00:00', 'Sucio', 1, NULL, '2013-10-30 06:44:43'),
(3198, 106, 1004, '00:00:00', 'Completo', 0, NULL, '2014-01-30 19:27:50'),
(3199, 106, 1005, '00:00:00', 'Completo', 0, NULL, '2014-01-30 19:27:50'),
(3225, 107, 1000, '00:00:00', 'Sucio', 2, NULL, '2013-10-30 06:44:43'),
(3226, 107, 1001, '00:00:00', 'Sucio', 1, NULL, '2013-10-30 06:44:43'),
(3227, 107, 1002, '00:00:00', 'Sucio', 0.275, NULL, '2013-10-30 06:44:43'),
(3228, 107, 1003, '00:00:00', 'Sucio', 1, NULL, '2013-10-30 06:44:43'),
(3229, 107, 1004, '00:00:00', 'Completo', 0, NULL, '2014-01-30 19:27:50'),
(3230, 107, 1005, '00:00:00', 'Completo', 0, NULL, '2014-01-30 19:27:50'),
(3256, 108, 1000, '00:00:00', 'Sucio', 2, NULL, '2013-10-30 06:44:43'),
(3257, 108, 1001, '00:00:00', 'Sucio', 1, NULL, '2013-10-30 06:44:43'),
(3258, 108, 1002, '00:00:00', 'Sucio', 0.275, NULL, '2013-10-30 06:44:43'),
(3259, 108, 1003, '00:00:00', 'Sucio', 1, NULL, '2013-10-30 06:44:43'),
(3260, 108, 1004, '00:00:00', 'Completo', 0.8, NULL, '2014-01-30 19:27:50'),
(3261, 108, 1005, '00:00:00', 'Completo', 0, NULL, '2014-01-30 19:27:50'),
(3287, 109, 1000, '00:00:00', 'Sucio', 2, NULL, '2013-10-30 06:44:43'),
(3288, 109, 1001, '00:00:00', 'Sucio', 1, NULL, '2013-10-30 06:44:43'),
(3289, 109, 1002, '00:00:00', 'Sucio', 0.275, NULL, '2013-10-30 06:44:43'),
(3290, 109, 1003, '00:00:00', 'Sucio', 1, NULL, '2013-10-30 06:44:43'),
(3291, 109, 1004, '00:00:00', 'Completo', 0.8, NULL, '2014-01-30 19:27:50'),
(3292, 109, 1005, '00:00:00', 'Completo', 0, NULL, '2014-01-30 19:27:50'),
(3349, 110, 1000, '00:00:00', 'Sucio', 2, NULL, '2013-10-30 06:44:43'),
(3350, 110, 1001, '00:00:00', 'Sucio', 1, NULL, '2013-10-30 06:44:43'),
(3351, 110, 1002, '00:00:00', 'Sucio', 0.275, NULL, '2013-10-30 06:44:43'),
(3352, 110, 1003, '00:00:00', 'Sucio', 1, NULL, '2013-10-30 06:44:43'),
(3353, 110, 1004, '00:00:00', 'Completo', 0, NULL, '2014-01-30 19:27:50'),
(3354, 110, 1005, '00:00:00', 'Completo', 0, NULL, '2014-01-30 19:27:50'),
(3380, 111, 1000, '00:00:00', 'Sucio', 2, NULL, '2013-10-30 06:44:43'),
(3381, 111, 1001, '00:00:00', 'Sucio', 1, NULL, '2013-10-30 06:44:43'),
(3382, 111, 1002, '00:00:00', 'Sucio', 0.275, NULL, '2013-10-30 06:44:43'),
(3383, 111, 1003, '00:00:00', 'Sucio', 1, NULL, '2013-10-30 06:44:43'),
(3384, 111, 1004, '00:00:00', 'Completo', 0, NULL, '2014-01-30 19:27:50'),
(3385, 111, 1005, '00:00:00', 'Completo', 0, NULL, '2014-01-30 19:27:50'),
(3411, 112, 1000, '00:00:00', 'Sucio', 2, NULL, '2013-10-30 06:44:43'),
(3412, 112, 1001, '00:00:00', 'Sucio', 1, NULL, '2013-10-30 06:44:43'),
(3413, 112, 1002, '00:00:00', 'Sucio', 0.275, NULL, '2013-10-30 06:44:43'),
(3414, 112, 1003, '00:00:00', 'Sucio', 1, NULL, '2013-10-30 06:44:43'),
(3415, 112, 1004, '00:00:00', 'Completo', 0, NULL, '2014-01-30 19:27:50'),
(3416, 112, 1005, '00:00:00', 'Completo', 0, NULL, '2014-01-30 19:27:50'),
(3442, 113, 1000, '00:00:00', 'Sucio', 2, NULL, '2013-10-30 06:44:43'),
(3443, 113, 1001, '00:00:00', 'Sucio', 1, NULL, '2013-10-30 06:44:43'),
(3444, 113, 1002, '00:00:00', 'Sucio', 0.275, NULL, '2013-10-30 06:44:43'),
(3445, 113, 1003, '00:00:00', 'Sucio', 1, NULL, '2013-10-30 06:44:43'),
(3446, 113, 1004, '00:00:00', 'Completo', 0, NULL, '2014-01-30 19:27:50'),
(3447, 113, 1005, '00:00:00', 'Completo', 0, NULL, '2014-01-30 19:27:50'),
(3473, 114, 1000, '00:00:00', 'Sucio', 2, NULL, '2013-10-30 06:44:43'),
(3474, 114, 1001, '00:00:00', 'Sucio', 1, NULL, '2013-10-30 06:44:43'),
(3475, 114, 1002, '00:00:00', 'Sucio', 0.275, NULL, '2013-10-30 06:44:43'),
(3476, 114, 1003, '00:00:00', 'Sucio', 1, NULL, '2013-10-30 06:44:43'),
(3477, 114, 1004, '00:00:00', 'Completo', 0, NULL, '2014-01-30 19:27:50'),
(3478, 114, 1005, '00:00:00', 'Completo', 0, NULL, '2014-01-30 19:27:50'),
(3504, 115, 1000, '00:00:00', 'Sucio', 2, NULL, '2013-10-30 06:44:43'),
(3505, 115, 1001, '00:00:00', 'Sucio', 1, NULL, '2013-10-30 06:44:43'),
(3506, 115, 1002, '00:00:00', 'Sucio', 0.275, NULL, '2013-10-30 06:44:43'),
(3507, 115, 1003, '00:00:00', 'Sucio', 1, NULL, '2013-10-30 06:44:43'),
(3508, 115, 1004, '00:00:00', 'Completo', 0, NULL, '2014-01-30 19:27:50'),
(3509, 115, 1005, '00:00:00', 'Completo', 0, NULL, '2014-01-30 19:27:50'),
(3535, 116, 1000, '00:00:00', 'Sucio', 2, NULL, '2013-10-30 06:44:43'),
(3536, 116, 1001, '00:00:00', 'Sucio', 1, NULL, '2013-10-30 06:44:43'),
(3537, 116, 1002, '00:00:00', 'Sucio', 0.275, NULL, '2013-10-30 06:44:43'),
(3538, 116, 1003, '00:00:00', 'Sucio', 1, NULL, '2013-10-30 06:44:43'),
(3539, 116, 1004, '00:00:00', 'Completo', 0, NULL, '2014-01-30 19:27:50'),
(3540, 116, 1005, '00:00:00', 'Completo', 0, NULL, '2014-01-30 19:27:50'),
(3566, 117, 1000, '00:00:00', 'Sucio', 0.125, NULL, '2014-01-30 19:27:20'),
(3567, 117, 1001, '00:00:00', 'Sucio', 0, NULL, '2014-01-30 19:27:20'),
(3568, 117, 1002, '00:00:00', 'Sucio', 0, NULL, '2014-01-30 19:27:20'),
(3569, 117, 1003, '00:00:00', 'Sucio', 0, NULL, '2014-01-30 19:27:20'),
(3570, 117, 1004, '00:00:00', 'Completo', 0, NULL, '2014-01-30 19:27:50'),
(3571, 117, 1005, '00:00:00', 'Completo', 0, NULL, '2014-01-30 19:27:50'),
(3597, 118, 1000, '00:00:00', 'Sucio', 2, NULL, '2014-01-30 19:25:45'),
(3598, 118, 1001, '00:00:00', 'Sucio', 1, NULL, '2014-01-30 19:25:45'),
(3599, 118, 1002, '00:00:00', 'Sucio', 0.275, NULL, '2014-01-30 19:25:45'),
(3600, 118, 1003, '00:00:00', 'Sucio', 1, NULL, '2014-01-30 19:25:45'),
(3601, 118, 1004, '00:00:00', 'Completo', 0, NULL, '2014-01-30 19:25:45'),
(3602, 118, 1005, '00:00:00', 'Completo', 0, NULL, '2014-01-30 19:25:45'),
(3628, 119, 1000, '00:00:00', 'Sucio', 2, NULL, '2014-01-30 19:29:32'),
(3629, 119, 1001, '00:00:00', 'Sucio', 1, NULL, '2014-01-30 19:29:32'),
(3630, 119, 1002, '00:00:00', 'Sucio', 0.275, NULL, '2014-01-30 19:29:32'),
(3631, 119, 1003, '00:00:00', 'Sucio', 1, NULL, '2014-01-30 19:29:32'),
(3632, 119, 1004, '00:00:00', 'Completo', 0, NULL, '2014-01-30 19:27:50'),
(3633, 119, 1005, '00:00:00', 'Completo', 0, NULL, '2014-01-30 19:27:50'),
(3659, 120, 1000, '00:00:00', 'Sucio', 2, NULL, '2014-01-30 19:30:20'),
(3660, 120, 1001, '00:00:00', 'Sucio', 1, NULL, '2014-01-30 19:30:20'),
(3661, 120, 1002, '00:00:00', 'Sucio', 0.275, NULL, '2014-01-30 19:30:20'),
(3662, 120, 1003, '00:00:00', 'Sucio', 1, NULL, '2014-01-30 19:30:11'),
(3663, 120, 1004, '00:00:00', 'Completo', 0, NULL, '2014-01-30 19:27:50'),
(3664, 120, 1005, '00:00:00', 'Completo', 0, '0.8', '2014-01-30 19:27:50'),
(3690, 121, 1000, '00:00:00', 'Sucio', 2, NULL, '2014-01-30 19:35:05'),
(3691, 121, 1001, '00:00:00', 'Sucio', 1, NULL, '2014-01-30 19:35:05'),
(3692, 121, 1002, '00:00:00', 'Sucio', 0.275, NULL, '2014-01-30 19:35:05'),
(3693, 121, 1003, '00:00:00', 'Sucio', 1, NULL, '2014-01-30 19:35:05'),
(3694, 121, 1004, '00:00:00', 'Completo', 0, NULL, '2014-01-30 19:27:50'),
(3695, 121, 1005, '00:00:00', 'Completo', 0, NULL, '2014-01-30 19:27:50'),
(3721, 122, 1000, '00:00:00', 'Sucio', 2, NULL, '2014-01-30 19:35:05'),
(3722, 122, 1001, '00:00:00', 'Sucio', 1, NULL, '2014-01-30 19:35:05'),
(3723, 122, 1002, '00:00:00', 'Sucio', 0.275, NULL, '2014-01-30 19:35:05'),
(3724, 122, 1003, '00:00:00', 'Sucio', 1, NULL, '2014-01-30 19:35:05'),
(3725, 122, 1004, '00:00:00', 'Completo', 0, NULL, '2014-01-30 19:27:50'),
(3726, 122, 1005, '00:00:00', 'Completo', 0, NULL, '2014-01-30 19:27:50'),
(3752, 128, 1000, '00:00:00', 'Sucio', 2, NULL, '2014-01-30 19:33:36'),
(3753, 128, 1001, '00:00:00', 'Sucio', 1, NULL, '2014-01-30 19:33:36'),
(3754, 128, 1002, '00:00:00', 'Sucio', 0.275, NULL, '2014-01-30 19:33:36'),
(3755, 128, 1003, '00:00:00', 'Sucio', 1, NULL, '2014-01-30 19:33:36'),
(3756, 128, 1004, '00:00:00', 'Completo', 0, NULL, '2014-01-30 19:27:50'),
(3757, 128, 1005, '00:00:00', 'Completo', 0, NULL, '2014-01-30 19:27:50'),
(3789, 130, 1000, '00:20:13', 'Sucio', 2, NULL, '2014-01-30 19:38:04'),
(3790, 130, 1001, '00:20:13', 'Sucio', 1, NULL, '2014-01-30 19:38:04'),
(3791, 130, 1002, '00:20:13', 'Sucio', 0.275, NULL, '2014-01-30 19:38:04');
INSERT INTO `mantenimiento_detalle` (`id_mantenimiento_detalle`, `id_mantenimiento`, `id_inventario`, `fecha`, `estado`, `cantidad`, `notas`, `registro`) VALUES
(3792, 130, 1003, '00:20:13', 'Sucio', 1, NULL, '2014-01-30 19:38:04'),
(3793, 130, 1004, '00:20:13', 'Completo', 0.8, NULL, '2014-01-30 19:38:04'),
(3794, 130, 1005, '00:20:13', 'Completo', 0, NULL, '2014-01-30 19:38:04'),
(3795, 134, 1000, '00:20:13', 'Sucio', 2, NULL, '2014-01-30 19:40:25'),
(3796, 134, 1001, '00:20:13', 'Sucio', 1, NULL, '2014-01-30 19:40:25'),
(3797, 134, 1002, '00:20:13', 'Sucio', 0.275, NULL, '2014-01-30 19:40:25'),
(3798, 134, 1003, '00:20:13', 'Sucio', 1, NULL, '2014-01-30 19:40:25'),
(3799, 134, 1004, '00:20:13', 'Completo', 0.8, NULL, '2014-01-30 19:40:25'),
(3800, 134, 1005, '00:20:13', 'Completo', 0, NULL, '2014-01-30 19:40:25'),
(3801, 135, 1000, '00:20:13', 'Sucio', 2, NULL, '2014-01-30 19:41:32'),
(3802, 135, 1001, '00:20:13', 'Sucio', 1, NULL, '2014-01-30 19:41:32'),
(3803, 135, 1002, '00:20:13', 'Sucio', 0.275, NULL, '2014-01-30 19:41:32'),
(3804, 135, 1003, '00:20:13', 'Sucio', 1, NULL, '2014-01-30 19:41:32'),
(3805, 135, 1004, '00:20:13', 'Completo', 0, NULL, '2014-01-30 19:41:32'),
(3806, 135, 1005, '00:20:13', 'Completo', 0, NULL, '2014-01-30 19:41:32'),
(3807, 136, 1000, '00:20:13', 'Sucio', 2, NULL, '2014-01-30 19:42:08'),
(3808, 136, 1001, '00:20:13', 'Sucio', 1, NULL, '2014-01-30 19:42:08'),
(3809, 136, 1002, '00:20:13', 'Sucio', 0.275, NULL, '2014-01-30 19:42:08'),
(3810, 136, 1003, '00:20:13', 'Sucio', 1, NULL, '2014-01-30 19:42:08'),
(3811, 136, 1004, '00:20:13', 'Completo', 0, NULL, '2014-01-30 19:42:08'),
(3812, 136, 1005, '00:20:13', 'Completo', 0, NULL, '2014-01-30 19:42:08'),
(3813, 137, 1000, '00:20:13', 'Sucio', 2, NULL, '2014-01-30 19:42:44'),
(3814, 137, 1001, '00:20:13', 'Sucio', 1, NULL, '2014-01-30 19:42:44'),
(3815, 137, 1002, '00:20:13', 'Sucio', 0.275, NULL, '2014-01-30 19:42:44'),
(3816, 137, 1003, '00:20:13', 'Sucio', 1, NULL, '2014-01-30 19:42:44'),
(3817, 137, 1004, '00:20:13', 'Completo', 0.8, NULL, '2014-01-30 19:42:44'),
(3818, 137, 1005, '00:20:13', 'Completo', 0, NULL, '2014-01-30 19:42:44'),
(3819, 138, 1000, '00:20:13', 'Sucio', 0, NULL, '2014-01-30 19:44:57'),
(3820, 138, 1001, '00:20:13', 'Sucio', 1, NULL, '2014-01-30 19:44:57'),
(3821, 138, 1002, '00:20:13', 'Sucio', 0.275, NULL, '2014-01-30 19:44:57'),
(3822, 138, 1003, '00:20:13', 'Sucio', 0, NULL, '2014-01-30 19:44:57'),
(3823, 138, 1004, '00:20:13', 'Completo', 0, NULL, '2014-01-30 19:44:57'),
(3824, 138, 1005, '00:20:13', 'Completo', 0, NULL, '2014-01-30 19:44:57');

-- --------------------------------------------------------

--
-- Estructura de tabla para la tabla `proveedor`
--

CREATE TABLE IF NOT EXISTS `proveedor` (
  `id_proveedor` varchar(13) NOT NULL,
  `id_ciudad` smallint(5) unsigned DEFAULT NULL,
  `id_contacto` smallint(5) unsigned DEFAULT NULL,
  `nombre` varchar(150) NOT NULL,
  `direccion` varchar(500) NOT NULL,
  `telefono` varchar(15) NOT NULL,
  `email` varchar(30) DEFAULT NULL,
  `credito` tinyint(1) DEFAULT NULL,
  `notas` mediumtext,
  `registro` timestamp NOT NULL DEFAULT CURRENT_TIMESTAMP ON UPDATE CURRENT_TIMESTAMP,
  PRIMARY KEY (`id_proveedor`),
  KEY `fk_proveedor_contacto` (`id_contacto`),
  KEY `fk_proveedor_ciudad` (`id_ciudad`)
) ENGINE=InnoDB DEFAULT CHARSET=latin1 COMMENT='Entidad encargada de registrar los datos básicos de proeedor de materiales \n		y repuestos de vehículos';

--
-- Volcado de datos para la tabla `proveedor`
--

INSERT INTO `proveedor` (`id_proveedor`, `id_ciudad`, `id_contacto`, `nombre`, `direccion`, `telefono`, `email`, `credito`, `notas`, `registro`) VALUES
('099001865001', 53, NULL, 'ConAuto', 'Av. 10 De Agosto N 4012 Y Av. Gaspar De Villarroel', '2241555-2269208', NULL, NULL, 'Aceites 5w90', '2013-10-03 02:41:12'),
('1704244670001', 53, NULL, 'Gustavo Emigdio Luis Vaca Soto', 'Av. Colon y Amazonas', '2226906', 'gusvac@gmail.com', NULL, NULL, '2013-12-20 17:45:36'),
('1711093169001', 53, NULL, 'Filtro Mundo', 'El Inca 1813 e Isla Seymar', '2446828', '2447757', 0, 'Exijir descuento', '2013-10-18 23:50:10'),
('1790202321001', 53, NULL, 'Erco Tires', 'Av.10 De Agosto Y Rafael Bustamante', '6036205 - 2403-', 'pgavilanez@tire-experts.com.ec', NULL, 'Aceites 2w50 ', '2013-10-03 02:38:31');

-- --------------------------------------------------------

--
-- Estructura de tabla para la tabla `provincia`
--

CREATE TABLE IF NOT EXISTS `provincia` (
  `id_provincia` smallint(5) unsigned NOT NULL AUTO_INCREMENT,
  `nombre` varchar(100) DEFAULT NULL,
  PRIMARY KEY (`id_provincia`)
) ENGINE=InnoDB  DEFAULT CHARSET=latin1 COMMENT='Entidad encargada de registrar, las provincias del Ecuador' AUTO_INCREMENT=25 ;

--
-- Volcado de datos para la tabla `provincia`
--

INSERT INTO `provincia` (`id_provincia`, `nombre`) VALUES
(1, 'Azuay'),
(2, 'Bolívar'),
(3, 'Cañar'),
(4, 'Carchi'),
(5, 'Chimborazo'),
(6, 'Cotopaxi'),
(7, 'Esmeraldas'),
(8, 'El Oro'),
(9, 'Galápagos'),
(10, 'Guayas'),
(11, 'Imbabura'),
(12, 'Loja'),
(13, 'Los Ríos'),
(14, 'Manabí'),
(15, 'Morona Santiago'),
(16, 'Napo'),
(17, 'Orellana'),
(18, 'Pastaza'),
(19, 'Pichincha'),
(20, 'Santa Elena'),
(21, 'Santo Domingo de los Tsáchilas'),
(22, 'Sucumbíos'),
(23, 'Tungurahua'),
(24, 'Zamora Chinchipe');

-- --------------------------------------------------------

--
-- Estructura de tabla para la tabla `reparacion`
--

CREATE TABLE IF NOT EXISTS `reparacion` (
  `id_reparacion` smallint(5) unsigned NOT NULL AUTO_INCREMENT,
  `id_viaje` smallint(5) unsigned NOT NULL,
  `id_vehiculo` char(17) NOT NULL,
  `id_ciudad` smallint(5) unsigned DEFAULT NULL,
  `periodo` smallint(5) unsigned NOT NULL,
  `kilometros` varchar(45) NOT NULL,
  `fecha_entrada` datetime NOT NULL,
  `fecha_salida` datetime NOT NULL,
  `notas` mediumtext,
  `registro` timestamp NOT NULL DEFAULT CURRENT_TIMESTAMP ON UPDATE CURRENT_TIMESTAMP,
  PRIMARY KEY (`id_reparacion`),
  KEY `fk_reparacion_vehiculo` (`id_vehiculo`),
  KEY `fk_reparacion_viaje` (`id_viaje`),
  KEY `fk_reparacion_ciudad` (`id_ciudad`)
) ENGINE=InnoDB  DEFAULT CHARSET=latin1 COMMENT='Entidad encargada de registrar las reparaciones realizadas a los vehiculos polaris,\n		cada reparacion al vehiculo se registra en reparacion_detalle' AUTO_INCREMENT=33 ;

--
-- Volcado de datos para la tabla `reparacion`
--

INSERT INTO `reparacion` (`id_reparacion`, `id_viaje`, `id_vehiculo`, `id_ciudad`, `periodo`, `kilometros`, `fecha_entrada`, `fecha_salida`, `notas`, `registro`) VALUES
(1, 10, '4XATH76A4D2290792', 110, 47, '1178', '2013-10-22 00:00:00', '2013-10-22 00:00:00', 'Cambio del caucho guardagrasa del eje trasero izquierdo del vehiculo.\r\nNo se realizo el cambio de aceite recpectivo. ', '2013-12-04 01:49:03'),
(2, 10, '4XATH76A1D2290751', 104, 46, '1181', '2013-10-22 00:00:00', '2013-10-22 00:00:00', 'Cambio del caucho guardagrasa del eje trasero izquierdo del vehiculo.\nNo se realizo el cambio respectivo del aceite al vehiculo.', '2014-02-06 19:28:51'),
(3, 10, '4XATH76A7D4317665', 229, 48, '640', '2013-10-22 00:00:00', '2013-10-22 00:00:00', 'Se cambio el caucho guardagrasa del eje izquierdo del vehiculo,\r\nSe repara el eje que estaba fuera de lugar.\r\nNOTA: EL EJE SE RECALIENTA MUCHO', '2013-12-04 01:16:59'),
(4, 1, '4XATH76A5D4315591', NULL, 55, '653', '2013-07-23 00:00:00', '2013-07-23 00:00:00', 'Se Remplaza la abrazadera del eje trasero izquierdo del vehiculo.', '2013-12-04 01:19:26'),
(5, 7, '4XATH76A7D4315592', NULL, 60, '753', '2013-10-02 00:00:00', '2013-10-02 00:00:00', 'Reparacion del caucho del eje trasero izquierdo del vehiculo.', '2013-12-04 01:21:18'),
(6, 7, '4XATH76A5D4315591', NULL, 50, '630', '2013-10-04 00:00:00', '2013-10-04 00:00:00', 'Se cambio el caucho guardagrasa de eje izquierdo del vehiculo.', '2013-12-04 01:19:26'),
(7, 11, '4XATH76A7D4317665', 229, 49, '644', '2013-10-30 00:00:00', '2013-10-30 00:00:00', 'Se cambio nuevamente el caucho guardagrasa de eje trasero del vehiculo porque el que se abia colocado anteriormente no soporto y se puso un nuevo.este vehiculo se le retiro el eje derecho para probarlo en el vehiculo con numero de vin 4XATH76A7D437665 para verificar el calentamiento del lado izquierdo trasero este carro esta embancado para reparación de ejes.', '2013-12-04 01:16:59'),
(8, 11, '4XATH76A4D2290792', 110, 48, '1182', '2013-10-30 00:00:00', '2013-10-30 00:00:00', 'Se cambio por segunda ves el caucho guardagrase del eje trasero del vehiculo porque el que estaba instalado anteriormente no soporto y se rompio.', '2013-12-04 01:49:03'),
(9, 11, '4XATH76A1D2290751', 104, 47, '1188', '2013-10-30 00:00:00', '2013-10-30 00:00:00', 'Se cambio por segunda ves el caucho guardagrase del eje trasero del vehiculo porque el que estaba instalado anteriormente no soporto y se rompio.', '2013-12-04 01:13:15'),
(10, 12, '4XATH76AXD2298231', 223, 31, '568', '2013-11-04 00:00:00', '2013-11-05 00:00:00', 'Se reviso el vehiculo con el problema mensionado que no encendia razones por las cuales nos pudimos dar cuenta que el carro no encendia por la razon que en tanque dispensador de gasolina tenia puesto agua la cual realizamos el proceso de limpiado sacado de la bomba, limpiado de bujias, luejo de esto conectamos nuevamente la bomba y pudimos darnos cuenta que funciono correctamente.', '2013-12-04 01:46:10'),
(12, 13, '4XATH76A1D221043', NULL, 80, '1044', '2013-11-22 00:00:00', '2013-11-22 00:00:00', 'Se procede con la inspección del vehículo con número de VIN  4XATH76AXD2291043,  a cargo del Ing. JAIME ÑIETO.\r\n\r\nObservaciones:\r\nEl tanque  de gasolina contenía  agua\r\nSe limpió el tanque  de gasolina por completo\r\nSe realizó los respectivos  chequeos  al vehículos \r\nY se limpió las bujías  del  vehículos', '2013-12-04 01:42:17'),
(13, 13, '4XATH76A4D2290792', 110, 47, '1176', '2013-11-22 00:00:00', '2013-11-22 00:00:00', 'Cambio de caucho Eje Trasero lado izquierdo, se cambia el eje trasero por uno nuevo ya que el anterior se encontraba quemado.', '2013-12-02 16:45:40'),
(14, 13, '4XATH76A5D2293197', 102, 23, '700', '2013-11-21 00:00:00', '2013-11-21 00:00:00', 'Se le coloca los dos Ejes, Este carro está envancado, con la colocación de los ejes queda habilitado para funcionar.', '2013-12-02 16:51:01'),
(15, 13, '4XATH76A1D2290751', 104, 40, '1167', '2013-11-21 00:00:00', '2013-12-21 00:00:00', 'Se repara El eje trasero del lado izquiero, se lo reemplaza por un eje nuevo, se realiza pruebas al vehículo y éste sigue recalentando el eje despues de 15 min de pruebas.', '2013-12-02 16:56:45'),
(16, 13, '4XATH76A7D4317665', 229, 52, '648', '2013-11-21 00:00:00', '2013-11-21 00:00:00', 'Se reemplaza el caucho del eje trasero', '2013-12-04 01:16:59'),
(17, 14, '4XATH76A0D4317684', 199, 107, '2541', '2013-12-03 00:00:00', '2013-12-03 00:00:00', '\r\nINFORME DE REPARACIÓN DEL VEHICULO\r\n\r\nQuito, 03 de diciembre del 2013\r\n\r\nTécnicos:, Marco Llumiquinga, Galo Sinchiguano\r\nProvincias de Destino: el tingo, La  Esperanza \r\nEn la Parroquia el tingo, La Esperanza  el vehículo con el VIN. 4XATH76A0D4317684 presenta  el siguiente daño, los cables que conectan  con el  tablero del vehículo  y los sensores  del motor estaban cortados en su totalidad.\r\nNota:\r\n1.	 El problema que ocasionaba  los cables cortados , eran que se  encendida la luz chek engine\r\n2.	Los cables  presentaban  un corte recto, del lado derecho e, izquierdo  del motor.\r\n \r\n \r\n \r\n\r\n \r\n\r\n \r\n\r\nObservaciones generales:\r\nAl  siguiente vehículo  se  le realizó  las siguiente reparación  de la conexión  de los cables del motor y lo sensores, que conectan al motor.\r\nAtentamente:\r\n\r\n\r\n\r\n\r\n\r\n\r\n\r\n\r\n__________________________                                     ¬¬___________________________\r\n TEC: MARCOS LLUMIQUINGA                                          TEC: GALO SINCHIGUANO\r\n\r\n\r\n\r\n', '2013-12-19 20:24:15'),
(18, 15, '4XATH76A7D2291063', 212, 160, '4260', '2014-01-13 00:00:00', '2014-01-13 00:00:00', 'INFORME DE REPARACIÓN  POLARIS 2014 \r\n\r\n                                                                               Quito, 16 de enero  del 2014\r\n\r\n\r\nAl  siguiente vehículo en la provincia Cotopaxi – Toacaso VIN: 4XATH76A7D2291063 se realizó la reparación del homocinético  del lado derecho y se coló un homocinético nuevo.\r\n 	 \r\n  	 \r\n\r\nObservación general:\r\nSe colocó un nuevo homocinético  en el lado derecho del eje y se realizó las pruebas respectivas  y el vehículo   su funcionamiento fue  correctamente. \r\n\r\n\r\nDaños  Generales:\r\n 	 \r\n\r\nComo podemos observar las siguientes imágenes  el velocímetros contiene  agua en su interior esto causa no se encienda, y no se  pueda  ver sus funcionamiento por completo.\r\n0bservacion:\r\nComo podemos observar las imágenes ubicada  al de arriba  el daño del caucho del homocinético  esto causo el daño total de la siguiente pieza.\r\n?	El caucho cubre grasa está dañado\r\n?	Los rulimanes recalentados \r\n?	Piñones de las pistas recalentados \r\n?	Las pista del homocinético  recalentados \r\n?	El siguiente vehículo tiene cambiadas las ruedas traseras \r\nObservaciones generales:\r\nSe recomienda cambiar el velocímetro, para  saber el funcionamiento del vehículo, temperatura, combustible, velocidad, nivel de aceite, hora de trabajo, km,  Etc.\r\n\r\n\r\n\r\n\r\n\r\n     __________________________                                     ¬-___________________________\r\n     TEC: MARCOS LLUMIQUINGA                                          TEC: GALO SINCHIGUANO\r\n', '2014-01-21 17:44:40'),
(19, 15, '4XATH76A0D2293253', 101, 118, '2423', '2014-01-14 00:00:00', '2014-01-14 00:00:00', '           INFORME DE REPARACIÓN  POLARIS 2014 \n\n                                                                               Quito, 17 de enero  del 2014\nAl  siguiente vehículo en la provincia CHIMBORAZO –  RIOBAMBA    VIN: 4XATH76A0D2293253 se realizó la reparación del caucho guarda grasa del  homocinético  del lado derecho.	\n 	 \n\nObservaciones generales:\n?	Reparación del caucho guarda grasa del  homocinético  del lado derecho\n?	Se realizó la  prueba al vehículo  para verificar su funcionamiento del eje trasero.\n\n\n\n\n\n\n\n   __________________________                                      ¬¬___________________________\n     TEC: MARCOS LLUMIQUINGA                                          TEC: GALO SINCHIGUANO\n', '2014-01-21 17:46:50'),
(20, 15, '4XATH76A5D2293216', 102, 113, '2149', '2014-01-14 00:00:00', '2014-01-14 00:00:00', 'INFORME DE REPARACIÓN  POLARIS 2014 \r\n                                   Quito, 17 de enero  del 2014\r\n\r\nAl  siguiente vehículo en la provincia CHIMBORAZO –  RIOBAMBA   VIN: 4XATH76A5D2293216 se realizó la revisión  de la siguiente pieza por el cual el vehículo se apaga constantemente\r\n?	Se realizó la limpieza de las bujías\r\n?	Se comprobó  el paso de corriente a los inyectores\r\n?	Se comprobó el funcionamiento de los fusibles  \r\n?	se cambió un fusible quemado.\r\n?	Y se realizó las pruebas  de verificación del vehículo.\r\n?	El vehículo funciona correctamente \r\n', '2014-01-21 17:48:40'),
(21, 15, '4XATH76A1D2290751', 102, 50, '1473', '2014-01-14 00:00:00', '2014-01-14 00:00:00', 'INFORME DE REPARACIÓN  POLARIS 2014 \n\n                                                                               Quito, 16 de enero  del 2014\nAl  siguiente vehículo en la provincia CHIMBORAZO – PANGOR  VIN: 4XATH76A1D2290751 se realizó la reparación del homocinético  del lado Izquierdo y se coló un homocinético nuevo.\n 	 \n 	 \n\nObservación general:\nSe colocó un nuevo homocinético  en el lado izquierdo  del eje y se realizó las pruebas respectivas  y el vehículo   su funcionamiento fue  correctamente. \n\n\n', '2014-02-06 19:29:05'),
(22, 15, '4XATH76A9D2291114', 102, 104, '3434', '2014-01-15 00:00:00', '2014-01-15 00:00:00', 'INFORME DE REPARACIÓN  POLARIS 2014 \r\n\r\n                                                                               Quito, 16 de enero  del 2014\r\nAl  siguiente vehículo en la provincia CHIMBORAZO –  GUASUNTO   VIN: 4XATH76A9D2291114 se realizó la reparación del caucho guarda grasa del  homocinético  del lado derecho.	\r\n 	 \r\nObservaciones Generales:\r\n?	Reparación del caucho guarda grasa del homocinético\r\n?	 Se realizó las pruebas del vehículo.\r\n?	Se compró el funcionamiento de  la pieza del homocinético \r\n', '2014-01-21 17:54:37'),
(23, 15, '4XATH76A7D4315592', 149, 110, '2164', '2014-01-15 00:00:00', '2014-01-15 00:00:00', '                                       INFORME DE REPARACIÓN 2014 \r\n                                                                                                                          16 DE ENERO 2014\r\nAl  siguiente vehículo en la provincia  CHIMBORAZO  - SUSCAL VIN: 4XATH76A7D4315592 se realizó la reparación del caucho guarda grasa del homocinético  del lado derecho, Y  se instaló la bomba  de gasolina  nueva.\r\n 	 \r\n\r\n 	 \r\n\r\nREPARACIÓN GENERAL:\r\n?	Reparación del caucho guarda grasa  del homocinético\r\n?	Se realizó la instalación  de la bomba  de  gasolina  y se limpió el tanque.   \r\nOBSERVACIÓN: se realizó la prueba del vehículo para verifica  su funcionamiento. \r\n', '2014-01-21 17:56:20'),
(24, 16, '4XATH76A7D2291063', 212, 157, '1557', '2014-01-13 00:00:00', '2014-01-13 00:00:00', 'INFORME DE REPARACIÓN  POLARIS\r\nQuito, 16 de enero  del 2014\r\n\r\n\r\nAl  siguiente vehículo en la provincia Cotopaxi – Toacaso VIN: 4XATH76A7D2291063 se realizó el cambio del homocinético  del lado derecho y se coló un homocinético nuevo.\r\n 	 \r\n  	 \r\n\r\nComo podemos observar las imágenes ubicada  al de arriba  el daño del caucho del homocinético causo el daño total de la siguiente pieza, por esta razón se cambia la pieza completa.		\r\n?	El caucho cubre grasa está dañado\r\n?	Los rulimanes recalentados \r\n?	Piñones de las pistas recalentados \r\n?	Las pista del homocinético  recalentados \r\n?	El vehículo tiene cambiadas las ruedas traseras \r\n\r\nEl cambio del  homocinético no entra en la garantía ya que es falla del conductor no haberlo detectado a tiempo para evitar su deterioro.\r\n\r\nObservación general:\r\nSe cambia el homocinético en el lado derecho del eje y se realizó las pruebas respectivas  y el vehículo   su funcionamiento fue  correcto. \r\n\r\nDaños  Generales:\r\n 	 \r\n\r\nAdemás del homocinético el vehículo tiene dañado el velocímetro, como podemos observar las imágenes  el velocímetros contiene  agua en su interior esto causó su daño, aunque todo funciona correctamente el velocímetro esta quemado, se recomienda reemplazarlo o repáralo si el daño es leve para esto informar al Mail eduardouio7@gmail.com.\r\n\r\n\r\n     __________________________                                     __________________________\r\n     TEC: MARCOS LLUMIQUINGA                                          TEC: GALO SINCHIGUANO\r\n', '2014-02-06 20:30:36'),
(25, 16, '4XATH76A7D4315592', 149, 110, '2164', '2014-01-15 00:00:00', '2014-01-15 00:00:00', 'INFORME DE REPARACIÓN 2014 \r\nSuscal 16 DE ENERO 2014\r\nAl  siguiente vehículo en la provincia  CAÑAR  - SUSCAL VIN: 4XATH76A7D4315592 se realizó la reparación del caucho guarda grasa del homocinético  del lado derecho, Y  se instaló la bomba  de gasolina  nueva.\r\n 	 \r\n\r\n 	 \r\n\r\nREPARACIÓN GENERAL:\r\n?	Reparación del caucho guarda grasa  del homocinético\r\n?	Se realizó la instalación  de la bomba  de  gasolina  y se limpió el tanque.   \r\n\r\n\r\n\r\n\r\nOBSERVACIÓN: se realizó la prueba del vehículo para verifica  su funcionamiento. \r\n\r\n\r\n __________________________                                     \r\nTEC: GALO SINCHIGUANO\r\n__________________________  \r\nTEC: MARCO LLUMIQUINGA                                          \r\n', '2014-02-06 20:32:36'),
(26, 16, '4XATH76A0D2293253', 101, 118, '2422', '2014-01-14 00:00:00', '2014-01-14 00:00:00', 'INFORME DE REPARACIÓN  POLARIS 2014 \r\n\r\n                                                                               Quito, 17 de enero  del 2014\r\n\r\nAl  siguiente vehículo en la provincia CHIMBORAZO –  RIOBAMBA    VIN: 4XATH76A0D2293253 se realizó la reparación del caucho guarda grasa del  homocinético  del lado derecho.	\r\n 	 \r\n\r\nObservaciones generales:\r\n?	Reparación del caucho guarda grasa del  homocinético  del lado derecho\r\n?	Se realizó la  prueba al vehículo  para verificar su funcionamiento del eje trasero.\r\n\r\n\r\n\r\n\r\n\r\n\r\n\r\n   __________________________                                      ¬¬___________________________\r\n     TEC: MARCO LLUMIQUINGA                                          TEC: GALO SINCHIGUANO\r\n\r\n', '2014-02-06 20:34:04'),
(27, 16, '4XATH76A5D2293216', 102, 113, '2149', '2014-01-14 00:00:00', '2014-01-14 00:00:00', 'INFORME DE REPARACIÓN\r\n\r\nQuito, 17 de enero  del 2014\r\n\r\nAl  siguiente vehículo en la provincia CHIMBORAZO –  RIOBAMBA   VIN: 4XATH76A5D2293216 se realizó la revisión  de la siguiente pieza por el cual el vehículo se apaga constantemente\r\n?	Se realizó la limpieza de las bujías\r\n?	Se comprobó  el paso de corriente a los inyectores\r\n?	Se comprobó el funcionamiento de los fusibles  \r\n?	se cambió un fusible quemado.\r\n?	Y se realizó las pruebas  de verificación del vehículo.\r\n?	El vehículo funciona correctamente \r\n\r\n\r\n\r\n\r\n\r\n', '2014-02-06 20:35:30'),
(28, 16, '4XATH76A1D2290751', 102, 50, '1473', '2014-01-14 00:00:00', '2014-01-14 00:00:00', 'INFORME DE REPARACIÓN  POLARIS 2014 \r\n\r\nQuito, 16 de enero  del 2014\r\n\r\nAl  siguiente vehículo en la provincia CHIMBORAZO – PANGOR  VIN: 4XATH76A1D2290751 se realizó la reparación del homocinético  del lado Izquierdo y se coló un homocinético nuevo, ya que el anterior se dañó por la rotura del caucho  guarda grasa protector.\r\n 	 \r\n 	 \r\n\r\nObservación general:\r\nSe colocó un nuevo homocinético  en el lado izquierdo  del eje y se realizó las pruebas respectivas  y el vehículo   su funcionamiento fue  correctamente, el homocinético no entra como parte de la garantía ya que el daño fue producto del descuido del conductor, se recomienda traer el vehículo a Quito para realizar la calibración y reparación de la caja trasera\r\n\r\n     __________________________                                     __________________________\r\n     TEC: MARCO LLUMIQUINGA                                          TEC: GALO SINCHIGUANO\r\n', '2014-02-06 20:37:30'),
(29, 16, '4XATH76A4D2290825', 108, 191, '4136', '2014-01-29 00:00:00', '2014-01-29 00:00:00', '                                   INFORME DE REPARACIÓN  POLARIS\r\n                                                                                   QUITO, 5 DE FEBRERO  DEL 2014\r\n\r\nAl siguiente vehículo en la provincia GUASUNTOS-CHIMBORAZO,VIN: 4XATH76A4D2290825 se realiza la reparación del caucho guarda grasa del lado derecho .\r\n 	 \r\n\r\nDAÑOS GENERALES:\r\n?	La  rotura del caucho del lado derecho.\r\nNOTAS:\r\nEste vehículo  se debe llevar un control, para controlar el funcionamiento del caucho  guarda  grasa. Y realiza la primera reparación del caucho guarda grasa.\r\n\r\n\r\n\r\n\r\n\r\n\r\n\r\n\r\n        _______________________                                        ___________________________\r\n     TEC: MARCO LLUMIQUINGA                                             TEC: GALO SINCHIGUANO\r\n', '2014-02-06 20:41:23'),
(31, 16, '4XATH76A9D2291114', 108, 103, '3434', '2014-01-15 00:00:00', '2014-01-15 00:00:00', 'INFORME DE REPARACIÓN  POLARIS 2014 \r\n\r\nQuito, 16 de enero  del 2014\r\n\r\nAl  siguiente vehículo en la provincia CHIMBORAZO –  GUASUNTO   VIN: 4XATH76A9D2291114 se realizó la reparación del caucho guarda grasa del  homocinético  del lado derecho.	\r\n\r\n	\r\n 	\r\n\r\nObservaciones Generales:\r\n?	Reparación del caucho guarda grasa del homocinético\r\n?	 Se realizó las pruebas del vehículo.\r\n?	Se compró el funcionamiento de  la pieza del homocinético \r\n\r\n\r\n\r\n    __________________________                                      ___________________________\r\n     TEC: MARCOS LLUMIQUINGA                                          TEC: GALO SINCHIGUANO\r\n', '2014-02-06 20:43:00'),
(32, 16, '4XATH76A2D2293206', 152, 117, '2232', '2014-01-30 00:00:00', '2014-01-30 00:00:00', '\r\nINFORME REPARACION VEHÍCULO\r\n\r\n                                                                                   Cañar- Aguilán, 5 De Febrero  del 2014\r\n\r\nSe realiza una inspección al vehículo con VIN 4XATH76A2D2293206  de la provincia del Cañar cantón Agilan este vehículo presenta recalentamiento del motor, al momento de la inspección el vehículo no tenía refrigerante o agua en el radiador causa del recalentamiento.\r\n 	 \r\n 	 \r\n\r\nDAÑOS GENERALES:\r\n?	La temperatura del vehículo no era la normal  el vehículo recalentaba  por completo.\r\n?	La punta del guarda choque  del lado izquierdo esta doblado.\r\n?	El techo del vehículo contiene unos rayones en el lado izquierdo. \r\n?	El marco del vidrio del lado izquierdo contiene rayones y golpes leves, producidos por un rozamiento lateral contra un objeto.. \r\n\r\nReparaciones Realizadas:\r\n?	Al siguiente vehículo se realiza un análisis completo  por la variación de la temperatura del vehículo.\r\n?	Se realizó  una comprobación del paso del agua al motor por las principales mangueras.\r\n?	Se comprobó el funcionamiento  del termostato del vehículo.\r\n?	Se llena un el radiador y el taque auxiliar con refrigerante\r\nNOTAS:\r\nEste vehículo  se debe llevar un control, para controlar la temperatura y saber su funcionamiento del vehículo, hasta la fecha 06 de Febrero el vehículo funciona correctamente\r\n\r\n\r\n\r\n\r\n        _______________________                                     ___________________________\r\n	Tec. Marco Llumiquinga 				Tec. Galo Sinchiguano\r\n\r\n', '2014-02-06 20:44:29');

-- --------------------------------------------------------

--
-- Estructura de tabla para la tabla `reparacion_detalle`
--

CREATE TABLE IF NOT EXISTS `reparacion_detalle` (
  `id_reparacion_detalle` smallint(5) unsigned NOT NULL,
  `id_reparacion` smallint(5) unsigned NOT NULL,
  `id_inventario` smallint(5) unsigned NOT NULL,
  `fecha` time NOT NULL,
  `estado` varchar(25) DEFAULT NULL COMMENT 'bueno, exelente,reparar,dañado,necesita cambio',
  `cantidad` smallint(5) unsigned NOT NULL,
  `notas` varchar(600) DEFAULT NULL,
  `registro` timestamp NOT NULL DEFAULT CURRENT_TIMESTAMP ON UPDATE CURRENT_TIMESTAMP,
  PRIMARY KEY (`id_reparacion_detalle`),
  KEY `fk_reparacion_detalle_reparacion` (`id_reparacion`),
  KEY `fk_reparacion_detalle_inventario` (`id_inventario`)
) ENGINE=InnoDB DEFAULT CHARSET=latin1 COMMENT='Entidad encargada de registrar los detalles de las reparaciones cada detalle puede \n				contener una salida de inventario';

-- --------------------------------------------------------

--
-- Estructura de tabla para la tabla `tecnico`
--

CREATE TABLE IF NOT EXISTS `tecnico` (
  `id_tecnico` varchar(10) CHARACTER SET latin1 NOT NULL,
  `nombres` varchar(200) CHARACTER SET latin1 NOT NULL,
  `telefono` varchar(15) CHARACTER SET latin1 DEFAULT NULL,
  `celular` varchar(15) CHARACTER SET latin1 DEFAULT NULL,
  `email` varchar(100) CHARACTER SET latin1 DEFAULT NULL,
  `notas` mediumtext CHARACTER SET latin1,
  `registro` timestamp NOT NULL DEFAULT CURRENT_TIMESTAMP ON UPDATE CURRENT_TIMESTAMP,
  PRIMARY KEY (`id_tecnico`)
) ENGINE=InnoDB DEFAULT CHARSET=utf8 COLLATE=utf8_bin COMMENT='Entidad encargada de registrar los tecnicos';

--
-- Volcado de datos para la tabla `tecnico`
--

INSERT INTO `tecnico` (`id_tecnico`, `nombres`, `telefono`, `celular`, `email`, `notas`, `registro`) VALUES
('0803550466', 'Galo Sinchiguano Taipe ', NULL, '0981913856', 'galo.st10@hotmail.com', NULL, '2013-10-18 23:51:51'),
('1234567890', 'Richard Catagña', '022226906', NULL, NULL, NULL, '2013-11-14 15:18:51'),
('1711938025', 'Marco Llumiquinga', NULL, NULL, NULL, NULL, '2013-10-18 23:51:50'),
('1722919725', 'Eduardo Villota', '025119785', '0992936569', 'eduardouio7@gmail.com', NULL, '2013-10-20 01:11:32');

-- --------------------------------------------------------

--
-- Estructura de tabla para la tabla `tecnico_viaje`
--

CREATE TABLE IF NOT EXISTS `tecnico_viaje` (
  `id_tecnico` varchar(10) NOT NULL,
  `id_viaje` smallint(5) unsigned NOT NULL,
  `registro` timestamp NOT NULL DEFAULT CURRENT_TIMESTAMP,
  PRIMARY KEY (`id_tecnico`,`id_viaje`),
  KEY `fk_tecnico_viaje` (`id_viaje`)
) ENGINE=InnoDB DEFAULT CHARSET=latin1 COMMENT='Registra a los técnicos en los mantenimientos para cada viaje';

--
-- Volcado de datos para la tabla `tecnico_viaje`
--

INSERT INTO `tecnico_viaje` (`id_tecnico`, `id_viaje`, `registro`) VALUES
('0803550466', 1, '2013-11-14 15:12:54'),
('0803550466', 2, '2013-11-14 15:14:04'),
('0803550466', 3, '2013-11-14 15:20:28'),
('0803550466', 4, '2013-11-14 15:20:28'),
('0803550466', 5, '2013-11-14 15:20:28'),
('0803550466', 6, '2013-11-14 15:20:28'),
('0803550466', 7, '2013-11-14 15:20:28'),
('0803550466', 8, '2013-11-14 15:20:28'),
('0803550466', 10, '2013-11-14 15:20:29'),
('1234567890', 9, '2013-11-14 15:20:28'),
('1234567890', 12, '2013-11-14 15:26:04'),
('1711938025', 1, '2013-11-14 15:12:54'),
('1711938025', 2, '2013-11-14 15:14:04'),
('1711938025', 3, '2013-11-14 15:20:28'),
('1711938025', 5, '2013-11-14 15:20:28'),
('1711938025', 6, '2013-11-14 15:20:28'),
('1711938025', 7, '2013-11-14 15:20:28'),
('1711938025', 8, '2013-11-14 15:20:28'),
('1711938025', 10, '2013-11-14 15:20:29'),
('1711938025', 11, '2013-11-14 15:20:29'),
('1711938025', 12, '2013-11-14 15:26:04'),
('1722919725', 4, '2013-11-14 15:20:28'),
('1722919725', 9, '2013-11-14 15:20:28'),
('1722919725', 11, '2013-11-14 15:20:29');

-- --------------------------------------------------------

--
-- Estructura de tabla para la tabla `vehiculo`
--

CREATE TABLE IF NOT EXISTS `vehiculo` (
  `id_vehiculo` char(17) NOT NULL,
  `id_cliente` char(13) NOT NULL,
  `id_contacto` smallint(5) unsigned DEFAULT NULL,
  `id_ciudad` smallint(5) unsigned DEFAULT NULL,
  `modelo` varchar(45) NOT NULL,
  `nro_motor` varchar(25) DEFAULT NULL,
  `ingreso` date DEFAULT NULL,
  `notas` mediumtext,
  `registro` timestamp NOT NULL DEFAULT CURRENT_TIMESTAMP ON UPDATE CURRENT_TIMESTAMP,
  PRIMARY KEY (`id_vehiculo`),
  KEY `idx_vehiculo` (`id_vehiculo`),
  KEY `fk_vehiculo_cliente` (`id_cliente`),
  KEY `fk_vehiculo_contacto` (`id_contacto`),
  KEY `fk_vehiculo_ciudad` (`id_ciudad`)
) ENGINE=InnoDB DEFAULT CHARSET=latin1 COMMENT='Entidad encargada de registrar los vehículos el ingreso es la fecha\n				en la que el vehiculo fue entregado al MAGAP';

--
-- Volcado de datos para la tabla `vehiculo`
--

INSERT INTO `vehiculo` (`id_vehiculo`, `id_cliente`, `id_contacto`, `id_ciudad`, `modelo`, `nro_motor`, `ingreso`, `notas`, `registro`) VALUES
('4AXTH76A0D2293219', '0360015690001', 37, 152, 'Ranger 800 4X4 Of Road', NULL, NULL, NULL, '2014-01-15 22:15:04'),
('4XATH76A0D2290773', '1865012760001', 14, 93, 'Ranger 800 4X4 Of Road', NULL, NULL, NULL, '2014-01-15 22:04:42'),
('4XATH76A0D2290787', '260004750001', 56, 89, 'Ranger 800 4X4 Of Road', NULL, NULL, NULL, '2014-01-15 22:21:34'),
('4XATH76A0D2290790', '1865012760001', 20, 197, 'Ranger 800 4X4 Of Road', NULL, NULL, NULL, '2014-01-15 22:07:23'),
('4XATH76A0D2290806', '0360015690001', 40, 148, 'Ranger 800 4X4 Of Road', NULL, NULL, NULL, '2014-01-15 22:17:10'),
('4XATH76A0D2291065', '260004750001', NULL, 92, 'Ranger 800 4X4 Of Road', NULL, NULL, NULL, '2013-10-26 01:38:35'),
('4XATH76A0D2291079', '1865012760001', NULL, 92, 'Ranger 800 4X4 Of Road', NULL, NULL, NULL, '2013-10-26 01:38:35'),
('4XATH76A0D2291101', '0560022430001', 24, 198, 'Ranger 800 4X4 Of Road', NULL, NULL, NULL, '2014-01-15 22:08:53'),
('4XATH76A0D2293205', '0560022430001', NULL, 80, 'Ranger 800 4X4 Of Road', NULL, NULL, NULL, '2013-10-26 01:38:35'),
('4XATH76A0D2293222', '0560022430001', 66, 84, 'Ranger 800 4X4 Of Road', NULL, NULL, NULL, '2014-01-16 17:29:26'),
('4XATH76A0D2293253', '0660819660001', 82, 101, 'Ranger 800 4X4 Of Road', NULL, NULL, NULL, '2014-01-21 17:00:00'),
('4XATH76A0D4315504', '260004750001', 55, 89, 'Ranger 800 4X4 Of Road', NULL, NULL, NULL, '2014-01-15 22:24:59'),
('4XATH76A0D4315563', '260004750001', 51, 90, 'Ranger 800 4X4 Of Road', NULL, NULL, NULL, '2014-01-15 22:20:05'),
('4XATH76A0D4317667', '0660819660001', NULL, 110, 'Ranger 800 4X4 Of Road', NULL, NULL, NULL, '2013-10-26 01:38:35'),
('4XATH76A0D4317684', '0560022430001', 11, 199, 'Ranger 800 4X4 Of Road', NULL, NULL, NULL, '2014-01-15 22:03:30'),
('4XATH76A1D221043', '0360015690001', 32, 200, 'Ranger 800 4X4 Of Road', NULL, NULL, NULL, '2014-01-15 22:13:22'),
('4XATH76A1D2290751', '0660819660001', 76, 102, 'Ranger 800 4X4 Of Road', NULL, NULL, NULL, '2014-01-16 17:50:27'),
('4XATH76A1D2290765', '0560022430001', 67, 225, '', NULL, NULL, NULL, '2014-01-16 17:31:13'),
('4XATH76A1D2290779', '0660819660001', NULL, 101, 'Ranger 800 4X4 Of Road', NULL, NULL, NULL, '2013-10-26 01:38:35'),
('4XATH76A1D2293262', '0360015690001', NULL, 151, 'Ranger 800 4X4 Of Road', NULL, NULL, NULL, '2013-10-26 01:38:35'),
('4XATH76A2D2290757', '0560022430001', 68, 226, '', NULL, NULL, 'Segundo cambio de aceite el primer cambio no esta registrado.', '2014-01-16 17:32:36'),
('4XATH76A2D2291049', '260004750001', 44, 201, 'Ranger 800 4X4 Of Road', NULL, NULL, NULL, '2014-01-15 22:18:11'),
('4XATH76A2D2293206', '0360015690001', 36, 152, 'Ranger 800 4X4 Of Road', NULL, NULL, NULL, '2014-01-15 22:14:47'),
('4XATH76A2D2293271', '0560022430001', 69, 6, '', NULL, NULL, NULL, '2014-01-16 17:33:35'),
('4XATH76A2D4315550', '0360015690001', 6, 149, 'Ranger 800 4X4 Of Road', NULL, NULL, NULL, '2014-01-15 21:49:53'),
('4XATH76A2D4315564', '260004750001', 55, 89, 'Ranger 800 4X4 Of Road', NULL, NULL, NULL, '2014-01-15 22:21:18'),
('4XATH76A2D4315595', '260004750001', 58, 89, 'Ranger 800 4X4 Of Road', NULL, NULL, NULL, '2014-01-15 22:22:05'),
('4XATH76A2D4315598', '0360015690001', 8, 149, 'Ranger 800 4X4 Of Road', NULL, NULL, NULL, '2014-01-15 22:02:12'),
('4XATH76A2D4315600', '260004750001', 43, 87, 'Ranger 800 4X4 Of Road', NULL, NULL, NULL, '2014-01-15 22:17:55'),
('4XATH76A2D4317220', '0560022430001', 70, 196, 'Ranger 800 4X4 Of Road', NULL, NULL, NULL, '2014-01-16 17:34:47'),
('4XATH76A2D4317640', '0660819660001', NULL, 104, 'Ranger 800 4X4 Of Road', NULL, NULL, NULL, '2013-10-26 01:38:35'),
('4XATH76A2D4317668', '0660819660001', NULL, 104, 'Ranger 800 4X4 Of Road', NULL, NULL, NULL, '2013-10-26 01:38:35'),
('4XATH76A3D2290749', '0660819660001', 87, 11, 'Ranger 800 4X4 Of Road', NULL, NULL, NULL, '2014-02-06 17:45:38'),
('4XATH76A3D2290783', '0660819660001', NULL, 102, 'Ranger 800 Efi', NULL, '2014-01-01', NULL, '2014-01-21 17:02:42'),
('4XATH76A3D2290802', '0160023480001', NULL, 202, 'Ranger 800 4X4 Of Road', NULL, NULL, NULL, '2013-11-14 14:51:33'),
('4XATH76A3D2290816', '1865012760001', 17, 96, 'Ranger 800 4X4 Of Road', NULL, NULL, NULL, '2014-01-15 22:05:55'),
('4XATH76A3D2291075', '260004750001', 53, 90, 'Ranger 800 4X4 Of Road', NULL, NULL, NULL, '2014-01-15 22:20:33'),
('4XATH76A3D2293201', '260004750001', 52, 90, 'Ranger 800 4X4 Of Road', NULL, NULL, NULL, '2014-01-15 22:20:20'),
('4XATH76A4D2290050', '260004750001', NULL, 87, 'Ranger 800 4X4 Of Road', NULL, NULL, NULL, '2013-10-26 01:38:35'),
('4XATH76A4D2290713', '0560022430001', 89, 203, 'Ranger 800 4X4 Of Road', NULL, NULL, NULL, '2014-04-02 17:47:05'),
('4XATH76A4D2290761', '0560022430001', 22, 81, 'Ranger 800 4X4 Of Road', NULL, NULL, NULL, '2014-01-15 22:07:58'),
('4XATH76A4D2290775', '1865012760001', 21, 97, 'Ranger 800 4X4 Of Road', NULL, NULL, NULL, '2014-01-15 22:07:41'),
('4XATH76A4D2290792', '0660819660001', 77, 110, 'Ranger 800 4X4 Of Road', NULL, NULL, NULL, '2014-01-16 17:57:29'),
('4XATH76A4D2290808', '0660819660001', NULL, 104, 'Ranger 800 4X4 Of Road', NULL, NULL, NULL, '2013-10-26 01:38:35'),
('4XATH76A4D2290825', '0660819660001', 78, 108, 'Ranger 800 4X4 Of Road', NULL, NULL, NULL, '2014-01-16 17:58:38'),
('4XATH76A4D2291053', '0360015690001', NULL, 149, 'Ranger 800 Efi', NULL, '2014-01-30', NULL, '2014-02-06 17:28:44'),
('4XATH76A4D2291055', '0360015690001', 35, 141, 'Ranger 800 4X4 Of Road', NULL, NULL, NULL, '2014-01-15 22:14:28'),
('4XATH76A4D2291120', '0660819660001', NULL, 101, 'Ranger 800 4X4 Of Road', NULL, NULL, NULL, '2013-10-26 01:38:35'),
('4XATH76A4D2293255', '0360015690001', 39, 148, 'Ranger 800 4X4 Of Road', NULL, NULL, NULL, '2014-01-15 22:16:43'),
('4XATH76A4D4315565', '260004750001', 45, 87, 'Ranger 800 4X4 Of Road', NULL, NULL, NULL, '2014-01-15 22:18:26'),
('4XATH76A4D4315579', '260004750001', NULL, 87, 'Ranger 800 4X4 Of Road', NULL, NULL, NULL, '2013-10-26 01:38:35'),
('4XATH76A4D4315601', '260004750001', 42, 87, 'Ranger 800 4X4 Of Road', NULL, NULL, NULL, '2014-01-15 22:17:41'),
('4XATH76A4D4317638', '0660819660001', NULL, 102, '', NULL, NULL, NULL, '2013-11-26 22:08:42'),
('4XATH76A4D4317641', '0560022430001', 61, 83, 'Ranger 800 4X4 Of Road', NULL, NULL, NULL, '2014-01-15 22:10:51'),
('4XATH76A5D2290753', '1865012760001', 62, 92, '', NULL, NULL, NULL, '2014-01-16 17:08:17'),
('4XATH76A5D2291045', '1865012760001', 16, 96, 'Ranger 800 4X4 Of Road', NULL, NULL, NULL, '2014-01-15 22:05:34'),
('4XATH76A5D2291112', '260004750001', 54, 90, 'Ranger 800 4X4 Of Road', NULL, NULL, NULL, '2014-01-15 22:20:54'),
('4XATH76A5D2292065', '0560022430001', 71, 204, 'Ranger 800 4X4 Of Road', NULL, NULL, NULL, '2014-01-16 17:37:17'),
('4XATH76A5D2293197', '0660819660001', 79, 102, 'Ranger 800 4X4 Of Road', NULL, NULL, NULL, '2014-01-16 18:03:18'),
('4XATH76A5D2293216', '0660819660001', NULL, 102, 'Ranger 800 4X4 Of Road', NULL, NULL, NULL, '2013-10-26 01:38:35'),
('4XATH76A5D4315591', '0360015690001', 88, 148, 'Ranger 800 4X4 Of Road', NULL, NULL, NULL, '2014-02-06 20:57:19'),
('4XATH76A5D4317664', '0560022430001', 31, 205, 'Ranger 800 4X4 Of Road', NULL, NULL, NULL, '2014-01-15 22:11:57'),
('4XATH76A5D4317678', '0660819660001', 83, 209, 'Ranger 800 4X4 Of Road', NULL, NULL, NULL, '2014-01-21 17:23:14'),
('4XATH76A5D4317681', '0560022430001', 28, 206, 'Ranger 800 4X4 Of Road', NULL, NULL, NULL, '2014-01-15 22:10:36'),
('4XATH76A6D2290745', '0660819660001', NULL, 104, 'Ranger 800 4X4 Of Road', NULL, NULL, NULL, '2013-10-26 01:38:35'),
('4XATH76A6D2290759', '0660819660001', 80, 108, 'Ranger 800 4X4 Of Road', NULL, NULL, NULL, '2014-01-16 18:07:15'),
('4XATH76A6D2290812', '260004750001', 50, 207, 'Ranger 800 4X4 Of Road', NULL, NULL, NULL, '2014-01-15 22:19:51'),
('4XATH76A6D2291037', '0560022430001', 27, 208, 'Ranger 800 4X4 Of Road', NULL, NULL, NULL, '2014-01-15 22:10:03'),
('4XATH76A6D2291071', '260004750001', 46, 207, 'Ranger 800 4X4 Of Road', NULL, NULL, NULL, '2014-01-15 22:18:46'),
('4XATH76A6D2291118', '260004750001', 57, 89, 'Ranger 800 4X4 Of Road', NULL, NULL, NULL, '2014-01-15 22:21:53'),
('4XATH76A6D2291121', '1865012760001', NULL, 92, 'Ranger 800 4X4 Of Road', NULL, NULL, NULL, '2013-10-26 01:38:35'),
('4XATH76A6D2293208', '0660819660001', NULL, 102, 'Ranger 800 4X4 Of Road', NULL, NULL, NULL, '2013-10-26 01:38:35'),
('4XATH76A6D2293287', '0360015690001', 38, 148, 'Ranger 800 4X4 Of Road', NULL, NULL, NULL, '2014-01-15 22:16:26'),
('4XATH76A6D4317639', '0360015690001', 86, 86, 'Ranger 800 Efi', NULL, '2014-01-30', NULL, '2014-02-06 17:25:55'),
('4XATH76A6D4317687', '0560022430001', 10, 209, 'Ranger 800 4X4 Of Road', NULL, NULL, NULL, '2014-01-15 22:03:08'),
('4XATH76A7D2290771', '0560022430001', 90, 210, 'Ranger 800 4X4 Of Road', NULL, NULL, NULL, '2014-04-02 19:10:54'),
('4XATH76A7D2290804', '0560022430001', 26, 211, 'Ranger 800 4X4 Of Road', NULL, NULL, NULL, '2014-01-15 22:09:38'),
('4XATH76A7D2290818', '0560022430001', 23, 81, 'Ranger 800 4X4 Of Road', NULL, NULL, NULL, '2014-01-15 22:08:17'),
('4XATH76A7D2290821', '260004750001', 48, 207, 'Ranger 800 4X4 Of Road', NULL, NULL, NULL, '2014-01-15 22:19:21'),
('4XATH76A7D2291063', '0560022430001', 72, 212, 'Ranger 800 4X4 Of Road', NULL, NULL, NULL, '2014-01-16 17:39:34'),
('4XATH76A7D2291077', '0660819660001', 60, 102, 'Ranger 800 4X4 Of Road', NULL, NULL, NULL, '2014-01-15 22:23:35'),
('4XATH76A7D4315575', '0360015690001', 9, 148, 'Ranger 800 4X4 Of Road', NULL, NULL, NULL, '2014-01-15 22:02:40'),
('4XATH76A7D4315592', '0360015690001', 33, 149, 'Ranger 800 4X4 Of Road', NULL, NULL, NULL, '2014-01-15 22:13:39'),
('4XATH76A7D4317665', '0660819660001', 59, 108, 'Ranger 800 4X4 Of Road', NULL, NULL, 'Se recalienta las pistas del homosinetico pasando un recorrido de 10 minutos maximo.', '2014-01-15 22:23:20'),
('4XATH76A7D4317679', '0560022430001', 73, 6, '', NULL, NULL, NULL, '2014-01-16 17:40:46'),
('4XATH76A7D4317682', '0560022430001', 29, 214, 'Ranger 800 4X4 Of Road', NULL, NULL, NULL, '2014-01-15 22:11:16'),
('4XATH76A8D2290729', '0560022430001', 30, 213, 'Ranger 800 4X4 Of Road', NULL, NULL, NULL, '2014-01-15 22:11:28'),
('4XATH76A8D2290763', '0560022430001', 74, 198, 'Ranger 800 4X4 Of Road', NULL, NULL, NULL, '2014-01-16 17:42:11'),
('4XATH76A8D2290777', '1865012760001', 13, 93, 'Ranger 800 4X4 Of Road', NULL, NULL, NULL, '2014-01-15 22:04:23'),
('4XATH76A8D2290794', '0560022430001', 25, 198, 'Ranger 800 4X4 Of Road', NULL, NULL, NULL, '2014-01-15 22:09:22'),
('4XATH76A8D2290813', '0660819660001', NULL, 102, '', NULL, NULL, NULL, '2013-11-26 22:09:22'),
('4XATH76A8D2290830', '1865012760001', 15, 96, 'Ranger 800 4X4 Of Road', NULL, NULL, NULL, '2014-01-15 22:05:05'),
('4XATH76A8D2291069', '260004750001', 47, 207, 'Ranger 800 4X4 Of Road', NULL, NULL, NULL, '2014-01-15 22:19:03'),
('4XATH76A9D2290755', '1865012760001', 18, 215, 'Ranger 800 4X4 Of Road', NULL, NULL, NULL, '2014-01-15 22:06:44'),
('4XATH76A9D2290769', '1865012760001', 91, 92, 'Ranger 800 4X4 Of Road', NULL, NULL, NULL, '2014-04-03 17:13:56'),
('4XATH76A9D2290819', '1865012760001', 63, 92, '', NULL, NULL, NULL, '2014-01-16 17:14:45'),
('4XATH76A9D2291033', '1865012760001', 12, 93, 'Ranger 800 4X4 Of Road', NULL, NULL, NULL, '2014-01-15 22:03:52'),
('4XATH76A9D2291114', '0660819660001', 81, 108, 'Ranger 800 4X4 Of Road', NULL, NULL, NULL, '2014-01-16 18:11:56'),
('4XATH76A9D2293199', '0660819660001', NULL, 101, 'Ranger 800 4X4 Of Road', NULL, NULL, NULL, '2013-10-26 01:38:35'),
('4XATH76A9D2293204', '1865012760001', 19, 216, 'Ranger 800 4X4 Of Road', NULL, NULL, NULL, '2014-01-15 22:07:02'),
('4XATH76A9D4315562', '0360015690001', 7, 149, 'Ranger 800 4X4 Of Road', NULL, NULL, NULL, '2014-01-15 22:01:35'),
('4XATH76AXD2290800', '1865012760001', 85, 233, 'Ranger 800 Efi', NULL, '2014-01-29', NULL, '2014-02-06 17:21:58'),
('4XATH76AXD2290828', '1865012760001', 65, 217, 'Ranger 800 4X4 Of Road', NULL, NULL, NULL, '2014-01-16 17:22:27'),
('4XATH76AXD2290831', '1865012760001', 92, NULL, '', NULL, NULL, NULL, '2014-04-03 17:39:19'),
('4XATH76AXD2291039', '0560022430001', 75, 224, '', NULL, NULL, NULL, '2014-01-16 17:44:28'),
('4XATH76AXD2291073', '0560022430001', NULL, 82, 'Ranger 800 4X4 Of Road', NULL, NULL, NULL, '2013-10-26 01:38:35'),
('4XATH76AXD2292062', '260004750001', 41, 87, 'Ranger 800 4X4 Of Road', NULL, NULL, NULL, '2014-01-15 22:17:24'),
('4XATH76AXD2293213', '260004750001', 49, 207, 'Ranger 800 4X4 Of Road', NULL, NULL, NULL, '2014-01-15 22:19:36'),
('4XATH76AXD2298231', '1865012760001', 64, 223, '', NULL, NULL, NULL, '2014-01-16 17:20:44'),
('4XATH76AXD4315568', '0360015690001', 34, 218, 'Ranger 800 4X4 Of Road', NULL, NULL, NULL, '2014-01-15 22:13:57'),
('4XATH76AXD4317661', '0660819660001', NULL, 107, '', NULL, NULL, NULL, '2014-04-03 18:10:15');

-- --------------------------------------------------------

--
-- Estructura de tabla para la tabla `viaje`
--

CREATE TABLE IF NOT EXISTS `viaje` (
  `id_viaje` smallint(5) unsigned NOT NULL AUTO_INCREMENT,
  `fecha_salida` date NOT NULL,
  `fecha_regreso` date NOT NULL,
  `nro_vehiculos` smallint(5) unsigned NOT NULL COMMENT 'Cuantos veiculos se piensa reparar',
  `provincias_destino` varchar(500) NOT NULL COMMENT 'Nmbre de las provincias que se quiere visitar, separadas por comas',
  `varlor_caja` decimal(5,2) NOT NULL,
  `informe` text NOT NULL,
  `registro` timestamp NOT NULL DEFAULT CURRENT_TIMESTAMP,
  PRIMARY KEY (`id_viaje`),
  UNIQUE KEY `fecha_salida` (`fecha_salida`,`fecha_regreso`)
) ENGINE=InnoDB  DEFAULT CHARSET=latin1 COMMENT='Registra los viajes realizados por los técincos, los mantenimientos dependen de los \n		viajes para existir, ya que los mantenimientos se los realiza con un viaje, se necesita\n		ingresar un viaje a Quito para los mantenimientos y reparaciones realizados en Quito' AUTO_INCREMENT=21 ;

--
-- Volcado de datos para la tabla `viaje`
--

INSERT INTO `viaje` (`id_viaje`, `fecha_salida`, `fecha_regreso`, `nro_vehiculos`, `provincias_destino`, `varlor_caja`, `informe`, `registro`) VALUES
(1, '2013-07-22', '2013-10-24', 7, 'Cañar', 200.00, 'Quito  22 de julio  2013\r\n \r\n                                  REPORTE DE TRABAJO\r\n\r\nSalida  de Quito 3:30 am dirigiéndonos  a muestro lugar de trabajo, la novedad fue en trascurso del viaje, que la autopsita   surgió  un accidente vehicular, y nos tocó coger la carretera Ambato. \r\n\r\nPara llegar al lugar establecido para hacerle manteamiento a los vehículos.\r\nLlegada al  suscal , vía Azogues  12: 45  PM y nos dirigimos  al colegio Anbrosis Andrade y procedimos a realizar con el manteamiento establecido  por el ING.GUSTAVO VACA, y cumpliendo con el cronograma de trabajo .\r\n\r\nVehículo\r\nLugar \r\nFecha \r\nPeriodo\r\nEstado \r\nObservaciones\r\n4XATH76A7D4315592\r\nCAÑAR-SUSCAL \r\n23/07/2013\r\n50.H\r\n\r\nNinguna \r\n4XATH76A9D4315562\r\nNinguna\r\n4XATH76A2D4315550\r\nNinguna\r\n4XATH76A8D4315598\r\nNinguna\r\n   \r\n Quito 23 de julio \r\n\r\nEntada al trabajo a las 8:00 am, y procedimos a terminar el ultimo vehículo, pendiente en  el CAÑAR –SUSCAL, nos dirigimos a La Trocal a realizar los trabajos  pendiente  de los dos  vehículos.\r\n\r\nVehículo\r\nLugar \r\nFecha \r\nPeriodo\r\nEstado \r\nObservaciones\r\n4XATH76A5D4315591\r\nLA TRONCAL \r\n23/07/2013\r\n50.H\r\n\r\nAceite de la caja delantera:\r\nNos presenta el siguiente  detalle  al momento  de cambiar el aceite, el Aceite con limallas  con dos objetos muy pequeños, trozos de aluminio.\r\n\r\nEn la parte  trasera del eje , de rueda derecha , procedimos a colocar grasa , en eje de en gramaje , y una abrazadera de acero  en la parte  del caucho que cubre  el eje.\r\n4XATH76A7D4315575\r\nNinguna\r\nQuito 24 de julio\r\nCulminación del trabajo  y del  manteamiento de vehículos POLARIS,  y regreso a QUITO, para la  entrega del vehículo, alquilado.\r\n\r\nEste el problema que presta los vehículos en  zona de la Troncal me supieron informa que era los do vehículo que tienes el mismo problema .\r\n El problema: el problema que podemos observar son los cauchos  de suspensión trasera que  se rompieron . ', '2013-10-25 22:04:32'),
(2, '2013-08-21', '2013-10-23', 20, 'Chimborazo', 200.00, 'MIERCOLES 21 AGOSTO 2013\r\nSolidad de QUITO 4 am y nos dirigimos a Riobamba  al centro de agricultura y pesca , a realizar el manteniendo  establecido en el cronograma . \r\nY nos dirigimos a  GUANO a realizar el manteniendo a los vehículos. Y retomarnos a RIOBAMBA a las 7.40 pm pasar la noche.\r\n4XATH76A6D2293208\r\nRIOBAMBA \r\n4XATH76A5D2293216\r\nRIOBAMBA\r\n4XATH76A5D4317678\r\nRIOBAMBA\r\nEsto vehículos  se le hizo el manteamiento   y cambio de aceite  a los tres vehículos \r\nGUANO\r\n4XATH76A1D2290779\r\nGUANO   \r\n4XATH76A9D2293199\r\nGUANO\r\n4XATH76A0D2293253\r\nGUANO\r\n4XATH76A4D2291120\r\nGUANO\r\n4XATH76A3D2290749\r\nGUANO\r\nA estos  vehículo le  adatada ron los siguientes   objetos. Pitos  retrovisores (delanteros y traseros) guías traseras  neblineros delanteros .\r\n( 4XATH76A1D2290779) (4XATH76A4D2291120) (4XATH76A3D2290749)\r\n22 DE AGOSTO 2013\r\nSalida de RIOBAMBA  a las 7:40  AM  y nos dirigimos a COLTA a cumplir el manteamiento establecido. \r\nY salidad desde COLTA 1:30  PM y nos dirigimos a ALAUSI llegada 3:10 PM a proceder el manteniendo hora de terminar el manteniendo 6.30 PM y nos dirigimos a CHUNCHI  a pasar la noche \r\nCOLTA\r\n4XATH76A2D4317668\r\nCOLTA\r\n4XATH76A6D2290745\r\nCOLTA\r\n4XATH76A4D2290808\r\nCOLTA \r\n4XATH76A1D2290751\r\nCOLTA\r\n4XATH76A2D4317640\r\nCOLTA\r\nEsto vehículos  se le hizo el manteamiento   y cambio de aceite .\r\nALAUSI\r\n4XATH76A7D4317665\r\nALAUSI\r\n4XATH76A4D2290825\r\nALAUSI\r\n4XATH76A6D2290759\r\nALAUSI\r\n4XATH76A9D2291114\r\nALAUSI\r\nSolo se realizó los chuequeo respectivos  del vehículos  .No se realizó el cambio de aceite\r\n(4XATH76A7D4317665)\r\nA estos  vehículo le  adatada ron los siguientes   objetos. Pitos  retrovisores (delanteros y traseros) guías traseras  neblineros delanteros .\r\n(4XATH76A4D2290825)  (4XATH76A6D2290759)  (4XATH76A9D2291114)\r\n\r\n23 DE AGOSTO 2013\r\nRealizamos el manteamiento a los vehículos   Y salimos desde CHUNCHI  a las 11.30 ,\r\nY nos dirigimos  a LASSO  a llegada a LASSO a 3.30cumplir el ultimo manteniendo y salida para QUITO  \r\nCHUNCHI\r\n4XATH76A0D4317667\r\nCHUNCHI\r\n4XATH76A4D2290792\r\nCHUNCHI\r\nEsto vehículos  se le hizo el manteamiento   y cambio de aceite .\r\n (4XATH76A0D4317667)\r\nA estos  vehículo le  adatada ron los siguientes   objetos. Pitos  retrovisores (delanteros y traseros) guías traseras  neblineros delanteros .\r\nTenía dañado  el caucho del eje  trasero de la rueda. Y procedimos a la reparación del caucho, a coser el caucho con una piola y cubrir con una cinta  alrededor  Al del caucho del eje trasero. \r\nA este vehículo no se cambió el aceite , del motor , de caja delantera, caja de trasmisión \r\n(4XATH76A4D2290792)\r\nLASSO\r\nEsto vehículos  se le hizo el manteamiento   y cambio de aceite .\r\n4XATH76A7D2291063\r\n26 DE AGOSTO 2013\r\nSolidad de QUITO 9:20 am y nos dirigimos a SIGCHOS   al centro de agricultura y pesca , a realizar el manteniendo  establecido en el cronograma . \r\n4XATH76A0D2293205\r\nSe le completo el Líquido de freno , líquido  refrigerante  , tuerca  trasera dañada.\r\n Y  se envió un 1.L aceite  del motor para el vehículo . que estaba  con el problema del aceite bajo. en pueblo de PALO QUEMADO  para que completen el nivel de aceite  \r\n27 DE AGOSTO 2013\r\nSolidad de QUITO 9:40 am y nos dirigimos a LATACUNGA     al centro de agricultura y pesca , a realizar el manteniendo  establecido en el cronograma . y nos dirigimos a PULIJI para verificar el vehículo que tuvo el accidente \r\nEl vehículo  tiene  cambiado   dos  tuercas, de  la rueda trasera, por  dos turcas  de roscas diferente porque cuando  estaban cambiando la rueda  se aislaron  las  tuercas y la válvula  de la rueda ya también fue relanzada  por una de aluminio \r\n4XATH76AXD2291073\r\n PUJILI \r\nEste   vehículo  se le reviso  el sistema  de aceleración y comprobamos los  niveles de líquidos, aceite, freno y refrigerante.\r\n Y no se  cambió del aceite  del motor , caja delantera  , caja de transición \r\n4XATH76A0D2293222\r\nA este  fue del problema que se quedó acelerado y se golpeó con otro vehículo.', '2013-10-25 22:12:03'),
(3, '2013-08-26', '2013-10-27', 2, 'Cotopaxi', 50.00, '26 DE AGOSTO 2013\r\nSolidad de QUITO 9:20 am y nos dirigimos a SIGCHOS   al centro de agricultura y pesca , a realizar el manteniendo  establecido en el cronograma . \r\n\r\n4XATH76A0D2293205\r\nSe le completo el Líquido de freno , líquido  refrigerante  , tuerca  trasera dañada.\r\n Y  se envió un 1.L aceite  del motor para el vehículo . que estaba  con el problema del aceite bajo. en pueblo de PALO QUEMADO  para que completen el nivel de aceite  \r\n27 DE AGOSTO 2013\r\nSolidad de QUITO 9:40 am y nos dirigimos a LATACUNGA     al centro de agricultura y pesca , a realizar el manteniendo  establecido en el cronograma . y nos dirigimos a PULIJI para verificar el vehículo que tuvo el accidente \r\nEl vehículo  tiene  cambiado   dos  tuercas, de  la rueda trasera, por  dos turcas  de roscas diferente porque cuando  estaban cambiando la rueda  se aislaron  las  tuercas y la válvula  de la rueda ya también fue relanzada  por una de aluminio \r\n4XATH76AXD2291073\r\n PUJILI \r\nEste   vehículo  se le reviso  el sistema  de aceleración y comprobamos los  niveles de líquidos, aceite, freno y refrigerante.\r\n Y no se  cambió del aceite  del motor , caja delantera  , caja de transición \r\n4XATH76A0D2293222\r\n A este  fue del problema que se quedó acelerado y se golpeó con otro vehículo.', '2013-10-25 22:17:39'),
(4, '2013-08-09', '2013-10-09', 2, 'Cotopaxi', 50.00, 'Informe Viaje Mantenimiento\r\n\r\nInforme No: IV-2013-04\r\nQuito, 10 de agosto 2013\r\nFecha Salida:  09 de Agosto del 2013\r\nFecha Retorno: 09 de Agosto del 2013\r\nTécnicos: Eduardo Villota, Galo Sinchiguano\r\nProvincias de Destino: Cotopaxi\r\nNro. De Vehículos: 2 vehículos\r\nValor de Caja: 50\r\n\r\nHistorial de Mantenimientos:\r\nSe realiza el mantenimiento de dos vehículos cerca a Latacunga\r\n\r\nÍtem\r\nLugar\r\nCantidad\r\n1\r\nGuangaje\r\n1\r\n2\r\nPujili\r\n1\r\n\r\nNovedades:\r\nVIN: 4ATH76A4D2290713\r\nVehículo con el tapón dañado, se aíslo la cabeza del tapón de la caja delantera\r\nAtentamente: \r\nEduardo Villota', '2013-10-25 22:36:03'),
(5, '2013-09-10', '2013-10-11', 3, 'Cotopaxi', 40.00, 'QUITO 11 SEPTIEMBRE 2013\r\nEn la provincia de Cotopaxi  - LA ESPERANZA (tingo) nos dirigimos a realizar el último mantenimiento  del  vehículo, a cargo de DR. VANESSA ALAJO.\r\nVIN: 4XATH76A0D4317684\r\nObservación:\r\nComo podemos observar las fotos con cables cortados, era  el causante  del problema que se encendía  la luz roja del aceite, luego de hacer las respectivas pruebas   sobre el sistema electrónico del vehículo, el problema de la luz roja del aceite no se apagaba. Procedimos  a  la reparación del daño uniendo  los cables con sus colores respectivos, luego de terminar con el arreglo., la luz roja del aceite ya desapareció \r\nObservaciones generales:\r\nEste cable cortado  un cable muy importante  porque conectad con los sensores de aceite, temperatura.\r\n                        REPORTE DE MANTENIMIENTO POLARIS \r\nSe realizó el  mantenimiento 3 vehículos  con las reglas establecidas en la provincia de COTOPAXI.\r\nVEHÍCULO\r\nLUGAR \r\nFECHA \r\nPERIODO\r\nOBSERVACIONES\r\n4XATH76A6D4317687\r\nTanicuchi-Cotopaxi\r\n23/07/2013\r\n60.H\r\nMantenimiento completo, El aro de la rueda derecha se encuentra doblada un poco en parte de abajo. Y se ajustó el tornillo del desfogue del motor.\r\n4XATH76A5D2292065\r\nCanchagua-Cotopaxi\r\n61.H\r\nMantenimiento completo, El filtro tenía mucho polvo.\r\n4XATH76A0D4317684\r\nLa esperanza(tingo)-Cotopaxi \r\n52.H\r\nMantenimiento completo, Tenía cortados los cables que conectan con los sensores, del aceite, temperatura. \r\n\r\nOBSERVACIONES:\r\nSe le entrego SR. JAVIER  MOYA  2 LTS aceite del motor  los siguientes SR.\r\nIng. Alba zarita. 1.LTS\r\nSr. Romel  Cevallos . 1.LTS \r\nLa entrega de estos 2 lts  era para completar el nivel de aceite, para que sigan trabajando por que no cumplen las 50 .horas establecidas para el cambio de aceite.\r\nAtentamente:\r\n\r\nTec. Galo Sinchiguano                                           Marcos llumiquinga \r\n\r\n\r\n', '2013-10-25 22:44:10'),
(6, '2013-09-16', '2013-09-20', 16, 'Tungurahua, Cotopaxi', 220.00, ' 17  SEPTIEMBRE  2013\r\nSalida de QUITO  las 8:00 am, y nos dirigimos  a  realizar  los mantenimiento   establecido  en la provincia  de Tungurahua- Ambato.\r\nFecha \r\nLugar \r\nProvincia \r\nVehículo \r\n17/09/2013\r\nPillarlo \r\nTungurahua \r\n3\r\n\r\nObservación: en la provincia  de Tungurahua – Ambato  sin novedad.\r\n18 SEPTIEMBRE 2013\r\nSalida de AMBATO  a  PELILEO a las 7:30 am   a realizar el mantenimiento establecido en  el cronograma. \r\nFecha \r\nLugar \r\nProvincia \r\nVehículo \r\n18/09/2013\r\nPELILEO-QUINCHICOTO- YANAYACU–CEVALLOS– PILAHUIN –QUISAPINCHA \r\nTungurahua \r\n8\r\nObservación:En la zona de Quinchicoto, el siguiente vehículo: 4XATH76AXD220828presenta un sonido en la parte  trasera, del vehículo,  este sonido se produce  al momento que el vehículo se pone en marcha, y recorre a cierta velocidad. Y se realizó el chequeo respectivo  del vehículo , analizando las siguiente , piezas se verificó , las cruceta , los ejes trasero , o algún tornillo flojos , estas piezas estaban bien, y el sonido seguía  presente en el vehículo .\r\nY el encargado de la zona de Tungurahua – Ambato decidió que el vehículo se trasportado  a QUITO para que se realice un chequeo íntegro.\r\nObservación:En PELILEO el siguiente vehículo:4XATH76A8D2290830, este vehículo  se recalentó, no tenía refrigerante y se colocó 3 litros de refrigerante, no presentaba  ninguna  falla del motor. \r\n19 SEPTIEMBRE 2013\r\nSalida  de AMBATO –PULIJI  a las 8:am no dirigimos  la provincia de Cotopaxi –LA MANA   a realizar los manteamiento establecido en el cronograma  , en trascurso del camino  de vía PULIJI  para LA MANA  , la novedad fue que la vía estaba cerrada  por un derrumbé  , nos tocó  esperar  hasta que la vía se habilite .\r\nY llegada  a LA MANA 2:40 pm   a realizar el mantenimiento establecido.\r\nFecha \r\nLugar \r\nProvincia \r\nVehículo \r\n19/09/2013\r\nLa mana \r\nCOTOPAXI \r\n2\r\nObservación: sin novedad. \r\n20  septiembre 2013\r\nSalida de LA MANA – MORASPUNGO  a las 7:30 am   a realizar el mantenimiento establecido en  el cronograma en la zona del corazón.\r\nFecha \r\nLugar \r\nProvincia \r\nVehículo \r\n19/09/2013\r\nMORASPUNGO \r\nCOTOPAXI \r\n1\r\n19/09/2013\r\nEL CORAZÓN \r\nCOTOPAXI \r\n3\r\n\r\nObservación:Este vehículo:4XATH76A0D2291101 tiene un problema cuando se enciende el vehículo  las luces trasera se enciende y no se pagan.\r\n    19 septiembre 2013\r\nVEHÍCULOS ACCIDENTADOS\r\nEste  vehículo: 4XATH76A4D2290761 accidentado  en LA MANA presenta los siguientes daños:\r\n1) Prestada el dañado el frente delantero del guarda choque.\r\n2) Tiene dañado la superficie izquierda  de la mascarilla.\r\n3)  Y no presenta daños  mayores en elvehículo.\r\n18 septiembre 2013\r\n                                      VEHÍCULOS  PARA REVISIÓN COMPLETA \r\nEn la zona de Quinchicoto, el siguiente vehículo: 4XATH76AXD220828 presenta un sonido en la parte  trasera, del vehículo,  este sonido se produce, al momento que el vehículo se pone en marcha, y recorre a cierta velocidad.\r\n Y se realizó el chequeo respectivo  del vehículo , analizando las siguiente , piezas  que verificó , las cruceta , los ejes trasero , o algún tornillo flojos , estas piezas estaban bien, y el sonido seguía  presente en el vehículo .\r\nObservación: El encargado de  zona de Tungurahua – quiere transportar el vehículo  para la cuidad de QUITO para realizar la reparación  del sonido del vehículo.\r\nLuego de  observar  y analizar el sonido que presentaba el vehículo, la conclusión final es desarmar la caja de cambio para revisar los engranajes, para ver si están en su estado normal.', '2013-10-25 22:46:50'),
(7, '2013-10-02', '2013-10-04', 14, 'Cañar', 200.00, 'Informe Viaje Mantenimiento\nInforme No: IV-2013-07\nQuito, 05 de Octubre del 2013\nFecha Salida: 2de Octubre del 2013\nFecha Retorno: 4de Octubre del 2013\nTécnicos: Marco Llumiquinga, Galo Sinchiguano\nProvincias de Destino: Azogues\nNro. De Vehículos: 15 vehículos\nValor de Caja: \nHistorial de Mantenimientos:\n5 de Octubre del 2013 (azogues)\nSalida de Quito a las 06 00 con destino a azogues  realizando el manteamiento  a 2 vehículos, y  1  reparación del caucho o  guarda grasa  del eje trasero derecho realizados en los siguientes lugares:\nÍtem\nLugar\nCantidad\n1\nshut\n1\n2\nsuscal\nCaucho  reparar\n3\npicalpata\n1\nSalimos a  cañar para pasar la noche.\n3 de Octubre del 2013 (azogues)\nEn cañar   5 mantenimientos, realizados en los siguientes lugares:\nÍtem\nLugar\nCantidad\n1\ncañar\n2\n2\nbiblian\n2\n3\nazogues\n1\nPasamos la noche en cañar \n4 de octubre del 2013 (azogues)\nSalimos 07: am  dirección la troncal   7 mantenimientos, realizados en los  siguientes lugares\nÍtem\nLugar\nCantidad\n1\ntroncal\n4\n2\nTroncal suya\n1\n3\nGualle turo  troncal\n2\n\nNovedades:\nEl vehiculo con numero de vin  4XATH76A9D4315562  tiene doblado el protector de la parte de debajo de motor  es el segundo cambio de aceite  este vehículo  tiene desgastadas  las ruedas traseras   en un 70 %,  también se prendió la luz del motor cuando se aceleraba a 90 kilómetros por hora.\nEl vehiculo con numero de vin 4XATH76A7D4315575 tiene dañado el cable de inyección, Se le iso el cambio de  aceite y de filtro de aceite, tiene dañado el tapón de cambio de aceite del motor. Se le puso un tapón  nuevo en la caja frontal\nEl vehiculo con numero de vin 4XATH765D4315591  este vehículo se le cambio el caucho del eje trasero   y por lo cual no se realizó el mantenimiento respectivo.\n\nAtentamente: \nMarco Llumiquinga', '2013-10-19 01:38:03'),
(8, '2013-10-15', '2013-10-18', 23, 'Bolivar', 250.00, '15  OCTUBRE  2013\r\nSalida de QUITO  las 1:30 pm, y nos dirigimos  a  realizar  los mantenimiento   establecido  en la provincia  de Guaranda \r\nFecha \r\nLugar \r\nProvincia \r\nVehículo \r\n15/10/2013\r\nGuaranda \r\nBolívar \r\n3\r\nObservación: sin novedad. \r\nY luego nos dirigimos a  salinas a  seguir  con mantenimiento establecido en cronograma.\r\nFecha \r\nLugar \r\nProvincia \r\nVehículo \r\n15/10/2013\r\nGuaranda \r\nSalinas  \r\n3\r\nObservación: sin novedad. \r\n16 OCTUBRE  2013\r\nNos dirigimos a san pablo  a realizar el  mantenimiento.\r\nFecha \r\nLugar \r\nProvincia \r\nVehículo \r\n16/10/2013\r\nGuaranda \r\nSan pablo \r\n5\r\nObservación: sin novedad. \r\nFecha \r\nLugar \r\nProvincia \r\nVehículo \r\n16/10/2013\r\nGuaranda \r\nChimbo \r\n4\r\nObservación: Este vehículo:4XATH76A0D4315563 tiene un sonido, en la parte  trasera del motor , cuando el vehículo  está en marcha . \r\n17 OCTUBRE 2013\r\nNos dirigimos a caluma  a realizar el  mantenimiento.\r\nFecha \r\nLugar \r\nProvincia \r\nVehículo \r\n17/10/2013\r\nGuaranda \r\nCaluma \r\n5\r\nObservación: Este vehículo:4XATH76A2D4315564  a este vehículo , le faltaba  aceite en el motor .\r\nLos tornillos de la rueda  trasera  fueron sustituidos por otros tornillos, porque la rueda se salió del vehículo. \r\n18 OCTUBRE 2013\r\nNos dirigimos a Ambato  a realizar el  mantenimiento.\r\nFecha \r\nLugar \r\nProvincia \r\nVehículo \r\n18/10/2013\r\nAmbato \r\nAmbato \r\n2\r\nObservación: Este vehículo:4XATH76A8D229077 Solo se realizó el chequeo respectivos porque no se encendida , y se le reviso el cable de las bujías y se limpió las bujías y se comprobó  el pase de gasolina al motor , luego de realizar estos chequeos respectivos el vehículo se encendió. Y no se realizó el cambio de aceite   \r\n\r\nVEHICULOS DAÑADOS \r\n Este vehículo 4XATH76A4D2290050 en Guaranda  presenta el siguiente daño no se enciende, se chequeo los cables de la bujía, el paso de gasolina del tanque al motor,  solo nos faltó chequear las bujías, del motor  y realizo el cambio del aceite.\r\nEste vehículo tiene que trasportarlo a QUITO para hacer las revisiones  respectivas  y  solucionar el daño del dicho vehículo.  ', '2013-10-22 01:08:54'),
(9, '2013-10-16', '2013-10-17', 7, 'Cotopaxi, Pichincha', 100.00, 'Informe Viaje Mantenimiento\nInforme No: IV-2013-09\nQuito, 18 de Octubre del 2013\nFecha Salida: 16 de Octubre del 2013\nFecha Retorno: 17 de Octubre del 2013\nTécnicos: Eduardo Villota, Richard Catagña\nProvincias de Destino: Cotopaxi, Pichincha\nNro. De Vehículos: 7 vehículos\nValor de Caja: 100,00\nHistorial de Mantenimientos:\n16 de Octubre del 2013 (Cotopaxi)\nSalida de Quito a las 06:30am con destino a Latacunga realizando manteamiento sin novedades a cinco vehículos, mantenimientos realizados en los siguientes lugares:\nÍtem\nlugar 		Cantidad\n1\nJosé Guango Bajo\n1\n2\nMulliquindil\n1\n3\nMulalillo\n1\n4\nSaquisili\n1\n5\nCusubamba\n1\nSalida de Latacunga con destino a Machachi para pasar la noche.\n17 de Octubre del 2013 (Pichincha)\nSalida de Machachi a las 7:00am  con destino a Tandapi (Santo Domingo) realizando manteamiento sin novedades a cinco vehículos, mantenimientos realizados en los siguientes lugares:\nÍtem\nLugar\nCantidad\n1\nTandapi\n2\nNovedades:\nS/N\nAtentamente:\nEduardo Villota', '2013-10-19 00:40:54'),
(10, '2013-10-22', '2013-10-22', 6, 'Chimborazo, Tungurahua', 60.00, '                                 POLARIS INFORME 22 OCTUBRE\n  Salidad de Quitó a las 6 am y nos dirigimos a Riobamba a realizar el mantenimiento \n 6 vehículo . 1 cambio de aceite en Ambato  .5 en Riobamba  reparación del  caucho de eje trasero.\n\nRIOBAMBA \nEste vehiculo 4XAT76A7D221077 tiene un degastes de los bocines de la cruceta de la rueda derecha, esto causa que la rueda se ubique a un lado vertical\n\n 4XATH76A4D2290792 reparación del caucho  no se realizó el cambio de aceite.\nEste caucho fue reparado  y cómo podemos  observar en la imagen.\n4XATH76AD4317665 Este vehículo se le reparo el caucho \nEste caucho del lado, izquierdo fue reparado, y se probó el vehículo  para ver sí el caucho resistía, este lado estaba más caliente que el otro .esto podría ser las consecuencia que los caucho se rompan, (tenía la punta fuera  de la caja de cambio)\n.\nEste 4XATH76A1D2290751  Reparación del caucho y no se realizó el cambio de aceite.\n                                   VEHÍCULO DAÑADO \n4XATH76A5D2293197 Este vehículo tenía salido el eje de la  rueda trasera. Y procedimos  a la reparación del daño, los rulimanes  estaban con fisuras. \nComo podemos observar el desgaste de pieza de este el vehículo hay que sustituir totalmente la pieza  .', '2013-10-25 22:49:49'),
(11, '2013-10-30', '2013-10-30', 4, 'Riobamba, Tungurahua', 80.00, 'Informe Viaje Mantenimiento\n\nInforme No: IV-2013-11\nQuito, 31 de Octubre del 2013\n\nFecha Salida: 30 de Octubre del 2013\nFecha Retorno: 30 de Octubre del 2013\nTécnicos: Eduardo Villota, Marco Llumiquinga\nProvincias de Destino: Riobamba\nNro. De Vehículos: 3 vehículos\nValor de Caja: 80\n\n\nHistorial de Mantenimientos:\n\n30 de Octubre del 2013 (Riobamba)\nSalida de Quito a las 06 00 con destino a Riobamba, y  3  cambios  del caucho o  guarda grasa  del eje trasero izquierdo de los vehículos que anteriormente se los habían cambiado realizando en cambio en los siguientes lugares:\nÍtem	Lugar	Cantidad\n1	MAPAG Riobamba la quinta Macagi	3\n\n3 de Octubre del 2013 (Riobamba)\nLuego nos dirigimos al Triunfo pasando por Baños pasadas las 4 de la tarde para realizar el mantenimiento al vehiculo en los  siguientes lugares:\n\nÍtem	Lugar	Cantidad\n1	El Triunfo	1\n\n\nNovedades:\n•	El vehiculo con numero de vin  4XATH76A1D2290751 este vehiculo presentaba la punta del  eje desgastada se le remplazo con el eje del vehiculo 4XATH76A7D437665 para déjalo en un buen funcionamiento \n•	El vehiculo con numero de vin 4XATH76A5D2293197 este vehiculo se le retiro el eje derecho para probarlo en el vehiculo con numero de vin 4XATH76A7D437665 para verificar el calentamiento del lado izquierdo trasero este carro esta embancado para reparación de ejes.\n\n•	El vehiculo con numero de vin  4XATH76A3D2290802  a este vehiculo solo se le hizo el cambio de aceites respectivos del primer cambio.\n\n\n\nAtentamente: \n\n\n\nMarco Llumiquinga\n', '2013-11-01 00:30:12'),
(12, '2013-11-04', '2013-11-05', 8, 'Cotopaxi, Tungurahua', 120.00, '\nInforme Viaje Mantenimiento\n\nInforme No: 12-2013-12\nQuito, 06 de noviembre del 2013\n\n\nFecha Salida: 04 NOVIEMBRE DEL 2013\nFecha Retorno: 05 NOVIEMBRE DEL2013\nTécnicos:, Marco Llumiquinga, Richard Catagña\nProvincias de Destino: Ambato   Latacunga\nNro. De Vehículos: 8 vehículos\nValor de Caja: 120\n\nHistorial de Mantenimientos:\n\n04 de noviembre de 2013 (Ambato Latacunga)\nSalida de Quito a las 10 45 con destino  Ambato,  parroquia Montalvo  4XATH76AXD229831 este vehículo estaba dañado  tenia  agua en el tanque de gasolina procedimos a  sacar el agua del tanque  de gasolina, limpiar y secar y calibrar las bujías,  limpiar  el agua que había en la bomba de gasolina  comprobamos q el vehículo  encendía  correctamente. Luego  nos dirigimos alaquez  Latacunga\nÍtem\nLugar\nCantidad\n1\nMontalvo   \n1\n2\nalaquez\n1\n\n04 de noviembre del 2013 (Latacunga)\nLuego nos dirigimos a pilalo que  está a 2 horas de Latacunga a pasar la noche  para empezar en la mañana  realizamos mantenimiento  en  los siguientes lugares:\n05 de noviembre de 2013\nÍtem\nLugar\nCantidad\n1\nPilalo\n1\n2\nAngamarca\n1\n3\nLa victoria\n1\n4\nBelisario Quevedo\n1\n5\nLasso\n1\n6\nTanicuchi      \n1\n\n\nNovedades:\nTanicuchi el  vehículo con numero de vin  4XATH76A6D4317687 este vehículo se le encendía el chec engine y perdía fuerza se le completo el aceite de motor.  llamar  para saber si está trabajando bien el vehículo\n\n\nAtentamente:\n\nTec : Marco Llumiquinga\n', '2013-11-14 15:23:04'),
(13, '2013-11-20', '2013-11-22', 12, 'Riobamba, Azoguez', 120.00, 'Informe Viaje Mantenimiento\r\n\r\nInforme No: IV-2013-13\r\nQuito,  24 de noviembre del 2013\r\n\r\n\r\nFecha Salida: 20 NOVIEMBRE DEL 2013\r\nFecha Retorno: 22 NOVIEMBRE DEL2013\r\nTécnicos:, Marco Llumiquinga, Galo Sinchiguano\r\nProvincias de Destino: Riobamba, Azoguez\r\nNro. De Vehículos: 12 vehículos\r\nValor de Caja: 120\r\n\r\nHistorial de Mantenimientos:\r\n\r\n20 de noviembre de 2013 (Riobamba)\r\nSalida de Quito a las 16:00 con destino a Riobamba para pasar la noche ahi y en la mañana del siguiente dia realizar el mantenimiento en los siguientes lugares.\r\n\r\nAl siguiente vehículo se le hizo el cambio de aceite el 21 de Noviembre del 2013:\r\n\r\nÍtem\r\nLugar\r\nCantidad\r\n1\r\nRiobamba\r\n3\r\n2\r\nAlausi\r\n3\r\n\r\nNovedades:\r\nAl vehiculo ubicado en Riobamba con numero de vin 4XATH76A5D2293197 este vehiculo era el que anteriormente estaba enbamcado por lo cual rectifico  de los ejes traseros y se cambio loas homosineticos y los cauchos respectivos del guardagrasa.\r\n Al vehiculo ubicado en Riobamba con el numero de vin 4XATH76A1D2290751 a este vehiculo se cambio el eje trasero izquierdo completo. Se le iso las pruebas correspondientes y nos pudimos dar cuenta que el homosinetico seguia calenteandose un poco.\r\nAl vehiculo ubicado en Tizan/Riobamba con numero de vin 4XATH76A7D4317665 a este vehiculo se le iso el cambio del caucho guardagrasa trasero izquierdo.\r\n\r\n\r\n\r\nLuego nos dirigimos a Chunchi para poder pasar la noche\r\n\r\n22 de noviembre de 2013\r\nAl siguiente vehiculo se le iso el cambio de aceite.\r\n\r\nÍtem\r\nLugar\r\nCantidad\r\n1\r\nChunchi/ Riobamba\r\n1\r\n\r\n\r\nNovedades:\r\nAl vehiculo ubicado en Chunchi / Riobamba con numero de vin 4XATH76A4D2290792 a este vehiculo ademas de acerle el cambio de aceites respectivos tambien se le iso el cambio del homosinetico y caucho respectivo.\r\nLuego de esto no dirigimos a Azoguez para acer las revisiones.\r\nAl vehiculo ubicado en Suscal / Azoguez con el numero de vin 4XATH76A1D2291043 a este vehiculo se le reviso la bomba de gasolina y podimos encontrar que estaba oxidada motivo por la cual el tanque de gasolina se encontraba con agua. LA BOMBA SE ENCUENTRA EN QUITO.\r\nAl vehiculo ubicado en Biblian / Azoguez con el numero de vin 4XATH76AXD4315568 este vehiculo tenia un golpe en la rueda delantera izquierda por lo que esta doblado los brasos de la mesa y el chasis. \r\n\r\n\r\nAtentamente:\r\n\r\nTec: Marco Llumiquinga', '2013-11-26 22:10:35'),
(14, '2013-12-02', '2013-12-05', 6, 'Latacunga, Guaranda, Ambato', 200.00, 'Informe Viaje Mantenimiento\r\n\r\nInforme No: IV-2013-14\r\nQuito,  05 de Diciembre del 2013\r\n\r\n\r\nFecha Salida: 02 DICIEMBRE DEL 2013\r\nFecha Retorno: 04 DICIEMBRE DEL2013\r\nTécnicos:, Marco Llumiquinga, Galo Sinchiguano\r\nProvincias de Destino: Latacunga, Guaranda, Ambato\r\nNro. De Vehículos: 6 vehículos\r\nValor de Caja: 200\r\n\r\nHistorial de Mantenimientos:\r\n\r\n02 de DICIEMBRE DE 2013 (Cotopaxi, Latacunga)\r\nSalida de Quito a las 11:30 AM con destino a Latacunga  para realizar el mantenimiento en los siguientes lugares establecidos en la ruda del viaje establecido.\r\n\r\nAl siguiente vehículo se le hizo el cambio de aceite.\r\n\r\nItem	Lugar	Cantidad\r\n1	Latacunga :Juan Montalvo pasto calle sumbahua  	3\r\n\r\nNovedades:\r\n•	Al vehículo ubicado en Latacunga  con numero de vin 4XATH76AXD2291073 este vehículo \r\nSolo tenía 1\\2 de aceite en el motor.\r\n\r\nLuego nos dirigimos a TINGO – LA ESPERANZA para poder pasar la noche\r\n\r\n03  de diciembre 2013\r\n4XATH76A0D4317684 este vehículo tenia  cables rotos  problema que ocasionaba que se encendiera la luz check engine ,pérdida de fuerza del motor problema al cambiar de tracción del vehículo\r\nLos cables  presentaban  un corte recto, del lado derecho e, izquierdo  del motor\r\n\r\nNovedades:\r\n•	Al vehículo ubicado en Guaganje/ latacunga con número de vin 4XATH76A2D4317220.\r\nHay que cambiarle el filtro del aire.\r\n•	Luego de esto nos dirigimos a Guaranda  para hacer las revisiones.\r\n•	Al vehículo ubicado en Guaranda  con el  vin 4XATH76A4D2290050 a este vehículo se le reviso las bujías, cable de bujías , el paso de gasolina  a los inyectores se le reviso el paso de corriente continua , y no encendió el vehículo.\r\n•	Al vehículo con el número de vin 4XATH76A2D2291049 este vehículo tenía  dañado  las crucetas, golpes en los amortiguadores, la barra de torsión un poco doblada. Este  vehículo debe ser transferido  a quito para su reparación total. \r\n04  de diciembre 2013\r\nAl siguiente vehículo se le realizo la siguiente revison.\r\n\r\nÍtem	Lugar	Cantidad\r\n1	Caluma 	1\r\n\r\nNovedades:\r\n•	Al vehículo ubicado en caluma  con número de vin 4XATH76A0D2290787 . revisión del vehículo  porque perdía fuerza, se realizó el proceso respectivo, revisión de las bujías. la bujía estabas un poco quemadas, y tenían un poco de aceite, se comprobó el paso de gasolina  a los inyectores, al momento de realizar las limpiezas de las bujías, el vehículo se recuperó  un 70% de su  velocidad.\r\n\r\nLuego de esto no dirigimos  a pelileo , pillarlo   para hacer los cambios de aceite . \r\nÍtem	Lugar	Cantidad\r\n	Pillar	1\r\n1	Pelileo 	1\r\n\r\nLuego nos dirigimos a Quito .\r\n\r\n\r\nAtentamente\r\n\r\n\r\n\r\n\r\n\r\n\r\n\r\n\r\n\r\n\r\n\r\n\r\n      __________________________                       \r\nTEC: MARCOS LLUMIQUINGA                                          \r\n___________________________\r\nTEC: GALO SINCHIGUANO\r\n\r\n\r\n', '2013-12-19 19:29:51'),
(15, '2014-01-13', '2014-01-15', 14, 'cotopaxi chimborazo azogues', 200.00, '                           INFORME VIAJE MANTENIMIENTO POLARIS 2014\n\nInforme No: \n                                                                                                                          QUITO, 17  ENERO  2014\nFecha Salida: 13 de enero del 2014\nFecha Retorno: 15 de  enero del 2014\nTécnicos: Marco Llumiquinga, Galo Sinchiguano\nProvincias de Destino: COTOPAXI- CHIMBORAZO- AZOGUES\nNro. De Vehículos realizado el cambio de aceite: 5 vehículos\nNro. De Vehículos reparados: 7 vehículos\nNro. De Vehículos inspecciones: 2 vehículos\n\n\nValor de Caja: \nHistorial de Mantenimientos:\n\n13 DE ENERO DEL 2014 (COTOPAXI)\nSalida de Quito a las 07:00am con destino a Latacunga realizando manteamiento sin novedades a tres  vehículos, mantenimientos realizados en los siguientes lugares:\nÍtem	Lugar	Cantidad\n1	Tanicuchi	1\n2	Canchagua	1\n3	La mana	1\n		\n\nObservación: en la provincia  de COTOPAXI .sin novedad.\nSalida de LA MANA con destino a RIOBAMBA  para pasar la noche.\n13 DE ENERO DEL 2014  (RIOBAMBA)\nLuego nos dirigimos a  LA QUINTA MACAJI  para realizar el mantenimiento los  siguientes vehículos:\n\nÍtem	Lugar	Cantidad\n1	Riobamba)	1\n\n\n\n\n\n\n14 DE ENERO DEL 2014  (RIOBAMBA)\nLuego nos dirigimos a  PALMIRA -GUAMOTE  para realizar el mantenimiento al siguiente vehículo:\n\nÍtem	Lugar	Cantidad\n1	Palmira -Guamote  	1\n\n\nNOVEDADES:\n•	Al  siguiente vehículo en la provincia  CHIMBORAZO  - SUSCAL VIN: 4XATH76A7D4315592 se realizó la reparación del caucho guarda grasa del homocinético  del lado derecho, Y  se instaló la bomba  de gasolina  nueva.\n•	Al  siguiente vehículo en la provincia COTOPAXI – TOACASO VIN: 4XATH76A7D2291063 se realizó la reparación del homocinético  del lado derecho y se coló un homocinético nuevo. Este vehículo tiene las ruedas traseras nuevas\n•	Al  siguiente vehículo en la provincia CHIMBORAZO – PANGOR  VIN: 4XATH76A1D2290751 se realizó la reparación del homocinético  del lado Izquierdo, y se coló un homocinético nuevo.\n•	Al  siguiente vehículo en la provincia CHIMBORAZO –  GUASUNTO   VIN: 4XATH76A9D2291114 se realizó la reparación del caucho guarda grasa del  homocinético  del lado derecho.\n•	Al  siguiente vehículo en la provincia CHIMBORAZO – CHUNCHI  VIN: 4XATH76A4D2290792 se realizó la  siguiente inspección de la  rotura del caucho guarda grasa del  homocinético  del lado izquierdo.\n•	Al  siguiente vehículo en la provincia CHIMBORAZO –  RIOBAMBA    VIN: 4XATH76A0D2293253 se realizó la reparación del caucho guarda grasa del  homocinético  del lado derecho.\n•	Al  siguiente vehículo en la provincia CHIMBORAZO –  RIOBAMBA    VIN: 4XATH76A0D2293253 se realizó la reparación del caucho guarda grasa del  homocinético  del lado derecho.\n•	Al siguiente vehículo en la provincia CHIMBORAZO – PARROQUIA FLORES VIN: 4XATH76A5D4317678  se realizó la revisión de un sonido de la parte trasera del vehículo. Este sonido en la parte trasera  del vehículo corresponde al sonido del disco del  freno de mano.\n\n•	Al siguiente vehículo en la provincia CHIMBORAZO – RIOBAMBA VIN: 4XATH76A5D2293216 se realizó la revisión  de la siguiente pieza por el cual el vehículo se apaga constantemente.\n•	Se realizó la limpieza de las bujías.\n•	Se comprobó  el paso de corriente a los inyectores.\n•	Se comprobó el funcionamiento de los fusibles.\n•	Y se realizó las pruebas  de verificación del vehículo.\n•	El vehículo funciona correctamente.\n\n\n\n       __________________________                                      ¬¬__________________________  \n        TEC: MARCOS LLUMIQUINGA                                          TEC: GALO SINCHIGUANO\n\n', '2014-01-21 16:14:16'),
(16, '2014-01-28', '2014-01-31', 15, 'Cañar, Chimborazo, Cotopaxi', 200.00, 'INFORME VIAJE MANTENIMIENTO POLARIS 2014\r\n\r\nInforme No: 16\r\n                                                                                                                   QUITO, 5 FEBRERO 2014\r\nFecha Salida: 28 de enero del 2014\r\nFecha Retorno: 31 de  enero del 2014\r\nTécnicos: Marco Llumiquinga, Galo Sinchiguano\r\nProvincias de Destino: COTOPAXI- CHIMBORAZO- AZOGUES-CANAR –TUNGURAHUA \r\nNro. De Vehículos realizado el cambio de aceite: 8 vehículos\r\nNro. De Vehículos reparados: 2 vehículos\r\nNro. De Vehículos inspecciones: 6 vehículos\r\n\r\n\r\nValor de Caja: \r\nHistorial de Mantenimientos:\r\n\r\n28 DE ENERO DEL 2014 (COTOPAXI)\r\nSalida de Quito a las 13:00 PM con destino a Latacunga realizar el  manteamiento  establecido en el cronograma de trabajo.\r\nÍtem	Lugar	Cantidad\r\n1	Mulliquidil	1\r\n\r\nObservación: en la provincia  de COTOPAXI .sin novedad.\r\nSalida  de la provincia de Mulliquidil  , para realizar las siguientes inspecciones a los siguientes vehículos ,\r\nCUATRO ESQUINA–(TUNGURAHUA), - YANAYUCO – TUNGURAHUA \r\n29 DE ENERO DEL 2014 (CHIMBORAZO)\r\nSe realiza  las siguientes inspecciones de trabajo  y se realiza el cambio de aceite:\r\nRIOBAMBA (CHIMBORAZO) - GUANO (CHIMBORAZO) - LOS  ANDES  (TUNGURAHUA ) GUASUNTOS  (CHIMBORAZO) - CHUNCHI (CHIMBORAZO).\r\nA los siguiente vehículo se le  realizó el cambio de aceite.\r\nÍtem	Lugar	Cantidad\r\n1	GUANO (CHIMBORAZO)	1\r\n2	CHUNCHI (CHIMBORAZO).	1\r\n\r\n\r\n\r\n\r\n\r\n30 DE ENERO DEL 2014 (CHIMBORAZO)\r\n\r\nSe realiza  las siguientes inspecciones de trabajo y se realiza el cambio de aceite:\r\nINGARPIRCA (CAÑAR)  CAÑAR (AZOQUEZ) CHOROCTERO (CAÑAR) AGUILAN (CAÑAR)\r\nAl siguiente vehículo se realizó el cambio de aceite.\r\nÍtem	Lugar	Cantidad\r\n1	INGARPIRCA (CAÑAR)  	1\r\n	CAÑAR (AZOQUEZ)	1\r\n2	CHOROCTERO (CAÑAR)	1\r\n\r\n\r\n31 DE ENERO DEL 2014 (AZOQUES)\r\nSe realiza  las siguientes inspecciones de trabajo y se realiza el cambio de aceite:\r\nLA TRONCAL (AZOQUEZ)  \r\nAl siguiente vehículo se realizó el cambio de aceite.\r\nÍtem	Lugar	Cantidad\r\n1	LA TRONCAL	1\r\n\r\n\r\n\r\n\r\n\r\n\r\n\r\n\r\n\r\n\r\n\r\n\r\n\r\n\r\n\r\n\r\n\r\n       __________________________                                      ¬¬__________________________  \r\n        TEC: MARCOS LLUMIQUINGA                                          TEC: GALO SINCHIGUANO\r\n\r\n', '2014-02-06 17:12:56'),
(17, '2014-02-10', '2014-02-13', 19, 'Cotopaxi, Tungurahua, Cañar', 0.00, '                       INFORME VIAJE MANTENIMIENTO POLARIS 2014\r\n\r\n                                                                                 Informe No: 17\r\n                                                                                                           QUITO, 13  FEBRERO 2014\r\nFecha Salida: 10 de febrero del 2014\r\nFecha Retorno: 13 de febrero del 2014\r\nTécnicos: Marco Llumiquinga, Galo Sinchiguano\r\nProvincias de Destino: COTOPAXI-TUNGURAHUA -CANAR – \r\nNro. De Vehículos realizado el cambio de aceite: 10 vehículos\r\nNro. De Vehículos reparados: 4 vehículos\r\nNro. De Vehículos inspecciones: 5 vehículos\r\n\r\nValor de Caja: \r\nHistorial de Mantenimientos:\r\n\r\n10 DE FEBRERO DEL 2014 (COTOPAXI)\r\nSalida de Quito a 6 30 AM  con destino a Latacunga para  realizar el  manteamiento  establecido en el cronograma de trabajo.\r\nA los siguientes vehículos se les realizo el Cambio de aceite\r\nÍtem\r\nLugar\r\nCantidad\r\n1\r\nLa victoria\r\n1\r\n2\r\nLas parcelas\r\n1\r\n3\r\nJosé guango bajo\r\n1\r\n4\r\nJuan Montalvo\r\n1\r\n5\r\nBelisario Quevedo\r\n1\r\n\r\nNos dirigimos a guangaje y realizamos un cambio del caucho guarda grasa, Cambio del filtro de aire principal  y líquido de frenos \r\nLuego nos dirigimos a la mana para pasar la noche \r\n11 DE FEBRERO DEL 2014\r\n A los siguientes vehículos se les realizo el Cambio de aceite\r\n6\r\nmoraspungo\r\n1\r\n7\r\nEl corazón\r\n1\r\n8\r\nEl corazón\r\n1\r\n\r\nNos dirigimos a Ambato  en   zamanca  realizamos la reparación  cambio de la banda principal que conecta el motor con el sistema de transmisión Luego nos dirigimos a Riobamba  para pasar la noche   \r\n12 DE FEBRERODEL 2014\r\nA los siguientes vehículos se les realizo el Cambio de aceite\r\n9\r\nLA TRONCAL\r\n1\r\n10\r\nLA TRONCAL\r\n1\r\nNos dirigimos a Riobamba a pasar la noche \r\n13 de febrero del 2014   Salimos dirección Ambato  en yanayacu realizamos una reparación\r\nNOVEDADES:\r\n\r\nAl siguiente vehículo en la provincia de COTOPAXI- TOACASO – VIN- 4XATH76A4D2291063\r\nSe le realizo una inspección Tiene dañado el velocímetro no enciende deben enviarlo a quito para su reparación y chequeo completo del sistema eléctrico\r\n\r\nAl siguiente vehículo en la provincia de COTOPAXI- LA VICTORIA – VIN- 4XATH76A4D2290713 se  realizó el cambio de aceite y del filtro de aire principal  OJO-ES EL 3ER CAMBIO DE ACEITE\r\n\r\nAl siguiente vehículo en la provincia de COTOPAXI-LAS PARCELAS– VIN- 4XATH76A4D317641\r\nSolo se le puso 2 litros de aceite y el tapón del aceite del  motor \r\n\r\nAl siguiente vehículo en la provincia de COTOPAXI.MORASPUNGO – VIN- 4XATH76A4D2290771\r\nSe realizó una inspección Tiene rota la barra de estabilidad\r\n \r\nAl siguiente vehículo en la provincia de COTOPAXI.MORASPUNGO – VIN- 4XATH76A4D2290771\r\nSe le realizó una inspección Tiene rota la barra de estabilidad\r\n\r\nLos siguientes vehículos en la provincia de COTOPAXI-EL CORAZON-VIN 4XATH76A5D2290794\r\nVIN-4XATH76A8D2290763 se le realizó, una inspección  tienen rota la barra de estabilidad   ojo la Ing. soledad Velásquez llevara las barras rotas a la oficina el viernes 14 de febrero a las 6,30 pm  0998012161 \r\n\r\nAl siguiente vehículo en la provincia de COTOPAXI.GUANGAJE–VIN-4XATH76A4D4317220\r\nSe le realizó una  reparación el caucho guarda grasa trasero izquierdo, cambio del filtro principal de aire, líquido de frenos\r\n\r\nAl siguiente vehículo en la provincia d TUNGURAHUA-YANAYACU- VIN- 4XATH76A9D2293204\r\nSe realizó la reparación calibración del cuerpo de aceleración y se le puso en la gasolina un aditivo  limpiador de inyectores \r\n\r\nAl siguiente vehículo en la provincia de TUNGURAHUA-SAMANGA- VIN- 4XATH76A9D2290755\r\nSe realizó la reparación, alineación de los discos donde va la banda, se instaló la banda nueva que conecta el motor con el sistema de transmisión\r\n\r\nAl siguiente vehículo en la provincia de AZOGUES  LA TRONCAL – VIN- 4XATH76A4D2290806\r\nSe le realizo reparación el caucho guarda grasa trasero derecho\r\n\r\nAl siguiente vehículo en la provincia de AZOGUES  LA TRONCAL – VIN- 4XATH76A4D4315575\r\nSe le realizo el cambio de aceite  OJO TODO LO QUE SE LE REALISE A ESTE VEHICULO TIENE COSTO PORQUE  PERDIO LA GARANTIA \r\n\r\nAl siguiente vehículo en la provincia de AZOGUES  LA TRONCAL – VIN- 4XATH76A4D4315591\r\nSe le realizó una inspección tiene salido el eje trasero derecho tiene dañado el estriado de la caja punto de unión con el eje. Este vehículo tienen que ser  enviarlo a quito para su reparación\r\n\r\n\r\n\r\n\r\n\r\n       __________________________                                      ­­__________________________  \r\n        TEC: MARCO LLUMIQUINGA                                          TEC: GALO SINCHIGUANO', '2014-04-02 17:23:54'),
(18, '2014-02-21', '2014-02-21', 2, 'Santo Domingo', 0.00, 'Falta informe de viaje\r\ndetalle de gastos', '2014-04-02 20:35:25'),
(19, '2014-03-10', '2014-04-13', 27, 'Tungurahua, Cotopaxi, Chimborazo, ', 0.00, 'Falta informe de viaje\r\ndetalle de gastos', '2014-04-02 21:05:53'),
(20, '2014-03-24', '2014-04-28', 28, 'Chimborazo, Tungurahua, Cañar, Bolivar, Cotopaxi', 0.00, 'Falta Informe de viaje\r\nFalta Informe de Gastos', '2014-04-03 18:57:08');

--
-- Restricciones para tablas volcadas
--

--
-- Filtros para la tabla `ciudad`
--
ALTER TABLE `ciudad`
  ADD CONSTRAINT `fk_ciudad_provincia` FOREIGN KEY (`id_provincia`) REFERENCES `provincia` (`id_provincia`) ON DELETE NO ACTION ON UPDATE CASCADE;

--
-- Filtros para la tabla `cliente`
--
ALTER TABLE `cliente`
  ADD CONSTRAINT `fk_cliente_ciudad` FOREIGN KEY (`id_ciudad`) REFERENCES `ciudad` (`id_ciudad`) ON UPDATE CASCADE,
  ADD CONSTRAINT `fk_cliente_contacto` FOREIGN KEY (`id_contacto`) REFERENCES `contacto` (`id_contacto`) ON UPDATE CASCADE;

--
-- Filtros para la tabla `compra`
--
ALTER TABLE `compra`
  ADD CONSTRAINT `fk_compra_inventario` FOREIGN KEY (`id_inventario`) REFERENCES `inventario` (`id_inventario`) ON UPDATE CASCADE,
  ADD CONSTRAINT `fk_compra_proveedor` FOREIGN KEY (`id_proveedor`) REFERENCES `proveedor` (`id_proveedor`) ON UPDATE CASCADE,
  ADD CONSTRAINT `fk_compra_tecnico` FOREIGN KEY (`id_tecnico`) REFERENCES `tecnico` (`id_tecnico`) ON UPDATE CASCADE;

--
-- Filtros para la tabla `contacto`
--
ALTER TABLE `contacto`
  ADD CONSTRAINT `fk_contacto_ciudad` FOREIGN KEY (`id_ciudad`) REFERENCES `ciudad` (`id_ciudad`) ON UPDATE CASCADE;

--
-- Filtros para la tabla `factura`
--
ALTER TABLE `factura`
  ADD CONSTRAINT `fk_factura_cliente` FOREIGN KEY (`id_cliente`) REFERENCES `cliente` (`id_cliente`) ON UPDATE CASCADE,
  ADD CONSTRAINT `fk_factura_contacto` FOREIGN KEY (`id_contacto`) REFERENCES `contacto` (`id_contacto`) ON UPDATE CASCADE;

--
-- Filtros para la tabla `factura_detalle`
--
ALTER TABLE `factura_detalle`
  ADD CONSTRAINT `fk_factura_detalle_factura` FOREIGN KEY (`id_factura`) REFERENCES `factura` (`id_factura`) ON UPDATE CASCADE;

--
-- Filtros para la tabla `gastos_viaje`
--
ALTER TABLE `gastos_viaje`
  ADD CONSTRAINT `fk_gastos_viaje_viaje` FOREIGN KEY (`id_viaje`) REFERENCES `viaje` (`id_viaje`) ON UPDATE CASCADE;

--
-- Filtros para la tabla `inspeccion`
--
ALTER TABLE `inspeccion`
  ADD CONSTRAINT `fk_inspeccion_ciudad` FOREIGN KEY (`id_ciudad`) REFERENCES `ciudad` (`id_ciudad`) ON UPDATE CASCADE,
  ADD CONSTRAINT `fk_inspeccion_contacto` FOREIGN KEY (`id_contacto`) REFERENCES `contacto` (`id_contacto`) ON UPDATE CASCADE,
  ADD CONSTRAINT `fk_inspeccion_tecnico` FOREIGN KEY (`id_tecnico`) REFERENCES `tecnico` (`id_tecnico`) ON UPDATE CASCADE,
  ADD CONSTRAINT `fk_inspeccion_vehiculo` FOREIGN KEY (`id_vehiculo`) REFERENCES `vehiculo` (`id_vehiculo`) ON UPDATE CASCADE;

--
-- Filtros para la tabla `mantenimiento`
--
ALTER TABLE `mantenimiento`
  ADD CONSTRAINT `fk_mantenimiento_ciudad` FOREIGN KEY (`id_ciudad`) REFERENCES `ciudad` (`id_ciudad`) ON UPDATE CASCADE,
  ADD CONSTRAINT `fk_mantenimiento_vehiculo` FOREIGN KEY (`id_vehiculo`) REFERENCES `vehiculo` (`id_vehiculo`) ON UPDATE CASCADE,
  ADD CONSTRAINT `fk_mantenimiento_viaje` FOREIGN KEY (`id_viaje`) REFERENCES `viaje` (`id_viaje`) ON UPDATE CASCADE;

--
-- Filtros para la tabla `mantenimiento_detalle`
--
ALTER TABLE `mantenimiento_detalle`
  ADD CONSTRAINT `fk_mantenimiento_detalle_inventario` FOREIGN KEY (`id_inventario`) REFERENCES `inventario` (`id_inventario`) ON UPDATE CASCADE,
  ADD CONSTRAINT `fk_mantenimiento_detalle_mantenimiento` FOREIGN KEY (`id_mantenimiento`) REFERENCES `mantenimiento` (`id_mantenimiento`) ON UPDATE CASCADE;

--
-- Filtros para la tabla `proveedor`
--
ALTER TABLE `proveedor`
  ADD CONSTRAINT `fk_proveedor_ciudad` FOREIGN KEY (`id_ciudad`) REFERENCES `ciudad` (`id_ciudad`) ON UPDATE CASCADE,
  ADD CONSTRAINT `fk_proveedor_contacto` FOREIGN KEY (`id_contacto`) REFERENCES `contacto` (`id_contacto`) ON UPDATE CASCADE;

--
-- Filtros para la tabla `reparacion`
--
ALTER TABLE `reparacion`
  ADD CONSTRAINT `fk_reparacion_ciudad` FOREIGN KEY (`id_ciudad`) REFERENCES `ciudad` (`id_ciudad`) ON UPDATE CASCADE,
  ADD CONSTRAINT `fk_reparacion_vehiculo` FOREIGN KEY (`id_vehiculo`) REFERENCES `vehiculo` (`id_vehiculo`) ON UPDATE CASCADE,
  ADD CONSTRAINT `fk_reparacion_viaje` FOREIGN KEY (`id_viaje`) REFERENCES `viaje` (`id_viaje`) ON UPDATE CASCADE;

--
-- Filtros para la tabla `reparacion_detalle`
--
ALTER TABLE `reparacion_detalle`
  ADD CONSTRAINT `fk_reparacion_detalle_inventario` FOREIGN KEY (`id_inventario`) REFERENCES `inventario` (`id_inventario`) ON UPDATE CASCADE,
  ADD CONSTRAINT `fk_reparacion_detalle_reparacion` FOREIGN KEY (`id_reparacion`) REFERENCES `reparacion` (`id_reparacion`) ON UPDATE CASCADE;

--
-- Filtros para la tabla `tecnico_viaje`
--
ALTER TABLE `tecnico_viaje`
  ADD CONSTRAINT `fk_tecnico_viaje` FOREIGN KEY (`id_viaje`) REFERENCES `viaje` (`id_viaje`) ON UPDATE CASCADE,
  ADD CONSTRAINT `fk_tecnico_viaje_tecnico` FOREIGN KEY (`id_tecnico`) REFERENCES `tecnico` (`id_tecnico`) ON UPDATE CASCADE;

--
-- Filtros para la tabla `vehiculo`
--
ALTER TABLE `vehiculo`
  ADD CONSTRAINT `fk_vehiculo_ciudad` FOREIGN KEY (`id_ciudad`) REFERENCES `ciudad` (`id_ciudad`) ON UPDATE CASCADE,
  ADD CONSTRAINT `fk_vehiculo_cliente` FOREIGN KEY (`id_cliente`) REFERENCES `cliente` (`id_cliente`) ON UPDATE CASCADE,
  ADD CONSTRAINT `fk_vehiculo_contacto` FOREIGN KEY (`id_contacto`) REFERENCES `contacto` (`id_contacto`) ON UPDATE CASCADE;

/*!40101 SET CHARACTER_SET_CLIENT=@OLD_CHARACTER_SET_CLIENT */;
/*!40101 SET CHARACTER_SET_RESULTS=@OLD_CHARACTER_SET_RESULTS */;
/*!40101 SET COLLATION_CONNECTION=@OLD_COLLATION_CONNECTION */;
